[0.052s] Invoking command in '/home/ironie/HornetXII_sims/build/dave_interfaces': CMAKE_PREFIX_PATH=${CMAKE_PREFIX_PATH}:/home/ironie/assignment3/install/assignment3:/opt/ros/jazzy DEBUGINFOD_URLS=https://debuginfod.ubuntu.com /usr/bin/cmake /home/ironie/HornetXII_sims/src/dave/dave_interfaces -DAMENT_CMAKE_SYMLINK_INSTALL=1 -DCMAKE_INSTALL_PREFIX=/home/ironie/HornetXII_sims/install/dave_interfaces
[0.304s] -- The C compiler identification is GNU 13.3.0
[1.085s] -- The CXX compiler identification is GNU 13.3.0
[1.836s] -- Detecting C compiler ABI info
[2.110s] -- Detecting C compiler ABI info - done
[2.126s] -- Check for working C compiler: /usr/bin/cc - skipped
[2.126s] -- Detecting C compile features
[2.127s] -- Detecting C compile features - done
[2.224s] -- Detecting CXX compiler ABI info
[2.492s] -- Detecting CXX compiler ABI info - done
[2.504s] -- Check for working CXX compiler: /usr/bin/c++ - skipped
[2.505s] -- Detecting CXX compile features
[2.505s] -- Detecting CXX compile features - done
[2.511s] -- Found ament_cmake: 2.5.6 (/opt/ros/jazzy/share/ament_cmake/cmake)
[2.776s] -- Found Python3: /usr/bin/python3 (found version "3.12.3") found components: Interpreter 
[2.905s] -- Override CMake install command with custom implementation using symlinks instead of copying resources
[2.991s] -- Found rclcpp: 28.1.22 (/opt/ros/jazzy/share/rclcpp/cmake)
[3.325s] -- Found rosidl_generator_c: 4.6.9 (/opt/ros/jazzy/share/rosidl_generator_c/cmake)
[3.367s] -- Found rosidl_generator_cpp: 4.6.9 (/opt/ros/jazzy/share/rosidl_generator_cpp/cmake)
[3.422s] -- Using all available rosidl_typesupport_c: rosidl_typesupport_fastrtps_c;rosidl_typesupport_introspection_c
[3.457s] -- Using all available rosidl_typesupport_cpp: rosidl_typesupport_fastrtps_cpp;rosidl_typesupport_introspection_cpp
[3.624s] -- Found rmw_implementation_cmake: 7.3.3 (/opt/ros/jazzy/share/rmw_implementation_cmake/cmake)
[3.632s] -- Found rmw_fastrtps_cpp: 8.4.4 (/opt/ros/jazzy/share/rmw_fastrtps_cpp/cmake)
[3.830s] -- Found OpenSSL: /usr/lib/x86_64-linux-gnu/libcrypto.so (found version "3.0.13")  
[4.063s] -- Found FastRTPS: /opt/ros/jazzy/include (Required is at least version "2.13") 
[4.163s] -- Using RMW implementation 'rmw_fastrtps_cpp' as default
[4.386s] -- Found std_msgs: 5.3.8 (/opt/ros/jazzy/share/std_msgs/cmake)
[4.407s] -- Found geometry_msgs: 5.3.8 (/opt/ros/jazzy/share/geometry_msgs/cmake)
[4.431s] -- Found rosidl_default_generators: 1.6.1 (/opt/ros/jazzy/share/rosidl_default_generators/cmake)
[4.474s] -- Found rosidl_adapter: 4.6.9 (/opt/ros/jazzy/share/rosidl_adapter/cmake)
[5.222s] -- Found ament_cmake_ros: 0.12.1 (/opt/ros/jazzy/share/ament_cmake_ros/cmake)
[6.065s] -- Using all available rosidl_typesupport_c: rosidl_typesupport_fastrtps_c;rosidl_typesupport_introspection_c
[6.400s] -- Using all available rosidl_typesupport_cpp: rosidl_typesupport_fastrtps_cpp;rosidl_typesupport_introspection_cpp
[6.404s] -- Found python_cmake_module: 0.11.1 (/opt/ros/jazzy/share/python_cmake_module/cmake)
[6.536s] -- Found PythonExtra: /usr/bin/python3  
[7.031s] -- Found Python3: /usr/bin/python3 (found version "3.12.3") found components: Interpreter Development NumPy Development.Module Development.Embed 
[7.150s] -- Found Python3: /usr/bin/python3 (found version "3.12.3") found components: Interpreter 
[7.172s] -- Configuring done (7.1s)
[7.273s] -- Generating done (0.1s)
[7.292s] -- Build files have been written to: /home/ironie/HornetXII_sims/build/dave_interfaces
[7.310s] Invoked command in '/home/ironie/HornetXII_sims/build/dave_interfaces' returned '0': CMAKE_PREFIX_PATH=${CMAKE_PREFIX_PATH}:/home/ironie/assignment3/install/assignment3:/opt/ros/jazzy DEBUGINFOD_URLS=https://debuginfod.ubuntu.com /usr/bin/cmake /home/ironie/HornetXII_sims/src/dave/dave_interfaces -DAMENT_CMAKE_SYMLINK_INSTALL=1 -DCMAKE_INSTALL_PREFIX=/home/ironie/HornetXII_sims/install/dave_interfaces
[7.312s] Invoking command in '/home/ironie/HornetXII_sims/build/dave_interfaces': CMAKE_PREFIX_PATH=${CMAKE_PREFIX_PATH}:/home/ironie/assignment3/install/assignment3:/opt/ros/jazzy DEBUGINFOD_URLS=https://debuginfod.ubuntu.com /usr/bin/cmake --build /home/ironie/HornetXII_sims/build/dave_interfaces -- -j12 -l12
[7.373s] [  1%] [34m[1mGenerating type hashes for ROS interfaces[0m
[7.376s] [  2%] [34m[1mGenerating Rust code for ROS interfaces[0m
[7.383s] [  2%] Built target ament_cmake_python_symlink_dave_interfaces
[7.635s] running egg_info
[7.636s] creating dave_interfaces.egg-info
[7.660s] writing dave_interfaces.egg-info/PKG-INFO
[7.660s] writing dependency_links to dave_interfaces.egg-info/dependency_links.txt
[7.660s] writing top-level names to dave_interfaces.egg-info/top_level.txt
[7.661s] writing manifest file 'dave_interfaces.egg-info/SOURCES.txt'
[7.729s] reading manifest file 'dave_interfaces.egg-info/SOURCES.txt'
[7.730s] writing manifest file 'dave_interfaces.egg-info/SOURCES.txt'
[7.762s] [  2%] Built target ament_cmake_python_build_dave_interfaces_egg
[8.274s] [  2%] Built target dave_interfaces__rosidl_generator_type_description
[8.287s] [  3%] [34m[1mGenerating C code for ROS interfaces[0m
[8.297s] [  3%] Built target dave_interfaces__rs
[8.300s] [  3%] [34m[1mGenerating C++ code for ROS interfaces[0m
[10.059s] [  3%] Built target dave_interfaces__cpp
[10.391s] [  3%] [32mBuilding C object CMakeFiles/dave_interfaces__rosidl_generator_c.dir/rosidl_generator_c/dave_interfaces/msg/detail/usbl_command__type_support.c.o[0m
[10.392s] [  3%] [32mBuilding C object CMakeFiles/dave_interfaces__rosidl_generator_c.dir/rosidl_generator_c/dave_interfaces/msg/detail/usbl_response__functions.c.o[0m
[10.392s] [  5%] [32mBuilding C object CMakeFiles/dave_interfaces__rosidl_generator_c.dir/rosidl_generator_c/dave_interfaces/msg/detail/usbl_command__functions.c.o[0m
[10.392s] [  5%] [32mBuilding C object CMakeFiles/dave_interfaces__rosidl_generator_c.dir/rosidl_generator_c/dave_interfaces/msg/detail/usbl_response__description.c.o[0m
[10.392s] [  5%] [32mBuilding C object CMakeFiles/dave_interfaces__rosidl_generator_c.dir/rosidl_generator_c/dave_interfaces/msg/detail/location__description.c.o[0m
[10.392s] [  6%] [32mBuilding C object CMakeFiles/dave_interfaces__rosidl_generator_c.dir/rosidl_generator_c/dave_interfaces/msg/detail/location__functions.c.o[0m
[10.392s] [  6%] [32mBuilding C object CMakeFiles/dave_interfaces__rosidl_generator_c.dir/rosidl_generator_c/dave_interfaces/msg/detail/usbl_command__description.c.o[0m
[10.392s] [  7%] [32mBuilding C object CMakeFiles/dave_interfaces__rosidl_generator_c.dir/rosidl_generator_c/dave_interfaces/msg/detail/usbl_response__type_support.c.o[0m
[10.396s] [  8%] [32mBuilding C object CMakeFiles/dave_interfaces__rosidl_generator_c.dir/rosidl_generator_c/dave_interfaces/msg/detail/location__type_support.c.o[0m
[10.396s] [  8%] [32mBuilding C object CMakeFiles/dave_interfaces__rosidl_generator_c.dir/rosidl_generator_c/dave_interfaces/msg/detail/dvl__description.c.o[0m
[10.403s] [  8%] [32mBuilding C object CMakeFiles/dave_interfaces__rosidl_generator_c.dir/rosidl_generator_c/dave_interfaces/msg/detail/dvl__functions.c.o[0m
[10.404s] [  9%] [32mBuilding C object CMakeFiles/dave_interfaces__rosidl_generator_c.dir/rosidl_generator_c/dave_interfaces/msg/detail/dvl__type_support.c.o[0m
[10.443s] [  9%] [32mBuilding C object CMakeFiles/dave_interfaces__rosidl_generator_c.dir/rosidl_generator_c/dave_interfaces/msg/detail/dvl_beam__description.c.o[0m
[10.446s] [ 10%] [32mBuilding C object CMakeFiles/dave_interfaces__rosidl_generator_c.dir/rosidl_generator_c/dave_interfaces/msg/detail/dvl_beam__functions.c.o[0m
[10.451s] [ 10%] [32mBuilding C object CMakeFiles/dave_interfaces__rosidl_generator_c.dir/rosidl_generator_c/dave_interfaces/msg/detail/dvl_beam__type_support.c.o[0m
[10.454s] [ 11%] [32mBuilding C object CMakeFiles/dave_interfaces__rosidl_generator_c.dir/rosidl_generator_c/dave_interfaces/msg/detail/dvl_target__description.c.o[0m
[10.455s] [ 11%] [32mBuilding C object CMakeFiles/dave_interfaces__rosidl_generator_c.dir/rosidl_generator_c/dave_interfaces/msg/detail/dvl_target__functions.c.o[0m
[10.459s] [ 11%] [32mBuilding C object CMakeFiles/dave_interfaces__rosidl_generator_c.dir/rosidl_generator_c/dave_interfaces/msg/detail/stratified_current_velocity__description.c.o[0m
[10.460s] [ 12%] [32mBuilding C object CMakeFiles/dave_interfaces__rosidl_generator_c.dir/rosidl_generator_c/dave_interfaces/msg/detail/dvl_target__type_support.c.o[0m
[10.475s] [ 13%] [32mBuilding C object CMakeFiles/dave_interfaces__rosidl_generator_c.dir/rosidl_generator_c/dave_interfaces/msg/detail/stratified_current_velocity__functions.c.o[0m
[10.477s] [ 13%] [32mBuilding C object CMakeFiles/dave_interfaces__rosidl_generator_c.dir/rosidl_generator_c/dave_interfaces/msg/detail/stratified_current_velocity__type_support.c.o[0m
[10.482s] [ 14%] [32mBuilding C object CMakeFiles/dave_interfaces__rosidl_generator_c.dir/rosidl_generator_c/dave_interfaces/msg/detail/stratified_current_database__description.c.o[0m
[10.494s] [ 14%] [32mBuilding C object CMakeFiles/dave_interfaces__rosidl_generator_c.dir/rosidl_generator_c/dave_interfaces/msg/detail/stratified_current_database__functions.c.o[0m
[10.501s] [ 15%] [32mBuilding C object CMakeFiles/dave_interfaces__rosidl_generator_c.dir/rosidl_generator_c/dave_interfaces/msg/detail/stratified_current_database__type_support.c.o[0m
[10.503s] [ 15%] [32mBuilding C object CMakeFiles/dave_interfaces__rosidl_generator_c.dir/rosidl_generator_c/dave_interfaces/srv/detail/set_origin_spherical_coord__description.c.o[0m
[10.515s] [ 16%] [32mBuilding C object CMakeFiles/dave_interfaces__rosidl_generator_c.dir/rosidl_generator_c/dave_interfaces/srv/detail/set_origin_spherical_coord__functions.c.o[0m
[10.516s] [ 16%] [32mBuilding C object CMakeFiles/dave_interfaces__rosidl_generator_c.dir/rosidl_generator_c/dave_interfaces/srv/detail/set_origin_spherical_coord__type_support.c.o[0m
[10.520s] [ 17%] [32mBuilding C object CMakeFiles/dave_interfaces__rosidl_generator_c.dir/rosidl_generator_c/dave_interfaces/srv/detail/get_origin_spherical_coord__functions.c.o[0m
[10.520s] [ 17%] [32mBuilding C object CMakeFiles/dave_interfaces__rosidl_generator_c.dir/rosidl_generator_c/dave_interfaces/srv/detail/get_origin_spherical_coord__description.c.o[0m
[10.527s] [ 18%] [32mBuilding C object CMakeFiles/dave_interfaces__rosidl_generator_c.dir/rosidl_generator_c/dave_interfaces/srv/detail/transform_to_spherical_coord__description.c.o[0m
[10.527s] [ 18%] [32mBuilding C object CMakeFiles/dave_interfaces__rosidl_generator_c.dir/rosidl_generator_c/dave_interfaces/srv/detail/get_origin_spherical_coord__type_support.c.o[0m
[10.541s] [ 19%] [32mBuilding C object CMakeFiles/dave_interfaces__rosidl_generator_c.dir/rosidl_generator_c/dave_interfaces/srv/detail/transform_to_spherical_coord__functions.c.o[0m
[10.559s] [ 19%] [32mBuilding C object CMakeFiles/dave_interfaces__rosidl_generator_c.dir/rosidl_generator_c/dave_interfaces/srv/detail/transform_to_spherical_coord__type_support.c.o[0m
[10.561s] [ 20%] [32mBuilding C object CMakeFiles/dave_interfaces__rosidl_generator_c.dir/rosidl_generator_c/dave_interfaces/srv/detail/transform_from_spherical_coord__description.c.o[0m
[10.565s] [ 20%] [32mBuilding C object CMakeFiles/dave_interfaces__rosidl_generator_c.dir/rosidl_generator_c/dave_interfaces/srv/detail/transform_from_spherical_coord__functions.c.o[0m
[10.571s] [ 21%] [32mBuilding C object CMakeFiles/dave_interfaces__rosidl_generator_c.dir/rosidl_generator_c/dave_interfaces/srv/detail/transform_from_spherical_coord__type_support.c.o[0m
[10.585s] [ 21%] [32mBuilding C object CMakeFiles/dave_interfaces__rosidl_generator_c.dir/rosidl_generator_c/dave_interfaces/srv/detail/get_current_model__description.c.o[0m
[10.585s] [ 22%] [32mBuilding C object CMakeFiles/dave_interfaces__rosidl_generator_c.dir/rosidl_generator_c/dave_interfaces/srv/detail/get_current_model__functions.c.o[0m
[10.596s] [ 22%] [32mBuilding C object CMakeFiles/dave_interfaces__rosidl_generator_c.dir/rosidl_generator_c/dave_interfaces/srv/detail/get_current_model__type_support.c.o[0m
[10.613s] [ 22%] [32mBuilding C object CMakeFiles/dave_interfaces__rosidl_generator_c.dir/rosidl_generator_c/dave_interfaces/srv/detail/set_current_model__description.c.o[0m
[10.613s] [ 23%] [32mBuilding C object CMakeFiles/dave_interfaces__rosidl_generator_c.dir/rosidl_generator_c/dave_interfaces/srv/detail/set_current_model__functions.c.o[0m
[10.622s] [ 23%] [32mBuilding C object CMakeFiles/dave_interfaces__rosidl_generator_c.dir/rosidl_generator_c/dave_interfaces/srv/detail/set_current_model__type_support.c.o[0m
[10.637s] [ 25%] [32mBuilding C object CMakeFiles/dave_interfaces__rosidl_generator_c.dir/rosidl_generator_c/dave_interfaces/srv/detail/set_current_direction__description.c.o[0m
[10.637s] [ 25%] [32mBuilding C object CMakeFiles/dave_interfaces__rosidl_generator_c.dir/rosidl_generator_c/dave_interfaces/srv/detail/set_current_direction__functions.c.o[0m
[10.637s] [ 25%] [32mBuilding C object CMakeFiles/dave_interfaces__rosidl_generator_c.dir/rosidl_generator_c/dave_interfaces/srv/detail/set_current_direction__type_support.c.o[0m
[10.658s] [ 25%] [32mBuilding C object CMakeFiles/dave_interfaces__rosidl_generator_c.dir/rosidl_generator_c/dave_interfaces/srv/detail/set_current_velocity__description.c.o[0m
[10.662s] [ 26%] [32mBuilding C object CMakeFiles/dave_interfaces__rosidl_generator_c.dir/rosidl_generator_c/dave_interfaces/srv/detail/set_current_velocity__functions.c.o[0m
[10.669s] [ 26%] [32mBuilding C object CMakeFiles/dave_interfaces__rosidl_generator_c.dir/rosidl_generator_c/dave_interfaces/srv/detail/set_current_velocity__type_support.c.o[0m
[10.670s] [ 27%] [32mBuilding C object CMakeFiles/dave_interfaces__rosidl_generator_c.dir/rosidl_generator_c/dave_interfaces/srv/detail/set_stratified_current_velocity__description.c.o[0m
[10.675s] [ 27%] [32mBuilding C object CMakeFiles/dave_interfaces__rosidl_generator_c.dir/rosidl_generator_c/dave_interfaces/srv/detail/set_stratified_current_velocity__functions.c.o[0m
[10.687s] [ 28%] [32mBuilding C object CMakeFiles/dave_interfaces__rosidl_generator_c.dir/rosidl_generator_c/dave_interfaces/srv/detail/set_stratified_current_velocity__type_support.c.o[0m
[10.691s] [ 28%] [32mBuilding C object CMakeFiles/dave_interfaces__rosidl_generator_c.dir/rosidl_generator_c/dave_interfaces/srv/detail/set_stratified_current_direction__description.c.o[0m
[10.694s] [ 29%] [32mBuilding C object CMakeFiles/dave_interfaces__rosidl_generator_c.dir/rosidl_generator_c/dave_interfaces/srv/detail/set_stratified_current_direction__functions.c.o[0m
[10.709s] [ 29%] [32mBuilding C object CMakeFiles/dave_interfaces__rosidl_generator_c.dir/rosidl_generator_c/dave_interfaces/srv/detail/set_stratified_current_direction__type_support.c.o[0m
[10.782s] [ 30%] [32m[1mLinking C shared library libdave_interfaces__rosidl_generator_c.so[0m
[10.913s] [ 30%] Built target dave_interfaces__rosidl_generator_c
[10.923s] [ 31%] [34m[1mGenerating C++ type support for eProsima Fast-RTPS[0m
[10.923s] [ 31%] [34m[1mGenerating C type support dispatch for ROS interfaces[0m
[10.924s] [ 31%] [34m[1mGenerating C type support for eProsima Fast-RTPS[0m
[10.924s] [ 31%] [34m[1mGenerating C introspection for ROS interfaces[0m
[10.925s] [ 32%] [34m[1mGenerating C++ type support dispatch for ROS interfaces[0m
[10.925s] [ 33%] [34m[1mGenerating C++ introspection for ROS interfaces[0m
[12.313s] [ 35%] [32mBuilding CXX object CMakeFiles/dave_interfaces__rosidl_typesupport_c.dir/rosidl_typesupport_c/dave_interfaces/msg/location__type_support.cpp.o[0m
[12.315s] [ 35%] [32mBuilding CXX object CMakeFiles/dave_interfaces__rosidl_typesupport_c.dir/rosidl_typesupport_c/dave_interfaces/msg/usbl_command__type_support.cpp.o[0m
[12.318s] [ 35%] [32mBuilding CXX object CMakeFiles/dave_interfaces__rosidl_typesupport_c.dir/rosidl_typesupport_c/dave_interfaces/msg/dvl_beam__type_support.cpp.o[0m
[12.319s] [ 35%] [32mBuilding CXX object CMakeFiles/dave_interfaces__rosidl_typesupport_c.dir/rosidl_typesupport_c/dave_interfaces/msg/dvl__type_support.cpp.o[0m
[12.319s] [ 35%] [32mBuilding CXX object CMakeFiles/dave_interfaces__rosidl_typesupport_c.dir/rosidl_typesupport_c/dave_interfaces/msg/usbl_response__type_support.cpp.o[0m
[12.319s] [ 36%] [32mBuilding CXX object CMakeFiles/dave_interfaces__rosidl_typesupport_c.dir/rosidl_typesupport_c/dave_interfaces/msg/stratified_current_velocity__type_support.cpp.o[0m
[12.320s] [ 36%] [32mBuilding CXX object CMakeFiles/dave_interfaces__rosidl_typesupport_c.dir/rosidl_typesupport_c/dave_interfaces/msg/dvl_target__type_support.cpp.o[0m
[12.383s] [ 36%] [32mBuilding CXX object CMakeFiles/dave_interfaces__rosidl_typesupport_c.dir/rosidl_typesupport_c/dave_interfaces/srv/set_origin_spherical_coord__type_support.cpp.o[0m
[12.387s] [ 37%] [32mBuilding CXX object CMakeFiles/dave_interfaces__rosidl_typesupport_c.dir/rosidl_typesupport_c/dave_interfaces/msg/stratified_current_database__type_support.cpp.o[0m
[12.390s] [ 38%] [32mBuilding CXX object CMakeFiles/dave_interfaces__rosidl_typesupport_c.dir/rosidl_typesupport_c/dave_interfaces/srv/get_origin_spherical_coord__type_support.cpp.o[0m
[12.397s] [ 38%] [32mBuilding CXX object CMakeFiles/dave_interfaces__rosidl_typesupport_c.dir/rosidl_typesupport_c/dave_interfaces/srv/transform_to_spherical_coord__type_support.cpp.o[0m
[12.398s] [ 39%] [32mBuilding CXX object CMakeFiles/dave_interfaces__rosidl_typesupport_c.dir/rosidl_typesupport_c/dave_interfaces/srv/transform_from_spherical_coord__type_support.cpp.o[0m
[12.398s] [ 39%] [32mBuilding CXX object CMakeFiles/dave_interfaces__rosidl_typesupport_c.dir/rosidl_typesupport_c/dave_interfaces/srv/get_current_model__type_support.cpp.o[0m
[12.400s] [ 40%] [32mBuilding CXX object CMakeFiles/dave_interfaces__rosidl_typesupport_c.dir/rosidl_typesupport_c/dave_interfaces/srv/set_current_model__type_support.cpp.o[0m
[12.461s] [ 40%] [32mBuilding CXX object CMakeFiles/dave_interfaces__rosidl_typesupport_c.dir/rosidl_typesupport_c/dave_interfaces/srv/set_current_direction__type_support.cpp.o[0m
[12.470s] [ 41%] [32mBuilding CXX object CMakeFiles/dave_interfaces__rosidl_typesupport_c.dir/rosidl_typesupport_c/dave_interfaces/srv/set_current_velocity__type_support.cpp.o[0m
[12.486s] [ 42%] [32mBuilding CXX object CMakeFiles/dave_interfaces__rosidl_typesupport_c.dir/rosidl_typesupport_c/dave_interfaces/srv/set_stratified_current_direction__type_support.cpp.o[0m
[12.486s] [ 42%] [32mBuilding CXX object CMakeFiles/dave_interfaces__rosidl_typesupport_c.dir/rosidl_typesupport_c/dave_interfaces/srv/set_stratified_current_velocity__type_support.cpp.o[0m
[12.523s] [ 42%] [32mBuilding CXX object CMakeFiles/dave_interfaces__rosidl_typesupport_cpp.dir/rosidl_typesupport_cpp/dave_interfaces/msg/usbl_command__type_support.cpp.o[0m
[12.523s] [ 43%] [32mBuilding CXX object CMakeFiles/dave_interfaces__rosidl_typesupport_cpp.dir/rosidl_typesupport_cpp/dave_interfaces/msg/usbl_response__type_support.cpp.o[0m
[12.526s] [ 43%] [32mBuilding CXX object CMakeFiles/dave_interfaces__rosidl_typesupport_cpp.dir/rosidl_typesupport_cpp/dave_interfaces/msg/location__type_support.cpp.o[0m
[12.528s] [ 44%] [32mBuilding CXX object CMakeFiles/dave_interfaces__rosidl_typesupport_cpp.dir/rosidl_typesupport_cpp/dave_interfaces/msg/dvl__type_support.cpp.o[0m
[12.534s] [ 44%] [32mBuilding CXX object CMakeFiles/dave_interfaces__rosidl_typesupport_cpp.dir/rosidl_typesupport_cpp/dave_interfaces/msg/dvl_beam__type_support.cpp.o[0m
[12.539s] [ 45%] [32mBuilding CXX object CMakeFiles/dave_interfaces__rosidl_typesupport_cpp.dir/rosidl_typesupport_cpp/dave_interfaces/msg/dvl_target__type_support.cpp.o[0m
[12.546s] [ 45%] [32mBuilding CXX object CMakeFiles/dave_interfaces__rosidl_typesupport_cpp.dir/rosidl_typesupport_cpp/dave_interfaces/msg/stratified_current_velocity__type_support.cpp.o[0m
[12.547s] [ 45%] [32m[1mLinking CXX shared library libdave_interfaces__rosidl_typesupport_c.so[0m
[12.885s] [ 45%] Built target dave_interfaces__rosidl_typesupport_c
[12.907s] [ 46%] [32mBuilding CXX object CMakeFiles/dave_interfaces__rosidl_typesupport_cpp.dir/rosidl_typesupport_cpp/dave_interfaces/msg/stratified_current_database__type_support.cpp.o[0m
[13.203s] [ 46%] [32mBuilding CXX object CMakeFiles/dave_interfaces__rosidl_typesupport_cpp.dir/rosidl_typesupport_cpp/dave_interfaces/srv/set_origin_spherical_coord__type_support.cpp.o[0m
[13.207s] [ 47%] [32mBuilding CXX object CMakeFiles/dave_interfaces__rosidl_typesupport_cpp.dir/rosidl_typesupport_cpp/dave_interfaces/srv/get_origin_spherical_coord__type_support.cpp.o[0m
[13.225s] [ 48%] [32mBuilding CXX object CMakeFiles/dave_interfaces__rosidl_typesupport_cpp.dir/rosidl_typesupport_cpp/dave_interfaces/srv/transform_from_spherical_coord__type_support.cpp.o[0m
[13.225s] [ 48%] [32mBuilding CXX object CMakeFiles/dave_interfaces__rosidl_typesupport_cpp.dir/rosidl_typesupport_cpp/dave_interfaces/srv/transform_to_spherical_coord__type_support.cpp.o[0m
[13.262s] [ 48%] [32mBuilding CXX object CMakeFiles/dave_interfaces__rosidl_typesupport_cpp.dir/rosidl_typesupport_cpp/dave_interfaces/srv/get_current_model__type_support.cpp.o[0m
[13.306s] [ 49%] [32mBuilding CXX object CMakeFiles/dave_interfaces__rosidl_typesupport_cpp.dir/rosidl_typesupport_cpp/dave_interfaces/srv/set_current_model__type_support.cpp.o[0m
[13.318s] [ 49%] [32mBuilding CXX object CMakeFiles/dave_interfaces__rosidl_typesupport_cpp.dir/rosidl_typesupport_cpp/dave_interfaces/srv/set_current_direction__type_support.cpp.o[0m
[13.386s] [ 49%] [32mBuilding CXX object CMakeFiles/dave_interfaces__rosidl_typesupport_introspection_cpp.dir/rosidl_typesupport_introspection_cpp/dave_interfaces/msg/detail/usbl_command__type_support.cpp.o[0m
[13.546s] [ 50%] [32mBuilding CXX object CMakeFiles/dave_interfaces__rosidl_typesupport_cpp.dir/rosidl_typesupport_cpp/dave_interfaces/srv/set_current_velocity__type_support.cpp.o[0m
[13.663s] [ 51%] [32mBuilding C object CMakeFiles/dave_interfaces__rosidl_typesupport_introspection_c.dir/rosidl_typesupport_introspection_c/dave_interfaces/msg/detail/usbl_command__type_support.c.o[0m
[13.759s] [ 51%] [32mBuilding C object CMakeFiles/dave_interfaces__rosidl_typesupport_introspection_c.dir/rosidl_typesupport_introspection_c/dave_interfaces/msg/detail/usbl_response__type_support.c.o[0m
[13.846s] [ 52%] [32mBuilding C object CMakeFiles/dave_interfaces__rosidl_typesupport_introspection_c.dir/rosidl_typesupport_introspection_c/dave_interfaces/msg/detail/location__type_support.c.o[0m
[13.931s] [ 52%] [32mBuilding C object CMakeFiles/dave_interfaces__rosidl_typesupport_introspection_c.dir/rosidl_typesupport_introspection_c/dave_interfaces/msg/detail/dvl__type_support.c.o[0m
[13.955s] [ 54%] [32mBuilding CXX object CMakeFiles/dave_interfaces__rosidl_typesupport_introspection_cpp.dir/rosidl_typesupport_introspection_cpp/dave_interfaces/msg/detail/usbl_response__type_support.cpp.o[0m
[13.955s] [ 54%] [32mBuilding C object CMakeFiles/dave_interfaces__rosidl_typesupport_introspection_c.dir/rosidl_typesupport_introspection_c/dave_interfaces/msg/detail/dvl_beam__type_support.c.o[0m
[13.960s] [ 54%] [32mBuilding CXX object CMakeFiles/dave_interfaces__rosidl_typesupport_cpp.dir/rosidl_typesupport_cpp/dave_interfaces/srv/set_stratified_current_velocity__type_support.cpp.o[0m
[14.028s] [ 54%] [32mBuilding CXX object CMakeFiles/dave_interfaces__rosidl_typesupport_introspection_cpp.dir/rosidl_typesupport_introspection_cpp/dave_interfaces/msg/detail/location__type_support.cpp.o[0m
[14.031s] [ 54%] [32mBuilding C object CMakeFiles/dave_interfaces__rosidl_typesupport_introspection_c.dir/rosidl_typesupport_introspection_c/dave_interfaces/msg/detail/dvl_target__type_support.c.o[0m
[14.035s] [ 54%] [32mBuilding C object CMakeFiles/dave_interfaces__rosidl_typesupport_introspection_c.dir/rosidl_typesupport_introspection_c/dave_interfaces/msg/detail/stratified_current_velocity__type_support.c.o[0m
[14.064s] [ 55%] [32mBuilding CXX object CMakeFiles/dave_interfaces__rosidl_typesupport_introspection_cpp.dir/rosidl_typesupport_introspection_cpp/dave_interfaces/msg/detail/dvl__type_support.cpp.o[0m
[14.100s] [ 56%] [32mBuilding CXX object CMakeFiles/dave_interfaces__rosidl_typesupport_cpp.dir/rosidl_typesupport_cpp/dave_interfaces/srv/set_stratified_current_direction__type_support.cpp.o[0m
[14.111s] [ 56%] [32mBuilding CXX object CMakeFiles/dave_interfaces__rosidl_typesupport_introspection_cpp.dir/rosidl_typesupport_introspection_cpp/dave_interfaces/msg/detail/dvl_beam__type_support.cpp.o[0m
[14.117s] [ 57%] [32mBuilding C object CMakeFiles/dave_interfaces__rosidl_typesupport_introspection_c.dir/rosidl_typesupport_introspection_c/dave_interfaces/msg/detail/stratified_current_database__type_support.c.o[0m
[14.198s] [ 58%] [32mBuilding CXX object CMakeFiles/dave_interfaces__rosidl_typesupport_introspection_cpp.dir/rosidl_typesupport_introspection_cpp/dave_interfaces/msg/detail/dvl_target__type_support.cpp.o[0m
[14.213s] [ 58%] [32mBuilding C object CMakeFiles/dave_interfaces__rosidl_typesupport_introspection_c.dir/rosidl_typesupport_introspection_c/dave_interfaces/srv/detail/set_origin_spherical_coord__type_support.c.o[0m
[14.245s] [ 58%] [32mBuilding CXX object CMakeFiles/dave_interfaces__rosidl_typesupport_introspection_cpp.dir/rosidl_typesupport_introspection_cpp/dave_interfaces/msg/detail/stratified_current_velocity__type_support.cpp.o[0m
[14.317s] [ 59%] [32mBuilding C object CMakeFiles/dave_interfaces__rosidl_typesupport_introspection_c.dir/rosidl_typesupport_introspection_c/dave_interfaces/srv/detail/get_origin_spherical_coord__type_support.c.o[0m
[14.436s] [ 59%] [32mBuilding C object CMakeFiles/dave_interfaces__rosidl_typesupport_introspection_c.dir/rosidl_typesupport_introspection_c/dave_interfaces/srv/detail/transform_to_spherical_coord__type_support.c.o[0m
[14.479s] [ 60%] [32mBuilding CXX object CMakeFiles/dave_interfaces__rosidl_typesupport_introspection_cpp.dir/rosidl_typesupport_introspection_cpp/dave_interfaces/msg/detail/stratified_current_database__type_support.cpp.o[0m
[14.537s] [ 61%] [32mBuilding C object CMakeFiles/dave_interfaces__rosidl_typesupport_introspection_c.dir/rosidl_typesupport_introspection_c/dave_interfaces/srv/detail/transform_from_spherical_coord__type_support.c.o[0m
[14.587s] [ 61%] [32mBuilding C object CMakeFiles/dave_interfaces__rosidl_typesupport_introspection_c.dir/rosidl_typesupport_introspection_c/dave_interfaces/srv/detail/get_current_model__type_support.c.o[0m
[14.627s] [ 61%] [32mBuilding CXX object CMakeFiles/dave_interfaces__rosidl_typesupport_introspection_cpp.dir/rosidl_typesupport_introspection_cpp/dave_interfaces/srv/detail/set_origin_spherical_coord__type_support.cpp.o[0m
[14.665s] [ 62%] [32mBuilding CXX object CMakeFiles/dave_interfaces__rosidl_typesupport_fastrtps_cpp.dir/rosidl_typesupport_fastrtps_cpp/dave_interfaces/msg/detail/dds_fastrtps/usbl_command__type_support.cpp.o[0m
[14.668s] [ 63%] [32mBuilding C object CMakeFiles/dave_interfaces__rosidl_typesupport_introspection_c.dir/rosidl_typesupport_introspection_c/dave_interfaces/srv/detail/set_current_model__type_support.c.o[0m
[14.690s] [ 63%] [32mBuilding CXX object CMakeFiles/dave_interfaces__rosidl_typesupport_fastrtps_cpp.dir/rosidl_typesupport_fastrtps_cpp/dave_interfaces/msg/detail/dds_fastrtps/usbl_response__type_support.cpp.o[0m
[14.718s] [ 63%] [32mBuilding C object CMakeFiles/dave_interfaces__rosidl_typesupport_introspection_c.dir/rosidl_typesupport_introspection_c/dave_interfaces/srv/detail/set_current_direction__type_support.c.o[0m
[14.756s] [ 64%] [32mBuilding CXX object CMakeFiles/dave_interfaces__rosidl_typesupport_introspection_cpp.dir/rosidl_typesupport_introspection_cpp/dave_interfaces/srv/detail/get_origin_spherical_coord__type_support.cpp.o[0m
[14.763s] [ 64%] [32mBuilding CXX object CMakeFiles/dave_interfaces__rosidl_typesupport_introspection_cpp.dir/rosidl_typesupport_introspection_cpp/dave_interfaces/srv/detail/transform_to_spherical_coord__type_support.cpp.o[0m
[14.789s] [ 65%] [32mBuilding CXX object CMakeFiles/dave_interfaces__rosidl_typesupport_fastrtps_cpp.dir/rosidl_typesupport_fastrtps_cpp/dave_interfaces/msg/detail/dds_fastrtps/location__type_support.cpp.o[0m
[14.802s] [ 65%] [32mBuilding CXX object CMakeFiles/dave_interfaces__rosidl_typesupport_fastrtps_cpp.dir/rosidl_typesupport_fastrtps_cpp/dave_interfaces/msg/detail/dds_fastrtps/dvl__type_support.cpp.o[0m
[14.807s] [ 66%] [32mBuilding C object CMakeFiles/dave_interfaces__rosidl_typesupport_introspection_c.dir/rosidl_typesupport_introspection_c/dave_interfaces/srv/detail/set_current_velocity__type_support.c.o[0m
[14.877s] [ 66%] [32m[1mLinking CXX shared library libdave_interfaces__rosidl_typesupport_cpp.so[0m
[14.893s] [ 66%] [32mBuilding C object CMakeFiles/dave_interfaces__rosidl_typesupport_introspection_c.dir/rosidl_typesupport_introspection_c/dave_interfaces/srv/detail/set_stratified_current_velocity__type_support.c.o[0m
[14.983s] [ 67%] [32mBuilding C object CMakeFiles/dave_interfaces__rosidl_typesupport_introspection_c.dir/rosidl_typesupport_introspection_c/dave_interfaces/srv/detail/set_stratified_current_direction__type_support.c.o[0m
[15.042s] [ 68%] [32mBuilding CXX object CMakeFiles/dave_interfaces__rosidl_typesupport_introspection_cpp.dir/rosidl_typesupport_introspection_cpp/dave_interfaces/srv/detail/transform_from_spherical_coord__type_support.cpp.o[0m
[15.071s] [ 68%] [32mBuilding CXX object CMakeFiles/dave_interfaces__rosidl_typesupport_fastrtps_c.dir/rosidl_typesupport_fastrtps_c/dave_interfaces/msg/detail/usbl_command__type_support_c.cpp.o[0m
[15.073s] [ 68%] [32m[1mLinking C shared library libdave_interfaces__rosidl_typesupport_introspection_c.so[0m
[15.264s] [ 69%] [32mBuilding CXX object CMakeFiles/dave_interfaces__rosidl_typesupport_fastrtps_c.dir/rosidl_typesupport_fastrtps_c/dave_interfaces/msg/detail/usbl_response__type_support_c.cpp.o[0m
[15.267s] [ 69%] Built target dave_interfaces__rosidl_typesupport_cpp
[15.282s] [ 70%] [32mBuilding CXX object CMakeFiles/dave_interfaces__rosidl_typesupport_fastrtps_cpp.dir/rosidl_typesupport_fastrtps_cpp/dave_interfaces/msg/detail/dds_fastrtps/dvl_beam__type_support.cpp.o[0m
[15.321s] [ 70%] Built target dave_interfaces__rosidl_typesupport_introspection_c
[15.345s] [ 70%] [32mBuilding CXX object CMakeFiles/dave_interfaces__rosidl_typesupport_fastrtps_cpp.dir/rosidl_typesupport_fastrtps_cpp/dave_interfaces/msg/detail/dds_fastrtps/dvl_target__type_support.cpp.o[0m
[15.451s] [ 70%] [32mBuilding CXX object CMakeFiles/dave_interfaces__rosidl_typesupport_introspection_cpp.dir/rosidl_typesupport_introspection_cpp/dave_interfaces/srv/detail/get_current_model__type_support.cpp.o[0m
[15.500s] [ 70%] [32mBuilding CXX object CMakeFiles/dave_interfaces__rosidl_typesupport_fastrtps_c.dir/rosidl_typesupport_fastrtps_c/dave_interfaces/msg/detail/location__type_support_c.cpp.o[0m
[15.593s] [ 71%] [32mBuilding CXX object CMakeFiles/dave_interfaces__rosidl_typesupport_introspection_cpp.dir/rosidl_typesupport_introspection_cpp/dave_interfaces/srv/detail/set_current_model__type_support.cpp.o[0m
[15.593s] [ 72%] [32mBuilding CXX object CMakeFiles/dave_interfaces__rosidl_typesupport_fastrtps_cpp.dir/rosidl_typesupport_fastrtps_cpp/dave_interfaces/msg/detail/dds_fastrtps/stratified_current_velocity__type_support.cpp.o[0m
[15.619s] [ 73%] [32mBuilding CXX object CMakeFiles/dave_interfaces__rosidl_typesupport_fastrtps_c.dir/rosidl_typesupport_fastrtps_c/dave_interfaces/msg/detail/dvl__type_support_c.cpp.o[0m
[15.688s] [ 73%] [32mBuilding CXX object CMakeFiles/dave_interfaces__rosidl_typesupport_fastrtps_c.dir/rosidl_typesupport_fastrtps_c/dave_interfaces/msg/detail/dvl_beam__type_support_c.cpp.o[0m
[15.751s] [ 73%] [32mBuilding CXX object CMakeFiles/dave_interfaces__rosidl_typesupport_fastrtps_c.dir/rosidl_typesupport_fastrtps_c/dave_interfaces/msg/detail/dvl_target__type_support_c.cpp.o[0m
[15.864s] [ 73%] [32mBuilding CXX object CMakeFiles/dave_interfaces__rosidl_typesupport_fastrtps_cpp.dir/rosidl_typesupport_fastrtps_cpp/dave_interfaces/msg/detail/dds_fastrtps/stratified_current_database__type_support.cpp.o[0m
[15.958s] [ 74%] [32mBuilding CXX object CMakeFiles/dave_interfaces__rosidl_typesupport_fastrtps_cpp.dir/rosidl_typesupport_fastrtps_cpp/dave_interfaces/srv/detail/dds_fastrtps/set_origin_spherical_coord__type_support.cpp.o[0m
[16.155s] [ 74%] [32mBuilding CXX object CMakeFiles/dave_interfaces__rosidl_typesupport_fastrtps_cpp.dir/rosidl_typesupport_fastrtps_cpp/dave_interfaces/srv/detail/dds_fastrtps/get_origin_spherical_coord__type_support.cpp.o[0m
[16.206s] [ 74%] [32mBuilding CXX object CMakeFiles/dave_interfaces__rosidl_typesupport_introspection_cpp.dir/rosidl_typesupport_introspection_cpp/dave_interfaces/srv/detail/set_current_direction__type_support.cpp.o[0m
[16.260s] [ 75%] [32mBuilding CXX object CMakeFiles/dave_interfaces__rosidl_typesupport_fastrtps_c.dir/rosidl_typesupport_fastrtps_c/dave_interfaces/msg/detail/stratified_current_velocity__type_support_c.cpp.o[0m
[16.315s] [ 76%] [32mBuilding CXX object CMakeFiles/dave_interfaces__rosidl_typesupport_fastrtps_cpp.dir/rosidl_typesupport_fastrtps_cpp/dave_interfaces/srv/detail/dds_fastrtps/transform_to_spherical_coord__type_support.cpp.o[0m
[16.374s] [ 76%] [32mBuilding CXX object CMakeFiles/dave_interfaces__rosidl_typesupport_fastrtps_c.dir/rosidl_typesupport_fastrtps_c/dave_interfaces/msg/detail/stratified_current_database__type_support_c.cpp.o[0m
[16.437s] [ 76%] [32mBuilding CXX object CMakeFiles/dave_interfaces__rosidl_typesupport_fastrtps_cpp.dir/rosidl_typesupport_fastrtps_cpp/dave_interfaces/srv/detail/dds_fastrtps/transform_from_spherical_coord__type_support.cpp.o[0m
[16.550s] [ 77%] [32mBuilding CXX object CMakeFiles/dave_interfaces__rosidl_typesupport_fastrtps_c.dir/rosidl_typesupport_fastrtps_c/dave_interfaces/srv/detail/set_origin_spherical_coord__type_support_c.cpp.o[0m
[16.627s] [ 78%] [32mBuilding CXX object CMakeFiles/dave_interfaces__rosidl_typesupport_fastrtps_cpp.dir/rosidl_typesupport_fastrtps_cpp/dave_interfaces/srv/detail/dds_fastrtps/get_current_model__type_support.cpp.o[0m
[16.728s] [ 78%] [32mBuilding CXX object CMakeFiles/dave_interfaces__rosidl_typesupport_fastrtps_c.dir/rosidl_typesupport_fastrtps_c/dave_interfaces/srv/detail/get_origin_spherical_coord__type_support_c.cpp.o[0m
[16.755s] [ 79%] [32mBuilding CXX object CMakeFiles/dave_interfaces__rosidl_typesupport_introspection_cpp.dir/rosidl_typesupport_introspection_cpp/dave_interfaces/srv/detail/set_current_velocity__type_support.cpp.o[0m
[17.055s] [ 80%] [32mBuilding CXX object CMakeFiles/dave_interfaces__rosidl_typesupport_fastrtps_c.dir/rosidl_typesupport_fastrtps_c/dave_interfaces/srv/detail/transform_to_spherical_coord__type_support_c.cpp.o[0m
[17.057s] [ 80%] [32mBuilding CXX object CMakeFiles/dave_interfaces__rosidl_typesupport_fastrtps_cpp.dir/rosidl_typesupport_fastrtps_cpp/dave_interfaces/srv/detail/dds_fastrtps/set_current_model__type_support.cpp.o[0m
[17.167s] [ 81%] [32mBuilding CXX object CMakeFiles/dave_interfaces__rosidl_typesupport_fastrtps_cpp.dir/rosidl_typesupport_fastrtps_cpp/dave_interfaces/srv/detail/dds_fastrtps/set_current_direction__type_support.cpp.o[0m
[17.191s] [ 81%] [32mBuilding CXX object CMakeFiles/dave_interfaces__rosidl_typesupport_introspection_cpp.dir/rosidl_typesupport_introspection_cpp/dave_interfaces/srv/detail/set_stratified_current_velocity__type_support.cpp.o[0m
[17.409s] [ 82%] [32mBuilding CXX object CMakeFiles/dave_interfaces__rosidl_typesupport_introspection_cpp.dir/rosidl_typesupport_introspection_cpp/dave_interfaces/srv/detail/set_stratified_current_direction__type_support.cpp.o[0m
[17.487s] [ 82%] [32mBuilding CXX object CMakeFiles/dave_interfaces__rosidl_typesupport_fastrtps_cpp.dir/rosidl_typesupport_fastrtps_cpp/dave_interfaces/srv/detail/dds_fastrtps/set_current_velocity__type_support.cpp.o[0m
[17.530s] [ 82%] [32mBuilding CXX object CMakeFiles/dave_interfaces__rosidl_typesupport_fastrtps_c.dir/rosidl_typesupport_fastrtps_c/dave_interfaces/srv/detail/transform_from_spherical_coord__type_support_c.cpp.o[0m
[17.553s] [ 83%] [32mBuilding CXX object CMakeFiles/dave_interfaces__rosidl_typesupport_fastrtps_c.dir/rosidl_typesupport_fastrtps_c/dave_interfaces/srv/detail/get_current_model__type_support_c.cpp.o[0m
[17.620s] [ 83%] [32mBuilding CXX object CMakeFiles/dave_interfaces__rosidl_typesupport_fastrtps_c.dir/rosidl_typesupport_fastrtps_c/dave_interfaces/srv/detail/set_current_model__type_support_c.cpp.o[0m
[17.654s] [ 84%] [32mBuilding CXX object CMakeFiles/dave_interfaces__rosidl_typesupport_fastrtps_cpp.dir/rosidl_typesupport_fastrtps_cpp/dave_interfaces/srv/detail/dds_fastrtps/set_stratified_current_velocity__type_support.cpp.o[0m
[17.699s] [ 84%] [32mBuilding CXX object CMakeFiles/dave_interfaces__rosidl_typesupport_fastrtps_cpp.dir/rosidl_typesupport_fastrtps_cpp/dave_interfaces/srv/detail/dds_fastrtps/set_stratified_current_direction__type_support.cpp.o[0m
[17.871s] [ 85%] [32mBuilding CXX object CMakeFiles/dave_interfaces__rosidl_typesupport_fastrtps_c.dir/rosidl_typesupport_fastrtps_c/dave_interfaces/srv/detail/set_current_direction__type_support_c.cpp.o[0m
[17.951s] [ 85%] [32mBuilding CXX object CMakeFiles/dave_interfaces__rosidl_typesupport_fastrtps_c.dir/rosidl_typesupport_fastrtps_c/dave_interfaces/srv/detail/set_current_velocity__type_support_c.cpp.o[0m
[17.959s] [ 86%] [32mBuilding CXX object CMakeFiles/dave_interfaces__rosidl_typesupport_fastrtps_c.dir/rosidl_typesupport_fastrtps_c/dave_interfaces/srv/detail/set_stratified_current_velocity__type_support_c.cpp.o[0m
[18.120s] [ 86%] [32m[1mLinking CXX shared library libdave_interfaces__rosidl_typesupport_introspection_cpp.so[0m
[18.172s] [ 86%] [32mBuilding CXX object CMakeFiles/dave_interfaces__rosidl_typesupport_fastrtps_c.dir/rosidl_typesupport_fastrtps_c/dave_interfaces/srv/detail/set_stratified_current_direction__type_support_c.cpp.o[0m
[18.507s] [ 86%] Built target dave_interfaces__rosidl_typesupport_introspection_cpp
[18.711s] [ 87%] [32m[1mLinking CXX shared library libdave_interfaces__rosidl_typesupport_fastrtps_cpp.so[0m
[18.872s] [ 88%] [32m[1mLinking CXX shared library libdave_interfaces__rosidl_typesupport_fastrtps_c.so[0m
[18.917s] [ 88%] Built target dave_interfaces__rosidl_typesupport_fastrtps_cpp
[19.056s] [ 88%] Built target dave_interfaces__rosidl_typesupport_fastrtps_c
[19.075s] [ 88%] Built target dave_interfaces
[19.095s] [ 88%] [34m[1mGenerating Python code for ROS interfaces[0m
[22.032s] [ 88%] Built target dave_interfaces__py
[22.057s] [ 89%] [32mBuilding C object CMakeFiles/dave_interfaces__rosidl_generator_py.dir/rosidl_generator_py/dave_interfaces/msg/_usbl_response_s.c.o[0m
[22.058s] [ 89%] [32mBuilding C object CMakeFiles/dave_interfaces__rosidl_generator_py.dir/rosidl_generator_py/dave_interfaces/msg/_usbl_command_s.c.o[0m
[22.058s] [ 90%] [32mBuilding C object CMakeFiles/dave_interfaces__rosidl_generator_py.dir/rosidl_generator_py/dave_interfaces/msg/_location_s.c.o[0m
[22.058s] [ 90%] [32mBuilding C object CMakeFiles/dave_interfaces__rosidl_generator_py.dir/rosidl_generator_py/dave_interfaces/msg/_dvl_target_s.c.o[0m
[22.058s] [ 91%] [32mBuilding C object CMakeFiles/dave_interfaces__rosidl_generator_py.dir/rosidl_generator_py/dave_interfaces/msg/_stratified_current_database_s.c.o[0m
[22.058s] [ 91%] [32mBuilding C object CMakeFiles/dave_interfaces__rosidl_generator_py.dir/rosidl_generator_py/dave_interfaces/msg/_dvl_beam_s.c.o[0m
[22.058s] [ 91%] [32mBuilding C object CMakeFiles/dave_interfaces__rosidl_generator_py.dir/rosidl_generator_py/dave_interfaces/srv/_set_origin_spherical_coord_s.c.o[0m
[22.058s] [ 91%] [32mBuilding C object CMakeFiles/dave_interfaces__rosidl_generator_py.dir/rosidl_generator_py/dave_interfaces/msg/_stratified_current_velocity_s.c.o[0m
[22.060s] [ 92%] [32mBuilding C object CMakeFiles/dave_interfaces__rosidl_generator_py.dir/rosidl_generator_py/dave_interfaces/srv/_get_origin_spherical_coord_s.c.o[0m
[22.061s] [ 93%] [32mBuilding C object CMakeFiles/dave_interfaces__rosidl_generator_py.dir/rosidl_generator_py/dave_interfaces/msg/_dvl_s.c.o[0m
[22.068s] [ 94%] [32mBuilding C object CMakeFiles/dave_interfaces__rosidl_generator_py.dir/rosidl_generator_py/dave_interfaces/srv/_transform_from_spherical_coord_s.c.o[0m
[22.068s] [ 94%] [32mBuilding C object CMakeFiles/dave_interfaces__rosidl_generator_py.dir/rosidl_generator_py/dave_interfaces/srv/_transform_to_spherical_coord_s.c.o[0m
[22.291s] [ 94%] [32mBuilding C object CMakeFiles/dave_interfaces__rosidl_generator_py.dir/rosidl_generator_py/dave_interfaces/srv/_get_current_model_s.c.o[0m
[22.292s] [ 95%] [32mBuilding C object CMakeFiles/dave_interfaces__rosidl_generator_py.dir/rosidl_generator_py/dave_interfaces/srv/_set_current_model_s.c.o[0m
[22.298s] [ 95%] [32mBuilding C object CMakeFiles/dave_interfaces__rosidl_generator_py.dir/rosidl_generator_py/dave_interfaces/srv/_set_current_direction_s.c.o[0m
[22.312s] [ 95%] [32mBuilding C object CMakeFiles/dave_interfaces__rosidl_generator_py.dir/rosidl_generator_py/dave_interfaces/srv/_set_stratified_current_velocity_s.c.o[0m
[22.315s] [ 96%] [32mBuilding C object CMakeFiles/dave_interfaces__rosidl_generator_py.dir/rosidl_generator_py/dave_interfaces/srv/_set_stratified_current_direction_s.c.o[0m
[22.317s] [ 97%] [32mBuilding C object CMakeFiles/dave_interfaces__rosidl_generator_py.dir/rosidl_generator_py/dave_interfaces/srv/_set_current_velocity_s.c.o[0m
[22.501s] [ 97%] [32m[1mLinking C shared library libdave_interfaces__rosidl_generator_py.so[0m
[22.639s] [ 97%] Built target dave_interfaces__rosidl_generator_py
[22.670s] [ 97%] [32mBuilding C object CMakeFiles/dave_interfaces_s__rosidl_typesupport_fastrtps_c.dir/rosidl_generator_py/dave_interfaces/_dave_interfaces_s.ep.rosidl_typesupport_fastrtps_c.c.o[0m
[22.672s] [ 97%] [32mBuilding C object CMakeFiles/dave_interfaces_s__rosidl_typesupport_c.dir/rosidl_generator_py/dave_interfaces/_dave_interfaces_s.ep.rosidl_typesupport_c.c.o[0m
[22.673s] [ 97%] [32mBuilding C object CMakeFiles/dave_interfaces_s__rosidl_typesupport_introspection_c.dir/rosidl_generator_py/dave_interfaces/_dave_interfaces_s.ep.rosidl_typesupport_introspection_c.c.o[0m
[22.894s] [ 98%] [32m[1mLinking C shared module rosidl_generator_py/dave_interfaces/dave_interfaces_s__rosidl_typesupport_c.so[0m
[22.901s] [ 99%] [32m[1mLinking C shared module rosidl_generator_py/dave_interfaces/dave_interfaces_s__rosidl_typesupport_introspection_c.so[0m
[22.908s] [100%] [32m[1mLinking C shared module rosidl_generator_py/dave_interfaces/dave_interfaces_s__rosidl_typesupport_fastrtps_c.so[0m
[23.031s] [100%] Built target dave_interfaces_s__rosidl_typesupport_introspection_c
[23.032s] [100%] Built target dave_interfaces_s__rosidl_typesupport_c
[23.063s] [100%] Built target dave_interfaces_s__rosidl_typesupport_fastrtps_c
[23.077s] Invoked command in '/home/ironie/HornetXII_sims/build/dave_interfaces' returned '0': CMAKE_PREFIX_PATH=${CMAKE_PREFIX_PATH}:/home/ironie/assignment3/install/assignment3:/opt/ros/jazzy DEBUGINFOD_URLS=https://debuginfod.ubuntu.com /usr/bin/cmake --build /home/ironie/HornetXII_sims/build/dave_interfaces -- -j12 -l12
[23.079s] Invoking command in '/home/ironie/HornetXII_sims/build/dave_interfaces': CMAKE_PREFIX_PATH=${CMAKE_PREFIX_PATH}:/home/ironie/assignment3/install/assignment3:/opt/ros/jazzy DEBUGINFOD_URLS=https://debuginfod.ubuntu.com /usr/bin/cmake --install /home/ironie/HornetXII_sims/build/dave_interfaces
[23.089s] -- Install configuration: ""
[23.090s] -- Execute custom install script
[23.092s] -- Symlinking: /home/ironie/HornetXII_sims/install/dave_interfaces/share/ament_index/resource_index/rosidl_interfaces/dave_interfaces
[23.102s] -- Symlinking: /home/ironie/HornetXII_sims/install/dave_interfaces/share/dave_interfaces/msg/UsblCommand.json
[23.112s] -- Symlinking: /home/ironie/HornetXII_sims/install/dave_interfaces/share/dave_interfaces/msg/UsblResponse.json
[23.122s] -- Symlinking: /home/ironie/HornetXII_sims/install/dave_interfaces/share/dave_interfaces/msg/Location.json
[23.132s] -- Symlinking: /home/ironie/HornetXII_sims/install/dave_interfaces/share/dave_interfaces/msg/DVL.json
[23.140s] -- Symlinking: /home/ironie/HornetXII_sims/install/dave_interfaces/share/dave_interfaces/msg/DVLBeam.json
[23.151s] -- Symlinking: /home/ironie/HornetXII_sims/install/dave_interfaces/share/dave_interfaces/msg/DVLTarget.json
[23.160s] -- Symlinking: /home/ironie/HornetXII_sims/install/dave_interfaces/share/dave_interfaces/msg/StratifiedCurrentVelocity.json
[23.171s] -- Symlinking: /home/ironie/HornetXII_sims/install/dave_interfaces/share/dave_interfaces/msg/StratifiedCurrentDatabase.json
[23.180s] -- Symlinking: /home/ironie/HornetXII_sims/install/dave_interfaces/share/dave_interfaces/srv/SetOriginSphericalCoord.json
[23.190s] -- Symlinking: /home/ironie/HornetXII_sims/install/dave_interfaces/share/dave_interfaces/srv/GetOriginSphericalCoord.json
[23.200s] -- Symlinking: /home/ironie/HornetXII_sims/install/dave_interfaces/share/dave_interfaces/srv/TransformToSphericalCoord.json
[23.210s] -- Symlinking: /home/ironie/HornetXII_sims/install/dave_interfaces/share/dave_interfaces/srv/TransformFromSphericalCoord.json
[23.220s] -- Symlinking: /home/ironie/HornetXII_sims/install/dave_interfaces/share/dave_interfaces/srv/GetCurrentModel.json
[23.229s] -- Symlinking: /home/ironie/HornetXII_sims/install/dave_interfaces/share/dave_interfaces/srv/SetCurrentModel.json
[23.238s] -- Symlinking: /home/ironie/HornetXII_sims/install/dave_interfaces/share/dave_interfaces/srv/SetCurrentDirection.json
[23.248s] -- Symlinking: /home/ironie/HornetXII_sims/install/dave_interfaces/share/dave_interfaces/srv/SetCurrentVelocity.json
[23.257s] -- Symlinking: /home/ironie/HornetXII_sims/install/dave_interfaces/share/dave_interfaces/srv/SetStratifiedCurrentVelocity.json
[23.266s] -- Symlinking: /home/ironie/HornetXII_sims/install/dave_interfaces/share/dave_interfaces/srv/SetStratifiedCurrentDirection.json
[23.277s] -- Symlinking: /home/ironie/HornetXII_sims/install/dave_interfaces/include/dave_interfaces/dave_interfaces/msg/detail/dvl__functions.h
[23.286s] -- Symlinking: /home/ironie/HornetXII_sims/install/dave_interfaces/include/dave_interfaces/dave_interfaces/msg/detail/dvl__struct.h
[23.295s] -- Symlinking: /home/ironie/HornetXII_sims/install/dave_interfaces/include/dave_interfaces/dave_interfaces/msg/detail/dvl__type_support.h
[23.305s] -- Symlinking: /home/ironie/HornetXII_sims/install/dave_interfaces/include/dave_interfaces/dave_interfaces/msg/detail/dvl_beam__functions.h
[23.314s] -- Symlinking: /home/ironie/HornetXII_sims/install/dave_interfaces/include/dave_interfaces/dave_interfaces/msg/detail/dvl_beam__struct.h
[23.324s] -- Symlinking: /home/ironie/HornetXII_sims/install/dave_interfaces/include/dave_interfaces/dave_interfaces/msg/detail/dvl_beam__type_support.h
[23.334s] -- Symlinking: /home/ironie/HornetXII_sims/install/dave_interfaces/include/dave_interfaces/dave_interfaces/msg/detail/dvl_target__functions.h
[23.346s] -- Symlinking: /home/ironie/HornetXII_sims/install/dave_interfaces/include/dave_interfaces/dave_interfaces/msg/detail/dvl_target__struct.h
[23.355s] -- Symlinking: /home/ironie/HornetXII_sims/install/dave_interfaces/include/dave_interfaces/dave_interfaces/msg/detail/dvl_target__type_support.h
[23.366s] -- Symlinking: /home/ironie/HornetXII_sims/install/dave_interfaces/include/dave_interfaces/dave_interfaces/msg/detail/location__functions.h
[23.377s] -- Symlinking: /home/ironie/HornetXII_sims/install/dave_interfaces/include/dave_interfaces/dave_interfaces/msg/detail/location__struct.h
[23.386s] -- Symlinking: /home/ironie/HornetXII_sims/install/dave_interfaces/include/dave_interfaces/dave_interfaces/msg/detail/location__type_support.h
[23.396s] -- Symlinking: /home/ironie/HornetXII_sims/install/dave_interfaces/include/dave_interfaces/dave_interfaces/msg/detail/stratified_current_database__functions.h
[23.406s] -- Symlinking: /home/ironie/HornetXII_sims/install/dave_interfaces/include/dave_interfaces/dave_interfaces/msg/detail/stratified_current_database__struct.h
[23.416s] -- Symlinking: /home/ironie/HornetXII_sims/install/dave_interfaces/include/dave_interfaces/dave_interfaces/msg/detail/stratified_current_database__type_support.h
[23.425s] -- Symlinking: /home/ironie/HornetXII_sims/install/dave_interfaces/include/dave_interfaces/dave_interfaces/msg/detail/stratified_current_velocity__functions.h
[23.437s] -- Symlinking: /home/ironie/HornetXII_sims/install/dave_interfaces/include/dave_interfaces/dave_interfaces/msg/detail/stratified_current_velocity__struct.h
[23.446s] -- Symlinking: /home/ironie/HornetXII_sims/install/dave_interfaces/include/dave_interfaces/dave_interfaces/msg/detail/stratified_current_velocity__type_support.h
[23.458s] -- Symlinking: /home/ironie/HornetXII_sims/install/dave_interfaces/include/dave_interfaces/dave_interfaces/msg/detail/usbl_command__functions.h
[23.469s] -- Symlinking: /home/ironie/HornetXII_sims/install/dave_interfaces/include/dave_interfaces/dave_interfaces/msg/detail/usbl_command__struct.h
[23.478s] -- Symlinking: /home/ironie/HornetXII_sims/install/dave_interfaces/include/dave_interfaces/dave_interfaces/msg/detail/usbl_command__type_support.h
[23.487s] -- Symlinking: /home/ironie/HornetXII_sims/install/dave_interfaces/include/dave_interfaces/dave_interfaces/msg/detail/usbl_response__functions.h
[23.498s] -- Symlinking: /home/ironie/HornetXII_sims/install/dave_interfaces/include/dave_interfaces/dave_interfaces/msg/detail/usbl_response__struct.h
[23.508s] -- Symlinking: /home/ironie/HornetXII_sims/install/dave_interfaces/include/dave_interfaces/dave_interfaces/msg/detail/usbl_response__type_support.h
[23.520s] -- Symlinking: /home/ironie/HornetXII_sims/install/dave_interfaces/include/dave_interfaces/dave_interfaces/msg/dvl.h
[23.530s] -- Symlinking: /home/ironie/HornetXII_sims/install/dave_interfaces/include/dave_interfaces/dave_interfaces/msg/dvl_beam.h
[23.541s] -- Symlinking: /home/ironie/HornetXII_sims/install/dave_interfaces/include/dave_interfaces/dave_interfaces/msg/dvl_target.h
[23.552s] -- Symlinking: /home/ironie/HornetXII_sims/install/dave_interfaces/include/dave_interfaces/dave_interfaces/msg/location.h
[23.562s] -- Symlinking: /home/ironie/HornetXII_sims/install/dave_interfaces/include/dave_interfaces/dave_interfaces/msg/rosidl_generator_c__visibility_control.h
[23.574s] -- Symlinking: /home/ironie/HornetXII_sims/install/dave_interfaces/include/dave_interfaces/dave_interfaces/msg/stratified_current_database.h
[23.584s] -- Symlinking: /home/ironie/HornetXII_sims/install/dave_interfaces/include/dave_interfaces/dave_interfaces/msg/stratified_current_velocity.h
[23.597s] -- Symlinking: /home/ironie/HornetXII_sims/install/dave_interfaces/include/dave_interfaces/dave_interfaces/msg/usbl_command.h
[23.610s] -- Symlinking: /home/ironie/HornetXII_sims/install/dave_interfaces/include/dave_interfaces/dave_interfaces/msg/usbl_response.h
[23.623s] -- Symlinking: /home/ironie/HornetXII_sims/install/dave_interfaces/include/dave_interfaces/dave_interfaces/srv/detail/get_current_model__functions.h
[23.633s] -- Symlinking: /home/ironie/HornetXII_sims/install/dave_interfaces/include/dave_interfaces/dave_interfaces/srv/detail/get_current_model__struct.h
[23.646s] -- Symlinking: /home/ironie/HornetXII_sims/install/dave_interfaces/include/dave_interfaces/dave_interfaces/srv/detail/get_current_model__type_support.h
[23.659s] -- Symlinking: /home/ironie/HornetXII_sims/install/dave_interfaces/include/dave_interfaces/dave_interfaces/srv/detail/get_origin_spherical_coord__functions.h
[23.669s] -- Symlinking: /home/ironie/HornetXII_sims/install/dave_interfaces/include/dave_interfaces/dave_interfaces/srv/detail/get_origin_spherical_coord__struct.h
[23.678s] -- Symlinking: /home/ironie/HornetXII_sims/install/dave_interfaces/include/dave_interfaces/dave_interfaces/srv/detail/get_origin_spherical_coord__type_support.h
[23.686s] -- Symlinking: /home/ironie/HornetXII_sims/install/dave_interfaces/include/dave_interfaces/dave_interfaces/srv/detail/set_current_direction__functions.h
[23.696s] -- Symlinking: /home/ironie/HornetXII_sims/install/dave_interfaces/include/dave_interfaces/dave_interfaces/srv/detail/set_current_direction__struct.h
[23.705s] -- Symlinking: /home/ironie/HornetXII_sims/install/dave_interfaces/include/dave_interfaces/dave_interfaces/srv/detail/set_current_direction__type_support.h
[23.715s] -- Symlinking: /home/ironie/HornetXII_sims/install/dave_interfaces/include/dave_interfaces/dave_interfaces/srv/detail/set_current_model__functions.h
[23.726s] -- Symlinking: /home/ironie/HornetXII_sims/install/dave_interfaces/include/dave_interfaces/dave_interfaces/srv/detail/set_current_model__struct.h
[23.735s] -- Symlinking: /home/ironie/HornetXII_sims/install/dave_interfaces/include/dave_interfaces/dave_interfaces/srv/detail/set_current_model__type_support.h
[23.747s] -- Symlinking: /home/ironie/HornetXII_sims/install/dave_interfaces/include/dave_interfaces/dave_interfaces/srv/detail/set_current_velocity__functions.h
[23.759s] -- Symlinking: /home/ironie/HornetXII_sims/install/dave_interfaces/include/dave_interfaces/dave_interfaces/srv/detail/set_current_velocity__struct.h
[23.769s] -- Symlinking: /home/ironie/HornetXII_sims/install/dave_interfaces/include/dave_interfaces/dave_interfaces/srv/detail/set_current_velocity__type_support.h
[23.779s] -- Symlinking: /home/ironie/HornetXII_sims/install/dave_interfaces/include/dave_interfaces/dave_interfaces/srv/detail/set_origin_spherical_coord__functions.h
[23.790s] -- Symlinking: /home/ironie/HornetXII_sims/install/dave_interfaces/include/dave_interfaces/dave_interfaces/srv/detail/set_origin_spherical_coord__struct.h
[23.799s] -- Symlinking: /home/ironie/HornetXII_sims/install/dave_interfaces/include/dave_interfaces/dave_interfaces/srv/detail/set_origin_spherical_coord__type_support.h
[23.808s] -- Symlinking: /home/ironie/HornetXII_sims/install/dave_interfaces/include/dave_interfaces/dave_interfaces/srv/detail/set_stratified_current_direction__functions.h
[23.816s] -- Symlinking: /home/ironie/HornetXII_sims/install/dave_interfaces/include/dave_interfaces/dave_interfaces/srv/detail/set_stratified_current_direction__struct.h
[23.826s] -- Symlinking: /home/ironie/HornetXII_sims/install/dave_interfaces/include/dave_interfaces/dave_interfaces/srv/detail/set_stratified_current_direction__type_support.h
[23.835s] -- Symlinking: /home/ironie/HornetXII_sims/install/dave_interfaces/include/dave_interfaces/dave_interfaces/srv/detail/set_stratified_current_velocity__functions.h
[23.846s] -- Symlinking: /home/ironie/HornetXII_sims/install/dave_interfaces/include/dave_interfaces/dave_interfaces/srv/detail/set_stratified_current_velocity__struct.h
[23.856s] -- Symlinking: /home/ironie/HornetXII_sims/install/dave_interfaces/include/dave_interfaces/dave_interfaces/srv/detail/set_stratified_current_velocity__type_support.h
[23.869s] -- Symlinking: /home/ironie/HornetXII_sims/install/dave_interfaces/include/dave_interfaces/dave_interfaces/srv/detail/transform_from_spherical_coord__functions.h
[23.878s] -- Symlinking: /home/ironie/HornetXII_sims/install/dave_interfaces/include/dave_interfaces/dave_interfaces/srv/detail/transform_from_spherical_coord__struct.h
[23.889s] -- Symlinking: /home/ironie/HornetXII_sims/install/dave_interfaces/include/dave_interfaces/dave_interfaces/srv/detail/transform_from_spherical_coord__type_support.h
[23.898s] -- Symlinking: /home/ironie/HornetXII_sims/install/dave_interfaces/include/dave_interfaces/dave_interfaces/srv/detail/transform_to_spherical_coord__functions.h
[23.909s] -- Symlinking: /home/ironie/HornetXII_sims/install/dave_interfaces/include/dave_interfaces/dave_interfaces/srv/detail/transform_to_spherical_coord__struct.h
[23.918s] -- Symlinking: /home/ironie/HornetXII_sims/install/dave_interfaces/include/dave_interfaces/dave_interfaces/srv/detail/transform_to_spherical_coord__type_support.h
[23.929s] -- Symlinking: /home/ironie/HornetXII_sims/install/dave_interfaces/include/dave_interfaces/dave_interfaces/srv/get_current_model.h
[23.939s] -- Symlinking: /home/ironie/HornetXII_sims/install/dave_interfaces/include/dave_interfaces/dave_interfaces/srv/get_origin_spherical_coord.h
[23.950s] -- Symlinking: /home/ironie/HornetXII_sims/install/dave_interfaces/include/dave_interfaces/dave_interfaces/srv/set_current_direction.h
[23.959s] -- Symlinking: /home/ironie/HornetXII_sims/install/dave_interfaces/include/dave_interfaces/dave_interfaces/srv/set_current_model.h
[23.969s] -- Symlinking: /home/ironie/HornetXII_sims/install/dave_interfaces/include/dave_interfaces/dave_interfaces/srv/set_current_velocity.h
[23.977s] -- Symlinking: /home/ironie/HornetXII_sims/install/dave_interfaces/include/dave_interfaces/dave_interfaces/srv/set_origin_spherical_coord.h
[23.986s] -- Symlinking: /home/ironie/HornetXII_sims/install/dave_interfaces/include/dave_interfaces/dave_interfaces/srv/set_stratified_current_direction.h
[23.998s] -- Symlinking: /home/ironie/HornetXII_sims/install/dave_interfaces/include/dave_interfaces/dave_interfaces/srv/set_stratified_current_velocity.h
[24.007s] -- Symlinking: /home/ironie/HornetXII_sims/install/dave_interfaces/include/dave_interfaces/dave_interfaces/srv/transform_from_spherical_coord.h
[24.016s] -- Symlinking: /home/ironie/HornetXII_sims/install/dave_interfaces/include/dave_interfaces/dave_interfaces/srv/transform_to_spherical_coord.h
[24.026s] -- Symlinking: /home/ironie/HornetXII_sims/install/dave_interfaces/share/dave_interfaces/environment/library_path.sh
[24.037s] -- Symlinking: /home/ironie/HornetXII_sims/install/dave_interfaces/share/dave_interfaces/environment/library_path.dsv
[24.047s] -- Symlinking: /home/ironie/HornetXII_sims/install/dave_interfaces/include/dave_interfaces/dave_interfaces/msg/detail/dvl__rosidl_typesupport_fastrtps_c.h
[24.058s] -- Symlinking: /home/ironie/HornetXII_sims/install/dave_interfaces/include/dave_interfaces/dave_interfaces/msg/detail/dvl_beam__rosidl_typesupport_fastrtps_c.h
[24.067s] -- Symlinking: /home/ironie/HornetXII_sims/install/dave_interfaces/include/dave_interfaces/dave_interfaces/msg/detail/dvl_target__rosidl_typesupport_fastrtps_c.h
[24.075s] -- Symlinking: /home/ironie/HornetXII_sims/install/dave_interfaces/include/dave_interfaces/dave_interfaces/msg/detail/location__rosidl_typesupport_fastrtps_c.h
[24.086s] -- Symlinking: /home/ironie/HornetXII_sims/install/dave_interfaces/include/dave_interfaces/dave_interfaces/msg/detail/stratified_current_database__rosidl_typesupport_fastrtps_c.h
[24.097s] -- Symlinking: /home/ironie/HornetXII_sims/install/dave_interfaces/include/dave_interfaces/dave_interfaces/msg/detail/stratified_current_velocity__rosidl_typesupport_fastrtps_c.h
[24.106s] -- Symlinking: /home/ironie/HornetXII_sims/install/dave_interfaces/include/dave_interfaces/dave_interfaces/msg/detail/usbl_command__rosidl_typesupport_fastrtps_c.h
[24.117s] -- Symlinking: /home/ironie/HornetXII_sims/install/dave_interfaces/include/dave_interfaces/dave_interfaces/msg/detail/usbl_response__rosidl_typesupport_fastrtps_c.h
[24.126s] -- Symlinking: /home/ironie/HornetXII_sims/install/dave_interfaces/include/dave_interfaces/dave_interfaces/msg/rosidl_typesupport_fastrtps_c__visibility_control.h
[24.137s] -- Symlinking: /home/ironie/HornetXII_sims/install/dave_interfaces/include/dave_interfaces/dave_interfaces/srv/detail/get_current_model__rosidl_typesupport_fastrtps_c.h
[24.146s] -- Symlinking: /home/ironie/HornetXII_sims/install/dave_interfaces/include/dave_interfaces/dave_interfaces/srv/detail/get_origin_spherical_coord__rosidl_typesupport_fastrtps_c.h
[24.157s] -- Symlinking: /home/ironie/HornetXII_sims/install/dave_interfaces/include/dave_interfaces/dave_interfaces/srv/detail/set_current_direction__rosidl_typesupport_fastrtps_c.h
[24.167s] -- Symlinking: /home/ironie/HornetXII_sims/install/dave_interfaces/include/dave_interfaces/dave_interfaces/srv/detail/set_current_model__rosidl_typesupport_fastrtps_c.h
[24.176s] -- Symlinking: /home/ironie/HornetXII_sims/install/dave_interfaces/include/dave_interfaces/dave_interfaces/srv/detail/set_current_velocity__rosidl_typesupport_fastrtps_c.h
[24.187s] -- Symlinking: /home/ironie/HornetXII_sims/install/dave_interfaces/include/dave_interfaces/dave_interfaces/srv/detail/set_origin_spherical_coord__rosidl_typesupport_fastrtps_c.h
[24.199s] -- Symlinking: /home/ironie/HornetXII_sims/install/dave_interfaces/include/dave_interfaces/dave_interfaces/srv/detail/set_stratified_current_direction__rosidl_typesupport_fastrtps_c.h
[24.208s] -- Symlinking: /home/ironie/HornetXII_sims/install/dave_interfaces/include/dave_interfaces/dave_interfaces/srv/detail/set_stratified_current_velocity__rosidl_typesupport_fastrtps_c.h
[24.219s] -- Symlinking: /home/ironie/HornetXII_sims/install/dave_interfaces/include/dave_interfaces/dave_interfaces/srv/detail/transform_from_spherical_coord__rosidl_typesupport_fastrtps_c.h
[24.231s] -- Symlinking: /home/ironie/HornetXII_sims/install/dave_interfaces/include/dave_interfaces/dave_interfaces/srv/detail/transform_to_spherical_coord__rosidl_typesupport_fastrtps_c.h
[24.243s] -- Symlinking: /home/ironie/HornetXII_sims/install/dave_interfaces/include/dave_interfaces/dave_interfaces/msg/detail/dvl__builder.hpp
[24.253s] -- Symlinking: /home/ironie/HornetXII_sims/install/dave_interfaces/include/dave_interfaces/dave_interfaces/msg/detail/dvl__struct.hpp
[24.263s] -- Symlinking: /home/ironie/HornetXII_sims/install/dave_interfaces/include/dave_interfaces/dave_interfaces/msg/detail/dvl__traits.hpp
[24.274s] -- Symlinking: /home/ironie/HornetXII_sims/install/dave_interfaces/include/dave_interfaces/dave_interfaces/msg/detail/dvl__type_support.hpp
[24.284s] -- Symlinking: /home/ironie/HornetXII_sims/install/dave_interfaces/include/dave_interfaces/dave_interfaces/msg/detail/dvl_beam__builder.hpp
[24.293s] -- Symlinking: /home/ironie/HornetXII_sims/install/dave_interfaces/include/dave_interfaces/dave_interfaces/msg/detail/dvl_beam__struct.hpp
[24.303s] -- Symlinking: /home/ironie/HornetXII_sims/install/dave_interfaces/include/dave_interfaces/dave_interfaces/msg/detail/dvl_beam__traits.hpp
[24.314s] -- Symlinking: /home/ironie/HornetXII_sims/install/dave_interfaces/include/dave_interfaces/dave_interfaces/msg/detail/dvl_beam__type_support.hpp
[24.324s] -- Symlinking: /home/ironie/HornetXII_sims/install/dave_interfaces/include/dave_interfaces/dave_interfaces/msg/detail/dvl_target__builder.hpp
[24.333s] -- Symlinking: /home/ironie/HornetXII_sims/install/dave_interfaces/include/dave_interfaces/dave_interfaces/msg/detail/dvl_target__struct.hpp
[24.344s] -- Symlinking: /home/ironie/HornetXII_sims/install/dave_interfaces/include/dave_interfaces/dave_interfaces/msg/detail/dvl_target__traits.hpp
[24.355s] -- Symlinking: /home/ironie/HornetXII_sims/install/dave_interfaces/include/dave_interfaces/dave_interfaces/msg/detail/dvl_target__type_support.hpp
[24.364s] -- Symlinking: /home/ironie/HornetXII_sims/install/dave_interfaces/include/dave_interfaces/dave_interfaces/msg/detail/location__builder.hpp
[24.376s] -- Symlinking: /home/ironie/HornetXII_sims/install/dave_interfaces/include/dave_interfaces/dave_interfaces/msg/detail/location__struct.hpp
[24.385s] -- Symlinking: /home/ironie/HornetXII_sims/install/dave_interfaces/include/dave_interfaces/dave_interfaces/msg/detail/location__traits.hpp
[24.396s] -- Symlinking: /home/ironie/HornetXII_sims/install/dave_interfaces/include/dave_interfaces/dave_interfaces/msg/detail/location__type_support.hpp
[24.407s] -- Symlinking: /home/ironie/HornetXII_sims/install/dave_interfaces/include/dave_interfaces/dave_interfaces/msg/detail/stratified_current_database__builder.hpp
[24.419s] -- Symlinking: /home/ironie/HornetXII_sims/install/dave_interfaces/include/dave_interfaces/dave_interfaces/msg/detail/stratified_current_database__struct.hpp
[24.429s] -- Symlinking: /home/ironie/HornetXII_sims/install/dave_interfaces/include/dave_interfaces/dave_interfaces/msg/detail/stratified_current_database__traits.hpp
[24.441s] -- Symlinking: /home/ironie/HornetXII_sims/install/dave_interfaces/include/dave_interfaces/dave_interfaces/msg/detail/stratified_current_database__type_support.hpp
[24.452s] -- Symlinking: /home/ironie/HornetXII_sims/install/dave_interfaces/include/dave_interfaces/dave_interfaces/msg/detail/stratified_current_velocity__builder.hpp
[24.462s] -- Symlinking: /home/ironie/HornetXII_sims/install/dave_interfaces/include/dave_interfaces/dave_interfaces/msg/detail/stratified_current_velocity__struct.hpp
[24.473s] -- Symlinking: /home/ironie/HornetXII_sims/install/dave_interfaces/include/dave_interfaces/dave_interfaces/msg/detail/stratified_current_velocity__traits.hpp
[24.482s] -- Symlinking: /home/ironie/HornetXII_sims/install/dave_interfaces/include/dave_interfaces/dave_interfaces/msg/detail/stratified_current_velocity__type_support.hpp
[24.492s] -- Symlinking: /home/ironie/HornetXII_sims/install/dave_interfaces/include/dave_interfaces/dave_interfaces/msg/detail/usbl_command__builder.hpp
[24.502s] -- Symlinking: /home/ironie/HornetXII_sims/install/dave_interfaces/include/dave_interfaces/dave_interfaces/msg/detail/usbl_command__struct.hpp
[24.512s] -- Symlinking: /home/ironie/HornetXII_sims/install/dave_interfaces/include/dave_interfaces/dave_interfaces/msg/detail/usbl_command__traits.hpp
[24.522s] -- Symlinking: /home/ironie/HornetXII_sims/install/dave_interfaces/include/dave_interfaces/dave_interfaces/msg/detail/usbl_command__type_support.hpp
[24.532s] -- Symlinking: /home/ironie/HornetXII_sims/install/dave_interfaces/include/dave_interfaces/dave_interfaces/msg/detail/usbl_response__builder.hpp
[24.541s] -- Symlinking: /home/ironie/HornetXII_sims/install/dave_interfaces/include/dave_interfaces/dave_interfaces/msg/detail/usbl_response__struct.hpp
[24.552s] -- Symlinking: /home/ironie/HornetXII_sims/install/dave_interfaces/include/dave_interfaces/dave_interfaces/msg/detail/usbl_response__traits.hpp
[24.563s] -- Symlinking: /home/ironie/HornetXII_sims/install/dave_interfaces/include/dave_interfaces/dave_interfaces/msg/detail/usbl_response__type_support.hpp
[24.571s] -- Symlinking: /home/ironie/HornetXII_sims/install/dave_interfaces/include/dave_interfaces/dave_interfaces/msg/dvl.hpp
[24.583s] -- Symlinking: /home/ironie/HornetXII_sims/install/dave_interfaces/include/dave_interfaces/dave_interfaces/msg/dvl_beam.hpp
[24.593s] -- Symlinking: /home/ironie/HornetXII_sims/install/dave_interfaces/include/dave_interfaces/dave_interfaces/msg/dvl_target.hpp
[24.604s] -- Symlinking: /home/ironie/HornetXII_sims/install/dave_interfaces/include/dave_interfaces/dave_interfaces/msg/location.hpp
[24.616s] -- Symlinking: /home/ironie/HornetXII_sims/install/dave_interfaces/include/dave_interfaces/dave_interfaces/msg/rosidl_generator_cpp__visibility_control.hpp
[24.628s] -- Symlinking: /home/ironie/HornetXII_sims/install/dave_interfaces/include/dave_interfaces/dave_interfaces/msg/stratified_current_database.hpp
[24.639s] -- Symlinking: /home/ironie/HornetXII_sims/install/dave_interfaces/include/dave_interfaces/dave_interfaces/msg/stratified_current_velocity.hpp
[24.648s] -- Symlinking: /home/ironie/HornetXII_sims/install/dave_interfaces/include/dave_interfaces/dave_interfaces/msg/usbl_command.hpp
[24.659s] -- Symlinking: /home/ironie/HornetXII_sims/install/dave_interfaces/include/dave_interfaces/dave_interfaces/msg/usbl_response.hpp
[24.668s] -- Symlinking: /home/ironie/HornetXII_sims/install/dave_interfaces/include/dave_interfaces/dave_interfaces/srv/detail/get_current_model__builder.hpp
[24.677s] -- Symlinking: /home/ironie/HornetXII_sims/install/dave_interfaces/include/dave_interfaces/dave_interfaces/srv/detail/get_current_model__struct.hpp
[24.686s] -- Symlinking: /home/ironie/HornetXII_sims/install/dave_interfaces/include/dave_interfaces/dave_interfaces/srv/detail/get_current_model__traits.hpp
[24.696s] -- Symlinking: /home/ironie/HornetXII_sims/install/dave_interfaces/include/dave_interfaces/dave_interfaces/srv/detail/get_current_model__type_support.hpp
[24.707s] -- Symlinking: /home/ironie/HornetXII_sims/install/dave_interfaces/include/dave_interfaces/dave_interfaces/srv/detail/get_origin_spherical_coord__builder.hpp
[24.717s] -- Symlinking: /home/ironie/HornetXII_sims/install/dave_interfaces/include/dave_interfaces/dave_interfaces/srv/detail/get_origin_spherical_coord__struct.hpp
[24.729s] -- Symlinking: /home/ironie/HornetXII_sims/install/dave_interfaces/include/dave_interfaces/dave_interfaces/srv/detail/get_origin_spherical_coord__traits.hpp
[24.743s] -- Symlinking: /home/ironie/HornetXII_sims/install/dave_interfaces/include/dave_interfaces/dave_interfaces/srv/detail/get_origin_spherical_coord__type_support.hpp
[24.757s] -- Symlinking: /home/ironie/HornetXII_sims/install/dave_interfaces/include/dave_interfaces/dave_interfaces/srv/detail/set_current_direction__builder.hpp
[24.767s] -- Symlinking: /home/ironie/HornetXII_sims/install/dave_interfaces/include/dave_interfaces/dave_interfaces/srv/detail/set_current_direction__struct.hpp
[24.777s] -- Symlinking: /home/ironie/HornetXII_sims/install/dave_interfaces/include/dave_interfaces/dave_interfaces/srv/detail/set_current_direction__traits.hpp
[24.788s] -- Symlinking: /home/ironie/HornetXII_sims/install/dave_interfaces/include/dave_interfaces/dave_interfaces/srv/detail/set_current_direction__type_support.hpp
[24.798s] -- Symlinking: /home/ironie/HornetXII_sims/install/dave_interfaces/include/dave_interfaces/dave_interfaces/srv/detail/set_current_model__builder.hpp
[24.806s] -- Symlinking: /home/ironie/HornetXII_sims/install/dave_interfaces/include/dave_interfaces/dave_interfaces/srv/detail/set_current_model__struct.hpp
[24.816s] -- Symlinking: /home/ironie/HornetXII_sims/install/dave_interfaces/include/dave_interfaces/dave_interfaces/srv/detail/set_current_model__traits.hpp
[24.826s] -- Symlinking: /home/ironie/HornetXII_sims/install/dave_interfaces/include/dave_interfaces/dave_interfaces/srv/detail/set_current_model__type_support.hpp
[24.834s] -- Symlinking: /home/ironie/HornetXII_sims/install/dave_interfaces/include/dave_interfaces/dave_interfaces/srv/detail/set_current_velocity__builder.hpp
[24.843s] -- Symlinking: /home/ironie/HornetXII_sims/install/dave_interfaces/include/dave_interfaces/dave_interfaces/srv/detail/set_current_velocity__struct.hpp
[24.853s] -- Symlinking: /home/ironie/HornetXII_sims/install/dave_interfaces/include/dave_interfaces/dave_interfaces/srv/detail/set_current_velocity__traits.hpp
[24.863s] -- Symlinking: /home/ironie/HornetXII_sims/install/dave_interfaces/include/dave_interfaces/dave_interfaces/srv/detail/set_current_velocity__type_support.hpp
[24.872s] -- Symlinking: /home/ironie/HornetXII_sims/install/dave_interfaces/include/dave_interfaces/dave_interfaces/srv/detail/set_origin_spherical_coord__builder.hpp
[24.883s] -- Symlinking: /home/ironie/HornetXII_sims/install/dave_interfaces/include/dave_interfaces/dave_interfaces/srv/detail/set_origin_spherical_coord__struct.hpp
[24.891s] -- Symlinking: /home/ironie/HornetXII_sims/install/dave_interfaces/include/dave_interfaces/dave_interfaces/srv/detail/set_origin_spherical_coord__traits.hpp
[24.901s] -- Symlinking: /home/ironie/HornetXII_sims/install/dave_interfaces/include/dave_interfaces/dave_interfaces/srv/detail/set_origin_spherical_coord__type_support.hpp
[24.910s] -- Symlinking: /home/ironie/HornetXII_sims/install/dave_interfaces/include/dave_interfaces/dave_interfaces/srv/detail/set_stratified_current_direction__builder.hpp
[24.919s] -- Symlinking: /home/ironie/HornetXII_sims/install/dave_interfaces/include/dave_interfaces/dave_interfaces/srv/detail/set_stratified_current_direction__struct.hpp
[24.928s] -- Symlinking: /home/ironie/HornetXII_sims/install/dave_interfaces/include/dave_interfaces/dave_interfaces/srv/detail/set_stratified_current_direction__traits.hpp
[24.940s] -- Symlinking: /home/ironie/HornetXII_sims/install/dave_interfaces/include/dave_interfaces/dave_interfaces/srv/detail/set_stratified_current_direction__type_support.hpp
[24.950s] -- Symlinking: /home/ironie/HornetXII_sims/install/dave_interfaces/include/dave_interfaces/dave_interfaces/srv/detail/set_stratified_current_velocity__builder.hpp
[24.958s] -- Symlinking: /home/ironie/HornetXII_sims/install/dave_interfaces/include/dave_interfaces/dave_interfaces/srv/detail/set_stratified_current_velocity__struct.hpp
[24.968s] -- Symlinking: /home/ironie/HornetXII_sims/install/dave_interfaces/include/dave_interfaces/dave_interfaces/srv/detail/set_stratified_current_velocity__traits.hpp
[24.979s] -- Symlinking: /home/ironie/HornetXII_sims/install/dave_interfaces/include/dave_interfaces/dave_interfaces/srv/detail/set_stratified_current_velocity__type_support.hpp
[24.987s] -- Symlinking: /home/ironie/HornetXII_sims/install/dave_interfaces/include/dave_interfaces/dave_interfaces/srv/detail/transform_from_spherical_coord__builder.hpp
[24.995s] -- Symlinking: /home/ironie/HornetXII_sims/install/dave_interfaces/include/dave_interfaces/dave_interfaces/srv/detail/transform_from_spherical_coord__struct.hpp
[25.005s] -- Symlinking: /home/ironie/HornetXII_sims/install/dave_interfaces/include/dave_interfaces/dave_interfaces/srv/detail/transform_from_spherical_coord__traits.hpp
[25.015s] -- Symlinking: /home/ironie/HornetXII_sims/install/dave_interfaces/include/dave_interfaces/dave_interfaces/srv/detail/transform_from_spherical_coord__type_support.hpp
[25.026s] -- Symlinking: /home/ironie/HornetXII_sims/install/dave_interfaces/include/dave_interfaces/dave_interfaces/srv/detail/transform_to_spherical_coord__builder.hpp
[25.038s] -- Symlinking: /home/ironie/HornetXII_sims/install/dave_interfaces/include/dave_interfaces/dave_interfaces/srv/detail/transform_to_spherical_coord__struct.hpp
[25.047s] -- Symlinking: /home/ironie/HornetXII_sims/install/dave_interfaces/include/dave_interfaces/dave_interfaces/srv/detail/transform_to_spherical_coord__traits.hpp
[25.056s] -- Symlinking: /home/ironie/HornetXII_sims/install/dave_interfaces/include/dave_interfaces/dave_interfaces/srv/detail/transform_to_spherical_coord__type_support.hpp
[25.068s] -- Symlinking: /home/ironie/HornetXII_sims/install/dave_interfaces/include/dave_interfaces/dave_interfaces/srv/get_current_model.hpp
[25.077s] -- Symlinking: /home/ironie/HornetXII_sims/install/dave_interfaces/include/dave_interfaces/dave_interfaces/srv/get_origin_spherical_coord.hpp
[25.086s] -- Symlinking: /home/ironie/HornetXII_sims/install/dave_interfaces/include/dave_interfaces/dave_interfaces/srv/set_current_direction.hpp
[25.095s] -- Symlinking: /home/ironie/HornetXII_sims/install/dave_interfaces/include/dave_interfaces/dave_interfaces/srv/set_current_model.hpp
[25.107s] -- Symlinking: /home/ironie/HornetXII_sims/install/dave_interfaces/include/dave_interfaces/dave_interfaces/srv/set_current_velocity.hpp
[25.117s] -- Symlinking: /home/ironie/HornetXII_sims/install/dave_interfaces/include/dave_interfaces/dave_interfaces/srv/set_origin_spherical_coord.hpp
[25.126s] -- Symlinking: /home/ironie/HornetXII_sims/install/dave_interfaces/include/dave_interfaces/dave_interfaces/srv/set_stratified_current_direction.hpp
[25.136s] -- Symlinking: /home/ironie/HornetXII_sims/install/dave_interfaces/include/dave_interfaces/dave_interfaces/srv/set_stratified_current_velocity.hpp
[25.147s] -- Symlinking: /home/ironie/HornetXII_sims/install/dave_interfaces/include/dave_interfaces/dave_interfaces/srv/transform_from_spherical_coord.hpp
[25.159s] -- Symlinking: /home/ironie/HornetXII_sims/install/dave_interfaces/include/dave_interfaces/dave_interfaces/srv/transform_to_spherical_coord.hpp
[25.170s] -- Symlinking: /home/ironie/HornetXII_sims/install/dave_interfaces/include/dave_interfaces/dave_interfaces/msg/detail/dvl__rosidl_typesupport_fastrtps_cpp.hpp
[25.180s] -- Symlinking: /home/ironie/HornetXII_sims/install/dave_interfaces/include/dave_interfaces/dave_interfaces/msg/detail/dvl_beam__rosidl_typesupport_fastrtps_cpp.hpp
[25.189s] -- Symlinking: /home/ironie/HornetXII_sims/install/dave_interfaces/include/dave_interfaces/dave_interfaces/msg/detail/dvl_target__rosidl_typesupport_fastrtps_cpp.hpp
[25.198s] -- Symlinking: /home/ironie/HornetXII_sims/install/dave_interfaces/include/dave_interfaces/dave_interfaces/msg/detail/location__rosidl_typesupport_fastrtps_cpp.hpp
[25.208s] -- Symlinking: /home/ironie/HornetXII_sims/install/dave_interfaces/include/dave_interfaces/dave_interfaces/msg/detail/stratified_current_database__rosidl_typesupport_fastrtps_cpp.hpp
[25.218s] -- Symlinking: /home/ironie/HornetXII_sims/install/dave_interfaces/include/dave_interfaces/dave_interfaces/msg/detail/stratified_current_velocity__rosidl_typesupport_fastrtps_cpp.hpp
[25.227s] -- Symlinking: /home/ironie/HornetXII_sims/install/dave_interfaces/include/dave_interfaces/dave_interfaces/msg/detail/usbl_command__rosidl_typesupport_fastrtps_cpp.hpp
[25.238s] -- Symlinking: /home/ironie/HornetXII_sims/install/dave_interfaces/include/dave_interfaces/dave_interfaces/msg/detail/usbl_response__rosidl_typesupport_fastrtps_cpp.hpp
[25.247s] -- Symlinking: /home/ironie/HornetXII_sims/install/dave_interfaces/include/dave_interfaces/dave_interfaces/msg/rosidl_typesupport_fastrtps_cpp__visibility_control.h
[25.258s] -- Symlinking: /home/ironie/HornetXII_sims/install/dave_interfaces/include/dave_interfaces/dave_interfaces/srv/detail/get_current_model__rosidl_typesupport_fastrtps_cpp.hpp
[25.268s] -- Symlinking: /home/ironie/HornetXII_sims/install/dave_interfaces/include/dave_interfaces/dave_interfaces/srv/detail/get_origin_spherical_coord__rosidl_typesupport_fastrtps_cpp.hpp
[25.278s] -- Symlinking: /home/ironie/HornetXII_sims/install/dave_interfaces/include/dave_interfaces/dave_interfaces/srv/detail/set_current_direction__rosidl_typesupport_fastrtps_cpp.hpp
[25.288s] -- Symlinking: /home/ironie/HornetXII_sims/install/dave_interfaces/include/dave_interfaces/dave_interfaces/srv/detail/set_current_model__rosidl_typesupport_fastrtps_cpp.hpp
[25.298s] -- Symlinking: /home/ironie/HornetXII_sims/install/dave_interfaces/include/dave_interfaces/dave_interfaces/srv/detail/set_current_velocity__rosidl_typesupport_fastrtps_cpp.hpp
[25.307s] -- Symlinking: /home/ironie/HornetXII_sims/install/dave_interfaces/include/dave_interfaces/dave_interfaces/srv/detail/set_origin_spherical_coord__rosidl_typesupport_fastrtps_cpp.hpp
[25.318s] -- Symlinking: /home/ironie/HornetXII_sims/install/dave_interfaces/include/dave_interfaces/dave_interfaces/srv/detail/set_stratified_current_direction__rosidl_typesupport_fastrtps_cpp.hpp
[25.328s] -- Symlinking: /home/ironie/HornetXII_sims/install/dave_interfaces/include/dave_interfaces/dave_interfaces/srv/detail/set_stratified_current_velocity__rosidl_typesupport_fastrtps_cpp.hpp
[25.337s] -- Symlinking: /home/ironie/HornetXII_sims/install/dave_interfaces/include/dave_interfaces/dave_interfaces/srv/detail/transform_from_spherical_coord__rosidl_typesupport_fastrtps_cpp.hpp
[25.351s] -- Symlinking: /home/ironie/HornetXII_sims/install/dave_interfaces/include/dave_interfaces/dave_interfaces/srv/detail/transform_to_spherical_coord__rosidl_typesupport_fastrtps_cpp.hpp
[25.363s] -- Symlinking: /home/ironie/HornetXII_sims/install/dave_interfaces/include/dave_interfaces/dave_interfaces/msg/detail/dvl__rosidl_typesupport_introspection_c.h
[25.372s] -- Symlinking: /home/ironie/HornetXII_sims/install/dave_interfaces/include/dave_interfaces/dave_interfaces/msg/detail/dvl_beam__rosidl_typesupport_introspection_c.h
[25.383s] -- Symlinking: /home/ironie/HornetXII_sims/install/dave_interfaces/include/dave_interfaces/dave_interfaces/msg/detail/dvl_target__rosidl_typesupport_introspection_c.h
[25.393s] -- Symlinking: /home/ironie/HornetXII_sims/install/dave_interfaces/include/dave_interfaces/dave_interfaces/msg/detail/location__rosidl_typesupport_introspection_c.h
[25.403s] -- Symlinking: /home/ironie/HornetXII_sims/install/dave_interfaces/include/dave_interfaces/dave_interfaces/msg/detail/stratified_current_database__rosidl_typesupport_introspection_c.h
[25.414s] -- Symlinking: /home/ironie/HornetXII_sims/install/dave_interfaces/include/dave_interfaces/dave_interfaces/msg/detail/stratified_current_velocity__rosidl_typesupport_introspection_c.h
[25.425s] -- Symlinking: /home/ironie/HornetXII_sims/install/dave_interfaces/include/dave_interfaces/dave_interfaces/msg/detail/usbl_command__rosidl_typesupport_introspection_c.h
[25.434s] -- Symlinking: /home/ironie/HornetXII_sims/install/dave_interfaces/include/dave_interfaces/dave_interfaces/msg/detail/usbl_response__rosidl_typesupport_introspection_c.h
[25.443s] -- Symlinking: /home/ironie/HornetXII_sims/install/dave_interfaces/include/dave_interfaces/dave_interfaces/msg/rosidl_typesupport_introspection_c__visibility_control.h
[25.453s] -- Symlinking: /home/ironie/HornetXII_sims/install/dave_interfaces/include/dave_interfaces/dave_interfaces/srv/detail/get_current_model__rosidl_typesupport_introspection_c.h
[25.463s] -- Symlinking: /home/ironie/HornetXII_sims/install/dave_interfaces/include/dave_interfaces/dave_interfaces/srv/detail/get_origin_spherical_coord__rosidl_typesupport_introspection_c.h
[25.472s] -- Symlinking: /home/ironie/HornetXII_sims/install/dave_interfaces/include/dave_interfaces/dave_interfaces/srv/detail/set_current_direction__rosidl_typesupport_introspection_c.h
[25.482s] -- Symlinking: /home/ironie/HornetXII_sims/install/dave_interfaces/include/dave_interfaces/dave_interfaces/srv/detail/set_current_model__rosidl_typesupport_introspection_c.h
[25.494s] -- Symlinking: /home/ironie/HornetXII_sims/install/dave_interfaces/include/dave_interfaces/dave_interfaces/srv/detail/set_current_velocity__rosidl_typesupport_introspection_c.h
[25.503s] -- Symlinking: /home/ironie/HornetXII_sims/install/dave_interfaces/include/dave_interfaces/dave_interfaces/srv/detail/set_origin_spherical_coord__rosidl_typesupport_introspection_c.h
[25.513s] -- Symlinking: /home/ironie/HornetXII_sims/install/dave_interfaces/include/dave_interfaces/dave_interfaces/srv/detail/set_stratified_current_direction__rosidl_typesupport_introspection_c.h
[25.523s] -- Symlinking: /home/ironie/HornetXII_sims/install/dave_interfaces/include/dave_interfaces/dave_interfaces/srv/detail/set_stratified_current_velocity__rosidl_typesupport_introspection_c.h
[25.534s] -- Symlinking: /home/ironie/HornetXII_sims/install/dave_interfaces/include/dave_interfaces/dave_interfaces/srv/detail/transform_from_spherical_coord__rosidl_typesupport_introspection_c.h
[25.545s] -- Symlinking: /home/ironie/HornetXII_sims/install/dave_interfaces/include/dave_interfaces/dave_interfaces/srv/detail/transform_to_spherical_coord__rosidl_typesupport_introspection_c.h
[25.556s] -- Symlinking: /home/ironie/HornetXII_sims/install/dave_interfaces/include/dave_interfaces/dave_interfaces/msg/detail/dvl__rosidl_typesupport_introspection_cpp.hpp
[25.566s] -- Symlinking: /home/ironie/HornetXII_sims/install/dave_interfaces/include/dave_interfaces/dave_interfaces/msg/detail/dvl_beam__rosidl_typesupport_introspection_cpp.hpp
[25.575s] -- Symlinking: /home/ironie/HornetXII_sims/install/dave_interfaces/include/dave_interfaces/dave_interfaces/msg/detail/dvl_target__rosidl_typesupport_introspection_cpp.hpp
[25.584s] -- Symlinking: /home/ironie/HornetXII_sims/install/dave_interfaces/include/dave_interfaces/dave_interfaces/msg/detail/location__rosidl_typesupport_introspection_cpp.hpp
[25.594s] -- Symlinking: /home/ironie/HornetXII_sims/install/dave_interfaces/include/dave_interfaces/dave_interfaces/msg/detail/stratified_current_database__rosidl_typesupport_introspection_cpp.hpp
[25.603s] -- Symlinking: /home/ironie/HornetXII_sims/install/dave_interfaces/include/dave_interfaces/dave_interfaces/msg/detail/stratified_current_velocity__rosidl_typesupport_introspection_cpp.hpp
[25.612s] -- Symlinking: /home/ironie/HornetXII_sims/install/dave_interfaces/include/dave_interfaces/dave_interfaces/msg/detail/usbl_command__rosidl_typesupport_introspection_cpp.hpp
[25.622s] -- Symlinking: /home/ironie/HornetXII_sims/install/dave_interfaces/include/dave_interfaces/dave_interfaces/msg/detail/usbl_response__rosidl_typesupport_introspection_cpp.hpp
[25.632s] -- Symlinking: /home/ironie/HornetXII_sims/install/dave_interfaces/include/dave_interfaces/dave_interfaces/srv/detail/get_current_model__rosidl_typesupport_introspection_cpp.hpp
[25.641s] -- Symlinking: /home/ironie/HornetXII_sims/install/dave_interfaces/include/dave_interfaces/dave_interfaces/srv/detail/get_origin_spherical_coord__rosidl_typesupport_introspection_cpp.hpp
[25.651s] -- Symlinking: /home/ironie/HornetXII_sims/install/dave_interfaces/include/dave_interfaces/dave_interfaces/srv/detail/set_current_direction__rosidl_typesupport_introspection_cpp.hpp
[25.660s] -- Symlinking: /home/ironie/HornetXII_sims/install/dave_interfaces/include/dave_interfaces/dave_interfaces/srv/detail/set_current_model__rosidl_typesupport_introspection_cpp.hpp
[25.669s] -- Symlinking: /home/ironie/HornetXII_sims/install/dave_interfaces/include/dave_interfaces/dave_interfaces/srv/detail/set_current_velocity__rosidl_typesupport_introspection_cpp.hpp
[25.678s] -- Symlinking: /home/ironie/HornetXII_sims/install/dave_interfaces/include/dave_interfaces/dave_interfaces/srv/detail/set_origin_spherical_coord__rosidl_typesupport_introspection_cpp.hpp
[25.687s] -- Symlinking: /home/ironie/HornetXII_sims/install/dave_interfaces/include/dave_interfaces/dave_interfaces/srv/detail/set_stratified_current_direction__rosidl_typesupport_introspection_cpp.hpp
[25.696s] -- Symlinking: /home/ironie/HornetXII_sims/install/dave_interfaces/include/dave_interfaces/dave_interfaces/srv/detail/set_stratified_current_velocity__rosidl_typesupport_introspection_cpp.hpp
[25.706s] -- Symlinking: /home/ironie/HornetXII_sims/install/dave_interfaces/include/dave_interfaces/dave_interfaces/srv/detail/transform_from_spherical_coord__rosidl_typesupport_introspection_cpp.hpp
[25.716s] -- Symlinking: /home/ironie/HornetXII_sims/install/dave_interfaces/include/dave_interfaces/dave_interfaces/srv/detail/transform_to_spherical_coord__rosidl_typesupport_introspection_cpp.hpp
[25.725s] -- Symlinking: /home/ironie/HornetXII_sims/install/dave_interfaces/share/dave_interfaces/environment/pythonpath.sh
[25.736s] -- Symlinking: /home/ironie/HornetXII_sims/install/dave_interfaces/share/dave_interfaces/environment/pythonpath.dsv
[25.746s] -- Symlinking: /home/ironie/HornetXII_sims/install/dave_interfaces/lib/python3.12/site-packages/dave_interfaces-0.0.0-py3.12.egg-info/PKG-INFO
[25.759s] -- Symlinking: /home/ironie/HornetXII_sims/install/dave_interfaces/lib/python3.12/site-packages/dave_interfaces-0.0.0-py3.12.egg-info/SOURCES.txt
[25.769s] -- Symlinking: /home/ironie/HornetXII_sims/install/dave_interfaces/lib/python3.12/site-packages/dave_interfaces-0.0.0-py3.12.egg-info/dependency_links.txt
[25.779s] -- Symlinking: /home/ironie/HornetXII_sims/install/dave_interfaces/lib/python3.12/site-packages/dave_interfaces-0.0.0-py3.12.egg-info/top_level.txt
[25.790s] -- Symlinking: /home/ironie/HornetXII_sims/install/dave_interfaces/lib/python3.12/site-packages/dave_interfaces/__init__.py
[25.802s] -- Symlinking: /home/ironie/HornetXII_sims/install/dave_interfaces/lib/python3.12/site-packages/dave_interfaces/_dave_interfaces_s.ep.rosidl_typesupport_c.c
[25.812s] -- Symlinking: /home/ironie/HornetXII_sims/install/dave_interfaces/lib/python3.12/site-packages/dave_interfaces/_dave_interfaces_s.ep.rosidl_typesupport_fastrtps_c.c
[25.822s] -- Symlinking: /home/ironie/HornetXII_sims/install/dave_interfaces/lib/python3.12/site-packages/dave_interfaces/_dave_interfaces_s.ep.rosidl_typesupport_introspection_c.c
[25.834s] -- Symlinking: /home/ironie/HornetXII_sims/install/dave_interfaces/lib/python3.12/site-packages/dave_interfaces/dave_interfaces_s__rosidl_typesupport_c.so
[25.845s] -- Symlinking: /home/ironie/HornetXII_sims/install/dave_interfaces/lib/python3.12/site-packages/dave_interfaces/dave_interfaces_s__rosidl_typesupport_fastrtps_c.so
[25.858s] -- Symlinking: /home/ironie/HornetXII_sims/install/dave_interfaces/lib/python3.12/site-packages/dave_interfaces/dave_interfaces_s__rosidl_typesupport_introspection_c.so
[25.870s] -- Symlinking: /home/ironie/HornetXII_sims/install/dave_interfaces/lib/python3.12/site-packages/dave_interfaces/msg/__init__.py
[25.880s] -- Symlinking: /home/ironie/HornetXII_sims/install/dave_interfaces/lib/python3.12/site-packages/dave_interfaces/msg/_dvl.py
[25.890s] -- Symlinking: /home/ironie/HornetXII_sims/install/dave_interfaces/lib/python3.12/site-packages/dave_interfaces/msg/_dvl_beam.py
[25.901s] -- Symlinking: /home/ironie/HornetXII_sims/install/dave_interfaces/lib/python3.12/site-packages/dave_interfaces/msg/_dvl_beam_s.c
[25.911s] -- Symlinking: /home/ironie/HornetXII_sims/install/dave_interfaces/lib/python3.12/site-packages/dave_interfaces/msg/_dvl_s.c
[25.920s] -- Symlinking: /home/ironie/HornetXII_sims/install/dave_interfaces/lib/python3.12/site-packages/dave_interfaces/msg/_dvl_target.py
[25.930s] -- Symlinking: /home/ironie/HornetXII_sims/install/dave_interfaces/lib/python3.12/site-packages/dave_interfaces/msg/_dvl_target_s.c
[25.941s] -- Symlinking: /home/ironie/HornetXII_sims/install/dave_interfaces/lib/python3.12/site-packages/dave_interfaces/msg/_location.py
[25.955s] -- Symlinking: /home/ironie/HornetXII_sims/install/dave_interfaces/lib/python3.12/site-packages/dave_interfaces/msg/_location_s.c
[25.965s] -- Symlinking: /home/ironie/HornetXII_sims/install/dave_interfaces/lib/python3.12/site-packages/dave_interfaces/msg/_stratified_current_database.py
[25.976s] -- Symlinking: /home/ironie/HornetXII_sims/install/dave_interfaces/lib/python3.12/site-packages/dave_interfaces/msg/_stratified_current_database_s.c
[25.987s] -- Symlinking: /home/ironie/HornetXII_sims/install/dave_interfaces/lib/python3.12/site-packages/dave_interfaces/msg/_stratified_current_velocity.py
[25.996s] -- Symlinking: /home/ironie/HornetXII_sims/install/dave_interfaces/lib/python3.12/site-packages/dave_interfaces/msg/_stratified_current_velocity_s.c
[26.006s] -- Symlinking: /home/ironie/HornetXII_sims/install/dave_interfaces/lib/python3.12/site-packages/dave_interfaces/msg/_usbl_command.py
[26.015s] -- Symlinking: /home/ironie/HornetXII_sims/install/dave_interfaces/lib/python3.12/site-packages/dave_interfaces/msg/_usbl_command_s.c
[26.024s] -- Symlinking: /home/ironie/HornetXII_sims/install/dave_interfaces/lib/python3.12/site-packages/dave_interfaces/msg/_usbl_response.py
[26.032s] -- Symlinking: /home/ironie/HornetXII_sims/install/dave_interfaces/lib/python3.12/site-packages/dave_interfaces/msg/_usbl_response_s.c
[26.043s] -- Symlinking: /home/ironie/HornetXII_sims/install/dave_interfaces/lib/python3.12/site-packages/dave_interfaces/srv/__init__.py
[26.052s] -- Symlinking: /home/ironie/HornetXII_sims/install/dave_interfaces/lib/python3.12/site-packages/dave_interfaces/srv/_get_current_model.py
[26.061s] -- Symlinking: /home/ironie/HornetXII_sims/install/dave_interfaces/lib/python3.12/site-packages/dave_interfaces/srv/_get_current_model_s.c
[26.071s] -- Symlinking: /home/ironie/HornetXII_sims/install/dave_interfaces/lib/python3.12/site-packages/dave_interfaces/srv/_get_origin_spherical_coord.py
[26.080s] -- Symlinking: /home/ironie/HornetXII_sims/install/dave_interfaces/lib/python3.12/site-packages/dave_interfaces/srv/_get_origin_spherical_coord_s.c
[26.089s] -- Symlinking: /home/ironie/HornetXII_sims/install/dave_interfaces/lib/python3.12/site-packages/dave_interfaces/srv/_set_current_direction.py
[26.099s] -- Symlinking: /home/ironie/HornetXII_sims/install/dave_interfaces/lib/python3.12/site-packages/dave_interfaces/srv/_set_current_direction_s.c
[26.111s] -- Symlinking: /home/ironie/HornetXII_sims/install/dave_interfaces/lib/python3.12/site-packages/dave_interfaces/srv/_set_current_model.py
[26.121s] -- Symlinking: /home/ironie/HornetXII_sims/install/dave_interfaces/lib/python3.12/site-packages/dave_interfaces/srv/_set_current_model_s.c
[26.129s] -- Symlinking: /home/ironie/HornetXII_sims/install/dave_interfaces/lib/python3.12/site-packages/dave_interfaces/srv/_set_current_velocity.py
[26.139s] -- Symlinking: /home/ironie/HornetXII_sims/install/dave_interfaces/lib/python3.12/site-packages/dave_interfaces/srv/_set_current_velocity_s.c
[26.150s] -- Symlinking: /home/ironie/HornetXII_sims/install/dave_interfaces/lib/python3.12/site-packages/dave_interfaces/srv/_set_origin_spherical_coord.py
[26.159s] -- Symlinking: /home/ironie/HornetXII_sims/install/dave_interfaces/lib/python3.12/site-packages/dave_interfaces/srv/_set_origin_spherical_coord_s.c
[26.168s] -- Symlinking: /home/ironie/HornetXII_sims/install/dave_interfaces/lib/python3.12/site-packages/dave_interfaces/srv/_set_stratified_current_direction.py
[26.180s] -- Symlinking: /home/ironie/HornetXII_sims/install/dave_interfaces/lib/python3.12/site-packages/dave_interfaces/srv/_set_stratified_current_direction_s.c
[26.188s] -- Symlinking: /home/ironie/HornetXII_sims/install/dave_interfaces/lib/python3.12/site-packages/dave_interfaces/srv/_set_stratified_current_velocity.py
[26.198s] -- Symlinking: /home/ironie/HornetXII_sims/install/dave_interfaces/lib/python3.12/site-packages/dave_interfaces/srv/_set_stratified_current_velocity_s.c
[26.209s] -- Symlinking: /home/ironie/HornetXII_sims/install/dave_interfaces/lib/python3.12/site-packages/dave_interfaces/srv/_transform_from_spherical_coord.py
[26.217s] -- Symlinking: /home/ironie/HornetXII_sims/install/dave_interfaces/lib/python3.12/site-packages/dave_interfaces/srv/_transform_from_spherical_coord_s.c
[26.226s] -- Symlinking: /home/ironie/HornetXII_sims/install/dave_interfaces/lib/python3.12/site-packages/dave_interfaces/srv/_transform_to_spherical_coord.py
[26.236s] -- Symlinking: /home/ironie/HornetXII_sims/install/dave_interfaces/lib/python3.12/site-packages/dave_interfaces/srv/_transform_to_spherical_coord_s.c
[26.246s] -- Up-to-date symlink: /home/ironie/HornetXII_sims/install/dave_interfaces/lib/python3.12/site-packages/dave_interfaces/dave_interfaces_s__rosidl_typesupport_fastrtps_c.so
[26.246s] -- Up-to-date symlink: /home/ironie/HornetXII_sims/install/dave_interfaces/lib/python3.12/site-packages/dave_interfaces/dave_interfaces_s__rosidl_typesupport_introspection_c.so
[26.247s] -- Up-to-date symlink: /home/ironie/HornetXII_sims/install/dave_interfaces/lib/python3.12/site-packages/dave_interfaces/dave_interfaces_s__rosidl_typesupport_c.so
[26.248s] -- Symlinking: /home/ironie/HornetXII_sims/install/dave_interfaces/share/dave_interfaces/rust/Cargo.toml
[26.260s] -- Symlinking: /home/ironie/HornetXII_sims/install/dave_interfaces/share/dave_interfaces/rust/build.rs
[26.269s] -- Symlinking: /home/ironie/HornetXII_sims/install/dave_interfaces/share/dave_interfaces/rust/src/lib.rs
[26.278s] -- Symlinking: /home/ironie/HornetXII_sims/install/dave_interfaces/share/dave_interfaces/rust/src/msg.rs
[26.287s] -- Symlinking: /home/ironie/HornetXII_sims/install/dave_interfaces/share/dave_interfaces/rust/src/msg/rmw.rs
[26.297s] -- Symlinking: /home/ironie/HornetXII_sims/install/dave_interfaces/share/dave_interfaces/rust/src/srv.rs
[26.307s] -- Symlinking: /home/ironie/HornetXII_sims/install/dave_interfaces/share/dave_interfaces/rust/src/srv/rmw.rs
[26.316s] -- Symlinking: /home/ironie/HornetXII_sims/install/dave_interfaces/share/dave_interfaces/msg/UsblCommand.idl
[26.324s] -- Symlinking: /home/ironie/HornetXII_sims/install/dave_interfaces/share/dave_interfaces/msg/UsblResponse.idl
[26.333s] -- Symlinking: /home/ironie/HornetXII_sims/install/dave_interfaces/share/dave_interfaces/msg/Location.idl
[26.343s] -- Symlinking: /home/ironie/HornetXII_sims/install/dave_interfaces/share/dave_interfaces/msg/DVL.idl
[26.356s] -- Symlinking: /home/ironie/HornetXII_sims/install/dave_interfaces/share/dave_interfaces/msg/DVLBeam.idl
[26.368s] -- Symlinking: /home/ironie/HornetXII_sims/install/dave_interfaces/share/dave_interfaces/msg/DVLTarget.idl
[26.376s] -- Symlinking: /home/ironie/HornetXII_sims/install/dave_interfaces/share/dave_interfaces/msg/StratifiedCurrentVelocity.idl
[26.387s] -- Symlinking: /home/ironie/HornetXII_sims/install/dave_interfaces/share/dave_interfaces/msg/StratifiedCurrentDatabase.idl
[26.397s] -- Symlinking: /home/ironie/HornetXII_sims/install/dave_interfaces/share/dave_interfaces/srv/SetOriginSphericalCoord.idl
[26.406s] -- Symlinking: /home/ironie/HornetXII_sims/install/dave_interfaces/share/dave_interfaces/srv/GetOriginSphericalCoord.idl
[26.415s] -- Symlinking: /home/ironie/HornetXII_sims/install/dave_interfaces/share/dave_interfaces/srv/TransformToSphericalCoord.idl
[26.425s] -- Symlinking: /home/ironie/HornetXII_sims/install/dave_interfaces/share/dave_interfaces/srv/TransformFromSphericalCoord.idl
[26.436s] -- Symlinking: /home/ironie/HornetXII_sims/install/dave_interfaces/share/dave_interfaces/srv/GetCurrentModel.idl
[26.445s] -- Symlinking: /home/ironie/HornetXII_sims/install/dave_interfaces/share/dave_interfaces/srv/SetCurrentModel.idl
[26.454s] -- Symlinking: /home/ironie/HornetXII_sims/install/dave_interfaces/share/dave_interfaces/srv/SetCurrentDirection.idl
[26.464s] -- Symlinking: /home/ironie/HornetXII_sims/install/dave_interfaces/share/dave_interfaces/srv/SetCurrentVelocity.idl
[26.473s] -- Symlinking: /home/ironie/HornetXII_sims/install/dave_interfaces/share/dave_interfaces/srv/SetStratifiedCurrentVelocity.idl
[26.484s] -- Symlinking: /home/ironie/HornetXII_sims/install/dave_interfaces/share/dave_interfaces/srv/SetStratifiedCurrentDirection.idl
[26.494s] -- Symlinking: /home/ironie/HornetXII_sims/install/dave_interfaces/share/dave_interfaces/msg/UsblCommand.msg
[26.503s] -- Symlinking: /home/ironie/HornetXII_sims/install/dave_interfaces/share/dave_interfaces/msg/UsblResponse.msg
[26.512s] -- Symlinking: /home/ironie/HornetXII_sims/install/dave_interfaces/share/dave_interfaces/msg/Location.msg
[26.521s] -- Symlinking: /home/ironie/HornetXII_sims/install/dave_interfaces/share/dave_interfaces/msg/DVL.msg
[26.530s] -- Symlinking: /home/ironie/HornetXII_sims/install/dave_interfaces/share/dave_interfaces/msg/DVLBeam.msg
[26.543s] -- Symlinking: /home/ironie/HornetXII_sims/install/dave_interfaces/share/dave_interfaces/msg/DVLTarget.msg
[26.556s] -- Symlinking: /home/ironie/HornetXII_sims/install/dave_interfaces/share/dave_interfaces/msg/StratifiedCurrentVelocity.msg
[26.567s] -- Symlinking: /home/ironie/HornetXII_sims/install/dave_interfaces/share/dave_interfaces/msg/StratifiedCurrentDatabase.msg
[26.578s] -- Symlinking: /home/ironie/HornetXII_sims/install/dave_interfaces/share/dave_interfaces/srv/SetOriginSphericalCoord.srv
[26.588s] -- Symlinking: /home/ironie/HornetXII_sims/install/dave_interfaces/share/dave_interfaces/srv/GetOriginSphericalCoord.srv
[26.598s] -- Symlinking: /home/ironie/HornetXII_sims/install/dave_interfaces/share/dave_interfaces/srv/TransformToSphericalCoord.srv
[26.606s] -- Symlinking: /home/ironie/HornetXII_sims/install/dave_interfaces/share/dave_interfaces/srv/TransformFromSphericalCoord.srv
[26.619s] -- Symlinking: /home/ironie/HornetXII_sims/install/dave_interfaces/share/dave_interfaces/srv/GetCurrentModel.srv
[26.629s] -- Symlinking: /home/ironie/HornetXII_sims/install/dave_interfaces/share/dave_interfaces/srv/SetCurrentModel.srv
[26.638s] -- Symlinking: /home/ironie/HornetXII_sims/install/dave_interfaces/share/dave_interfaces/srv/SetCurrentDirection.srv
[26.648s] -- Symlinking: /home/ironie/HornetXII_sims/install/dave_interfaces/share/dave_interfaces/srv/SetCurrentVelocity.srv
[26.661s] -- Symlinking: /home/ironie/HornetXII_sims/install/dave_interfaces/share/dave_interfaces/srv/SetStratifiedCurrentVelocity.srv
[26.674s] -- Symlinking: /home/ironie/HornetXII_sims/install/dave_interfaces/share/dave_interfaces/srv/SetStratifiedCurrentDirection.srv
[26.688s] -- Symlinking: /home/ironie/HornetXII_sims/install/dave_interfaces/share/dave_interfaces/package.xml
[26.701s] -- Symlinking: /home/ironie/HornetXII_sims/install/dave_interfaces/share/ament_index/resource_index/package_run_dependencies/dave_interfaces
[26.715s] -- Symlinking: /home/ironie/HornetXII_sims/install/dave_interfaces/share/ament_index/resource_index/parent_prefix_path/dave_interfaces
[26.731s] -- Symlinking: /home/ironie/HornetXII_sims/install/dave_interfaces/share/dave_interfaces/environment/ament_prefix_path.sh
[26.743s] -- Symlinking: /home/ironie/HornetXII_sims/install/dave_interfaces/share/dave_interfaces/environment/ament_prefix_path.dsv
[26.756s] -- Symlinking: /home/ironie/HornetXII_sims/install/dave_interfaces/share/dave_interfaces/environment/path.sh
[26.769s] -- Symlinking: /home/ironie/HornetXII_sims/install/dave_interfaces/share/dave_interfaces/environment/path.dsv
[26.781s] -- Symlinking: /home/ironie/HornetXII_sims/install/dave_interfaces/share/dave_interfaces/local_setup.bash
[26.793s] -- Symlinking: /home/ironie/HornetXII_sims/install/dave_interfaces/share/dave_interfaces/local_setup.sh
[26.808s] -- Symlinking: /home/ironie/HornetXII_sims/install/dave_interfaces/share/dave_interfaces/local_setup.zsh
[26.821s] -- Symlinking: /home/ironie/HornetXII_sims/install/dave_interfaces/share/dave_interfaces/local_setup.dsv
[26.832s] -- Symlinking: /home/ironie/HornetXII_sims/install/dave_interfaces/share/dave_interfaces/package.dsv
[26.849s] -- Symlinking: /home/ironie/HornetXII_sims/install/dave_interfaces/share/ament_index/resource_index/packages/dave_interfaces
[26.863s] -- Symlinking: /home/ironie/HornetXII_sims/install/dave_interfaces/share/dave_interfaces/cmake/rosidl_cmake-extras.cmake
[26.877s] -- Symlinking: /home/ironie/HornetXII_sims/install/dave_interfaces/share/dave_interfaces/cmake/ament_cmake_export_dependencies-extras.cmake
[26.888s] -- Symlinking: /home/ironie/HornetXII_sims/install/dave_interfaces/share/dave_interfaces/cmake/ament_cmake_export_include_directories-extras.cmake
[26.900s] -- Symlinking: /home/ironie/HornetXII_sims/install/dave_interfaces/share/dave_interfaces/cmake/ament_cmake_export_libraries-extras.cmake
[26.911s] -- Symlinking: /home/ironie/HornetXII_sims/install/dave_interfaces/share/dave_interfaces/cmake/ament_cmake_export_targets-extras.cmake
[26.922s] -- Symlinking: /home/ironie/HornetXII_sims/install/dave_interfaces/share/dave_interfaces/cmake/rosidl_cmake_export_typesupport_targets-extras.cmake
[26.932s] -- Symlinking: /home/ironie/HornetXII_sims/install/dave_interfaces/share/dave_interfaces/cmake/rosidl_cmake_export_typesupport_libraries-extras.cmake
[26.942s] -- Symlinking: /home/ironie/HornetXII_sims/install/dave_interfaces/share/dave_interfaces/cmake/rosidl_cmake_aggregate_target-extras.cmake
[26.952s] -- Symlinking: /home/ironie/HornetXII_sims/install/dave_interfaces/share/dave_interfaces/cmake/dave_interfacesConfig.cmake
[26.962s] -- Symlinking: /home/ironie/HornetXII_sims/install/dave_interfaces/share/dave_interfaces/cmake/dave_interfacesConfig-version.cmake
[26.972s] -- Up-to-date symlink: /home/ironie/HornetXII_sims/install/dave_interfaces/share/dave_interfaces/package.xml
[26.972s] -- Installing: /home/ironie/HornetXII_sims/install/dave_interfaces/lib/libdave_interfaces__rosidl_generator_c.so
[26.973s] -- Set non-toolchain portion of runtime path of "/home/ironie/HornetXII_sims/install/dave_interfaces/lib/libdave_interfaces__rosidl_generator_c.so" to ""
[26.973s] -- Installing: /home/ironie/HornetXII_sims/install/dave_interfaces/lib/libdave_interfaces__rosidl_typesupport_fastrtps_c.so
[26.973s] -- Set non-toolchain portion of runtime path of "/home/ironie/HornetXII_sims/install/dave_interfaces/lib/libdave_interfaces__rosidl_typesupport_fastrtps_c.so" to ""
[26.974s] -- Installing: /home/ironie/HornetXII_sims/install/dave_interfaces/lib/libdave_interfaces__rosidl_typesupport_fastrtps_cpp.so
[26.975s] -- Set non-toolchain portion of runtime path of "/home/ironie/HornetXII_sims/install/dave_interfaces/lib/libdave_interfaces__rosidl_typesupport_fastrtps_cpp.so" to ""
[26.975s] -- Installing: /home/ironie/HornetXII_sims/install/dave_interfaces/lib/libdave_interfaces__rosidl_typesupport_introspection_c.so
[26.975s] -- Set non-toolchain portion of runtime path of "/home/ironie/HornetXII_sims/install/dave_interfaces/lib/libdave_interfaces__rosidl_typesupport_introspection_c.so" to ""
[26.975s] -- Installing: /home/ironie/HornetXII_sims/install/dave_interfaces/lib/libdave_interfaces__rosidl_typesupport_c.so
[26.975s] -- Set non-toolchain portion of runtime path of "/home/ironie/HornetXII_sims/install/dave_interfaces/lib/libdave_interfaces__rosidl_typesupport_c.so" to ""
[26.976s] -- Installing: /home/ironie/HornetXII_sims/install/dave_interfaces/lib/libdave_interfaces__rosidl_typesupport_introspection_cpp.so
[26.976s] -- Set non-toolchain portion of runtime path of "/home/ironie/HornetXII_sims/install/dave_interfaces/lib/libdave_interfaces__rosidl_typesupport_introspection_cpp.so" to ""
[26.977s] -- Installing: /home/ironie/HornetXII_sims/install/dave_interfaces/lib/libdave_interfaces__rosidl_typesupport_cpp.so
[26.978s] -- Set non-toolchain portion of runtime path of "/home/ironie/HornetXII_sims/install/dave_interfaces/lib/libdave_interfaces__rosidl_typesupport_cpp.so" to ""
[27.081s] Listing '/home/ironie/HornetXII_sims/install/dave_interfaces/lib/python3.12/site-packages/dave_interfaces'...
[27.081s] Compiling '/home/ironie/HornetXII_sims/install/dave_interfaces/lib/python3.12/site-packages/dave_interfaces/__init__.py'...
[27.081s] Listing '/home/ironie/HornetXII_sims/install/dave_interfaces/lib/python3.12/site-packages/dave_interfaces/msg'...
[27.081s] Compiling '/home/ironie/HornetXII_sims/install/dave_interfaces/lib/python3.12/site-packages/dave_interfaces/msg/__init__.py'...
[27.081s] Compiling '/home/ironie/HornetXII_sims/install/dave_interfaces/lib/python3.12/site-packages/dave_interfaces/msg/_dvl.py'...
[27.081s] Compiling '/home/ironie/HornetXII_sims/install/dave_interfaces/lib/python3.12/site-packages/dave_interfaces/msg/_dvl_beam.py'...
[27.081s] Compiling '/home/ironie/HornetXII_sims/install/dave_interfaces/lib/python3.12/site-packages/dave_interfaces/msg/_dvl_target.py'...
[27.081s] Compiling '/home/ironie/HornetXII_sims/install/dave_interfaces/lib/python3.12/site-packages/dave_interfaces/msg/_location.py'...
[27.081s] Compiling '/home/ironie/HornetXII_sims/install/dave_interfaces/lib/python3.12/site-packages/dave_interfaces/msg/_stratified_current_database.py'...
[27.081s] Compiling '/home/ironie/HornetXII_sims/install/dave_interfaces/lib/python3.12/site-packages/dave_interfaces/msg/_stratified_current_velocity.py'...
[27.081s] Compiling '/home/ironie/HornetXII_sims/install/dave_interfaces/lib/python3.12/site-packages/dave_interfaces/msg/_usbl_command.py'...
[27.082s] Compiling '/home/ironie/HornetXII_sims/install/dave_interfaces/lib/python3.12/site-packages/dave_interfaces/msg/_usbl_response.py'...
[27.082s] Listing '/home/ironie/HornetXII_sims/install/dave_interfaces/lib/python3.12/site-packages/dave_interfaces/srv'...
[27.082s] Compiling '/home/ironie/HornetXII_sims/install/dave_interfaces/lib/python3.12/site-packages/dave_interfaces/srv/__init__.py'...
[27.082s] Compiling '/home/ironie/HornetXII_sims/install/dave_interfaces/lib/python3.12/site-packages/dave_interfaces/srv/_get_current_model.py'...
[27.082s] Compiling '/home/ironie/HornetXII_sims/install/dave_interfaces/lib/python3.12/site-packages/dave_interfaces/srv/_get_origin_spherical_coord.py'...
[27.082s] Compiling '/home/ironie/HornetXII_sims/install/dave_interfaces/lib/python3.12/site-packages/dave_interfaces/srv/_set_current_direction.py'...
[27.082s] Compiling '/home/ironie/HornetXII_sims/install/dave_interfaces/lib/python3.12/site-packages/dave_interfaces/srv/_set_current_model.py'...
[27.082s] Compiling '/home/ironie/HornetXII_sims/install/dave_interfaces/lib/python3.12/site-packages/dave_interfaces/srv/_set_current_velocity.py'...
[27.082s] Compiling '/home/ironie/HornetXII_sims/install/dave_interfaces/lib/python3.12/site-packages/dave_interfaces/srv/_set_origin_spherical_coord.py'...
[27.082s] Compiling '/home/ironie/HornetXII_sims/install/dave_interfaces/lib/python3.12/site-packages/dave_interfaces/srv/_set_stratified_current_direction.py'...
[27.082s] Compiling '/home/ironie/HornetXII_sims/install/dave_interfaces/lib/python3.12/site-packages/dave_interfaces/srv/_set_stratified_current_velocity.py'...
[27.082s] Compiling '/home/ironie/HornetXII_sims/install/dave_interfaces/lib/python3.12/site-packages/dave_interfaces/srv/_transform_from_spherical_coord.py'...
[27.082s] Compiling '/home/ironie/HornetXII_sims/install/dave_interfaces/lib/python3.12/site-packages/dave_interfaces/srv/_transform_to_spherical_coord.py'...
[27.086s] -- Installing: /home/ironie/HornetXII_sims/install/dave_interfaces/lib/libdave_interfaces__rosidl_generator_py.so
[27.087s] -- Set non-toolchain portion of runtime path of "/home/ironie/HornetXII_sims/install/dave_interfaces/lib/libdave_interfaces__rosidl_generator_py.so" to ""
[27.087s] -- Installing: /home/ironie/HornetXII_sims/install/dave_interfaces/share/dave_interfaces/cmake/export_dave_interfaces__rosidl_generator_cExport.cmake
[27.087s] -- Installing: /home/ironie/HornetXII_sims/install/dave_interfaces/share/dave_interfaces/cmake/export_dave_interfaces__rosidl_generator_cExport-noconfig.cmake
[27.087s] -- Installing: /home/ironie/HornetXII_sims/install/dave_interfaces/share/dave_interfaces/cmake/export_dave_interfaces__rosidl_typesupport_fastrtps_cExport.cmake
[27.088s] -- Installing: /home/ironie/HornetXII_sims/install/dave_interfaces/share/dave_interfaces/cmake/export_dave_interfaces__rosidl_typesupport_fastrtps_cExport-noconfig.cmake
[27.088s] -- Installing: /home/ironie/HornetXII_sims/install/dave_interfaces/share/dave_interfaces/cmake/export_dave_interfaces__rosidl_generator_cppExport.cmake
[27.088s] -- Installing: /home/ironie/HornetXII_sims/install/dave_interfaces/share/dave_interfaces/cmake/export_dave_interfaces__rosidl_typesupport_fastrtps_cppExport.cmake
[27.088s] -- Installing: /home/ironie/HornetXII_sims/install/dave_interfaces/share/dave_interfaces/cmake/export_dave_interfaces__rosidl_typesupport_fastrtps_cppExport-noconfig.cmake
[27.088s] -- Installing: /home/ironie/HornetXII_sims/install/dave_interfaces/share/dave_interfaces/cmake/dave_interfaces__rosidl_typesupport_introspection_cExport.cmake
[27.088s] -- Installing: /home/ironie/HornetXII_sims/install/dave_interfaces/share/dave_interfaces/cmake/dave_interfaces__rosidl_typesupport_introspection_cExport-noconfig.cmake
[27.089s] -- Installing: /home/ironie/HornetXII_sims/install/dave_interfaces/share/dave_interfaces/cmake/dave_interfaces__rosidl_typesupport_cExport.cmake
[27.089s] -- Installing: /home/ironie/HornetXII_sims/install/dave_interfaces/share/dave_interfaces/cmake/dave_interfaces__rosidl_typesupport_cExport-noconfig.cmake
[27.089s] -- Installing: /home/ironie/HornetXII_sims/install/dave_interfaces/share/dave_interfaces/cmake/dave_interfaces__rosidl_typesupport_introspection_cppExport.cmake
[27.089s] -- Installing: /home/ironie/HornetXII_sims/install/dave_interfaces/share/dave_interfaces/cmake/dave_interfaces__rosidl_typesupport_introspection_cppExport-noconfig.cmake
[27.089s] -- Installing: /home/ironie/HornetXII_sims/install/dave_interfaces/share/dave_interfaces/cmake/dave_interfaces__rosidl_typesupport_cppExport.cmake
[27.089s] -- Installing: /home/ironie/HornetXII_sims/install/dave_interfaces/share/dave_interfaces/cmake/dave_interfaces__rosidl_typesupport_cppExport-noconfig.cmake
[27.089s] -- Installing: /home/ironie/HornetXII_sims/install/dave_interfaces/share/dave_interfaces/cmake/export_dave_interfaces__rosidl_generator_pyExport.cmake
[27.090s] -- Installing: /home/ironie/HornetXII_sims/install/dave_interfaces/share/dave_interfaces/cmake/export_dave_interfaces__rosidl_generator_pyExport-noconfig.cmake
[27.092s] Invoked command in '/home/ironie/HornetXII_sims/build/dave_interfaces' returned '0': CMAKE_PREFIX_PATH=${CMAKE_PREFIX_PATH}:/home/ironie/assignment3/install/assignment3:/opt/ros/jazzy DEBUGINFOD_URLS=https://debuginfod.ubuntu.com /usr/bin/cmake --install /home/ironie/HornetXII_sims/build/dave_interfaces
