[0.194s] DEBUG:colcon:Command line arguments: ['/usr/bin/colcon', 'build', '--symlink-install']
[0.194s] DEBUG:colcon:Parsed command line arguments: Namespace(log_base=None, log_level=None, verb_name='build', build_base='build', install_base='install', merge_install=False, symlink_install=True, test_result_base=None, continue_on_error=False, executor='parallel', parallel_workers=12, event_handlers=None, ignore_user_meta=False, metas=['./colcon.meta'], base_paths=['.'], packages_ignore=None, packages_ignore_regex=None, paths=None, packages_up_to=None, packages_up_to_regex=None, packages_above=None, packages_above_and_dependencies=None, packages_above_depth=None, packages_select_by_dep=None, packages_skip_by_dep=None, packages_skip_up_to=None, packages_select_build_failed=False, packages_skip_build_finished=False, packages_select_test_failures=False, packages_skip_test_passed=False, packages_select=None, packages_skip=None, packages_select_regex=None, packages_skip_regex=None, packages_start=None, packages_end=None, allow_overriding=[], cmake_args=None, cmake_target=None, cmake_target_skip_unavailable=False, cmake_clean_cache=False, cmake_clean_first=False, cmake_force_configure=False, ament_cmake_args=None, catkin_cmake_args=None, catkin_skip_building_tests=False, mixin_files=None, mixin=None, verb_parser=<colcon_mixin.mixin.mixin_argument.MixinArgumentDecorator object at 0x72fd75b93e00>, verb_extension=<colcon_core.verb.build.BuildVerb object at 0x72fd75b31ac0>, main=<bound method BuildVerb.main of <colcon_core.verb.build.BuildVerb object at 0x72fd75b31ac0>>, mixin_verb=('build',))
[0.235s] Level 1:colcon.colcon_core.package_discovery:discover_packages(colcon_meta) check parameters
[0.235s] Level 1:colcon.colcon_core.package_discovery:discover_packages(recursive) check parameters
[0.235s] Level 1:colcon.colcon_core.package_discovery:discover_packages(ignore) check parameters
[0.235s] Level 1:colcon.colcon_core.package_discovery:discover_packages(path) check parameters
[0.235s] Level 1:colcon.colcon_core.package_discovery:discover_packages(colcon_meta) discover
[0.235s] Level 1:colcon.colcon_core.package_discovery:discover_packages(recursive) discover
[0.235s] INFO:colcon.colcon_core.package_discovery:Crawling recursively for packages in '/home/ironie/HornetXII_sims'
[0.235s] Level 1:colcon.colcon_core.package_identification:_identify(.) by extensions ['ignore', 'ignore_ament_install']
[0.235s] Level 1:colcon.colcon_core.package_identification:_identify(.) by extension 'ignore'
[0.235s] Level 1:colcon.colcon_core.package_identification:_identify(.) by extension 'ignore_ament_install'
[0.235s] Level 1:colcon.colcon_core.package_identification:_identify(.) by extensions ['colcon_pkg']
[0.235s] Level 1:colcon.colcon_core.package_identification:_identify(.) by extension 'colcon_pkg'
[0.235s] Level 1:colcon.colcon_core.package_identification:_identify(.) by extensions ['colcon_meta']
[0.235s] Level 1:colcon.colcon_core.package_identification:_identify(.) by extension 'colcon_meta'
[0.235s] Level 1:colcon.colcon_core.package_identification:_identify(.) by extensions ['ros']
[0.235s] Level 1:colcon.colcon_core.package_identification:_identify(.) by extension 'ros'
[0.259s] Level 1:colcon.colcon_core.package_identification:_identify(.) by extensions ['cmake', 'python']
[0.259s] Level 1:colcon.colcon_core.package_identification:_identify(.) by extension 'cmake'
[0.259s] Level 1:colcon.colcon_core.package_identification:_identify(.) by extension 'python'
[0.259s] Level 1:colcon.colcon_core.package_identification:_identify(.) by extensions ['python_setup_py']
[0.259s] Level 1:colcon.colcon_core.package_identification:_identify(.) by extension 'python_setup_py'
[0.259s] Level 1:colcon.colcon_core.package_identification:_identify(build) by extensions ['ignore', 'ignore_ament_install']
[0.260s] Level 1:colcon.colcon_core.package_identification:_identify(build) by extension 'ignore'
[0.260s] Level 1:colcon.colcon_core.package_identification:_identify(build) ignored
[0.260s] Level 1:colcon.colcon_core.package_identification:_identify(install) by extensions ['ignore', 'ignore_ament_install']
[0.260s] Level 1:colcon.colcon_core.package_identification:_identify(install) by extension 'ignore'
[0.260s] Level 1:colcon.colcon_core.package_identification:_identify(install) ignored
[0.260s] Level 1:colcon.colcon_core.package_identification:_identify(log) by extensions ['ignore', 'ignore_ament_install']
[0.260s] Level 1:colcon.colcon_core.package_identification:_identify(log) by extension 'ignore'
[0.260s] Level 1:colcon.colcon_core.package_identification:_identify(log) ignored
[0.260s] Level 1:colcon.colcon_core.package_identification:_identify(src) by extensions ['ignore', 'ignore_ament_install']
[0.260s] Level 1:colcon.colcon_core.package_identification:_identify(src) by extension 'ignore'
[0.260s] Level 1:colcon.colcon_core.package_identification:_identify(src) by extension 'ignore_ament_install'
[0.260s] Level 1:colcon.colcon_core.package_identification:_identify(src) by extensions ['colcon_pkg']
[0.260s] Level 1:colcon.colcon_core.package_identification:_identify(src) by extension 'colcon_pkg'
[0.260s] Level 1:colcon.colcon_core.package_identification:_identify(src) by extensions ['colcon_meta']
[0.260s] Level 1:colcon.colcon_core.package_identification:_identify(src) by extension 'colcon_meta'
[0.260s] Level 1:colcon.colcon_core.package_identification:_identify(src) by extensions ['ros']
[0.260s] Level 1:colcon.colcon_core.package_identification:_identify(src) by extension 'ros'
[0.260s] Level 1:colcon.colcon_core.package_identification:_identify(src) by extensions ['cmake', 'python']
[0.260s] Level 1:colcon.colcon_core.package_identification:_identify(src) by extension 'cmake'
[0.260s] Level 1:colcon.colcon_core.package_identification:_identify(src) by extension 'python'
[0.260s] Level 1:colcon.colcon_core.package_identification:_identify(src) by extensions ['python_setup_py']
[0.260s] Level 1:colcon.colcon_core.package_identification:_identify(src) by extension 'python_setup_py'
[0.261s] Level 1:colcon.colcon_core.package_identification:_identify(src/auv_controls) by extensions ['ignore', 'ignore_ament_install']
[0.261s] Level 1:colcon.colcon_core.package_identification:_identify(src/auv_controls) by extension 'ignore'
[0.261s] Level 1:colcon.colcon_core.package_identification:_identify(src/auv_controls) by extension 'ignore_ament_install'
[0.261s] Level 1:colcon.colcon_core.package_identification:_identify(src/auv_controls) by extensions ['colcon_pkg']
[0.261s] Level 1:colcon.colcon_core.package_identification:_identify(src/auv_controls) by extension 'colcon_pkg'
[0.261s] Level 1:colcon.colcon_core.package_identification:_identify(src/auv_controls) by extensions ['colcon_meta']
[0.261s] Level 1:colcon.colcon_core.package_identification:_identify(src/auv_controls) by extension 'colcon_meta'
[0.261s] Level 1:colcon.colcon_core.package_identification:_identify(src/auv_controls) by extensions ['ros']
[0.261s] Level 1:colcon.colcon_core.package_identification:_identify(src/auv_controls) by extension 'ros'
[0.263s] DEBUG:colcon.colcon_core.package_identification:Package 'src/auv_controls' with type 'ros.ament_cmake' and name 'auv_controls'
[0.263s] Level 1:colcon.colcon_core.package_identification:_identify(src/dave) by extensions ['ignore', 'ignore_ament_install']
[0.263s] Level 1:colcon.colcon_core.package_identification:_identify(src/dave) by extension 'ignore'
[0.263s] Level 1:colcon.colcon_core.package_identification:_identify(src/dave) by extension 'ignore_ament_install'
[0.263s] Level 1:colcon.colcon_core.package_identification:_identify(src/dave) by extensions ['colcon_pkg']
[0.263s] Level 1:colcon.colcon_core.package_identification:_identify(src/dave) by extension 'colcon_pkg'
[0.263s] Level 1:colcon.colcon_core.package_identification:_identify(src/dave) by extensions ['colcon_meta']
[0.263s] Level 1:colcon.colcon_core.package_identification:_identify(src/dave) by extension 'colcon_meta'
[0.263s] Level 1:colcon.colcon_core.package_identification:_identify(src/dave) by extensions ['ros']
[0.263s] Level 1:colcon.colcon_core.package_identification:_identify(src/dave) by extension 'ros'
[0.264s] Level 1:colcon.colcon_core.package_identification:_identify(src/dave) by extensions ['cmake', 'python']
[0.264s] Level 1:colcon.colcon_core.package_identification:_identify(src/dave) by extension 'cmake'
[0.264s] Level 1:colcon.colcon_core.package_identification:_identify(src/dave) by extension 'python'
[0.264s] Level 1:colcon.colcon_core.package_identification:_identify(src/dave) by extensions ['python_setup_py']
[0.264s] Level 1:colcon.colcon_core.package_identification:_identify(src/dave) by extension 'python_setup_py'
[0.264s] Level 1:colcon.colcon_core.package_identification:_identify(src/dave/dave_interfaces) by extensions ['ignore', 'ignore_ament_install']
[0.264s] Level 1:colcon.colcon_core.package_identification:_identify(src/dave/dave_interfaces) by extension 'ignore'
[0.264s] Level 1:colcon.colcon_core.package_identification:_identify(src/dave/dave_interfaces) by extension 'ignore_ament_install'
[0.264s] Level 1:colcon.colcon_core.package_identification:_identify(src/dave/dave_interfaces) by extensions ['colcon_pkg']
[0.264s] Level 1:colcon.colcon_core.package_identification:_identify(src/dave/dave_interfaces) by extension 'colcon_pkg'
[0.264s] Level 1:colcon.colcon_core.package_identification:_identify(src/dave/dave_interfaces) by extensions ['colcon_meta']
[0.264s] Level 1:colcon.colcon_core.package_identification:_identify(src/dave/dave_interfaces) by extension 'colcon_meta'
[0.264s] Level 1:colcon.colcon_core.package_identification:_identify(src/dave/dave_interfaces) by extensions ['ros']
[0.264s] Level 1:colcon.colcon_core.package_identification:_identify(src/dave/dave_interfaces) by extension 'ros'
[0.264s] DEBUG:colcon.colcon_core.package_identification:Package 'src/dave/dave_interfaces' with type 'ros.ament_cmake' and name 'dave_interfaces'
[0.265s] Level 1:colcon.colcon_core.package_identification:_identify(src/dave/examples) by extensions ['ignore', 'ignore_ament_install']
[0.265s] Level 1:colcon.colcon_core.package_identification:_identify(src/dave/examples) by extension 'ignore'
[0.265s] Level 1:colcon.colcon_core.package_identification:_identify(src/dave/examples) by extension 'ignore_ament_install'
[0.265s] Level 1:colcon.colcon_core.package_identification:_identify(src/dave/examples) by extensions ['colcon_pkg']
[0.265s] Level 1:colcon.colcon_core.package_identification:_identify(src/dave/examples) by extension 'colcon_pkg'
[0.265s] Level 1:colcon.colcon_core.package_identification:_identify(src/dave/examples) by extensions ['colcon_meta']
[0.265s] Level 1:colcon.colcon_core.package_identification:_identify(src/dave/examples) by extension 'colcon_meta'
[0.265s] Level 1:colcon.colcon_core.package_identification:_identify(src/dave/examples) by extensions ['ros']
[0.265s] Level 1:colcon.colcon_core.package_identification:_identify(src/dave/examples) by extension 'ros'
[0.265s] Level 1:colcon.colcon_core.package_identification:_identify(src/dave/examples) by extensions ['cmake', 'python']
[0.265s] Level 1:colcon.colcon_core.package_identification:_identify(src/dave/examples) by extension 'cmake'
[0.265s] Level 1:colcon.colcon_core.package_identification:_identify(src/dave/examples) by extension 'python'
[0.265s] Level 1:colcon.colcon_core.package_identification:_identify(src/dave/examples) by extensions ['python_setup_py']
[0.265s] Level 1:colcon.colcon_core.package_identification:_identify(src/dave/examples) by extension 'python_setup_py'
[0.265s] Level 1:colcon.colcon_core.package_identification:_identify(src/dave/examples/community) by extensions ['ignore', 'ignore_ament_install']
[0.265s] Level 1:colcon.colcon_core.package_identification:_identify(src/dave/examples/community) by extension 'ignore'
[0.265s] Level 1:colcon.colcon_core.package_identification:_identify(src/dave/examples/community) by extension 'ignore_ament_install'
[0.265s] Level 1:colcon.colcon_core.package_identification:_identify(src/dave/examples/community) by extensions ['colcon_pkg']
[0.265s] Level 1:colcon.colcon_core.package_identification:_identify(src/dave/examples/community) by extension 'colcon_pkg'
[0.265s] Level 1:colcon.colcon_core.package_identification:_identify(src/dave/examples/community) by extensions ['colcon_meta']
[0.265s] Level 1:colcon.colcon_core.package_identification:_identify(src/dave/examples/community) by extension 'colcon_meta'
[0.265s] Level 1:colcon.colcon_core.package_identification:_identify(src/dave/examples/community) by extensions ['ros']
[0.265s] Level 1:colcon.colcon_core.package_identification:_identify(src/dave/examples/community) by extension 'ros'
[0.265s] Level 1:colcon.colcon_core.package_identification:_identify(src/dave/examples/community) by extensions ['cmake', 'python']
[0.266s] Level 1:colcon.colcon_core.package_identification:_identify(src/dave/examples/community) by extension 'cmake'
[0.266s] Level 1:colcon.colcon_core.package_identification:_identify(src/dave/examples/community) by extension 'python'
[0.266s] Level 1:colcon.colcon_core.package_identification:_identify(src/dave/examples/community) by extensions ['python_setup_py']
[0.266s] Level 1:colcon.colcon_core.package_identification:_identify(src/dave/examples/community) by extension 'python_setup_py'
[0.266s] Level 1:colcon.colcon_core.package_identification:_identify(src/dave/examples/dave_demos) by extensions ['ignore', 'ignore_ament_install']
[0.266s] Level 1:colcon.colcon_core.package_identification:_identify(src/dave/examples/dave_demos) by extension 'ignore'
[0.266s] Level 1:colcon.colcon_core.package_identification:_identify(src/dave/examples/dave_demos) by extension 'ignore_ament_install'
[0.266s] Level 1:colcon.colcon_core.package_identification:_identify(src/dave/examples/dave_demos) by extensions ['colcon_pkg']
[0.266s] Level 1:colcon.colcon_core.package_identification:_identify(src/dave/examples/dave_demos) by extension 'colcon_pkg'
[0.266s] Level 1:colcon.colcon_core.package_identification:_identify(src/dave/examples/dave_demos) by extensions ['colcon_meta']
[0.266s] Level 1:colcon.colcon_core.package_identification:_identify(src/dave/examples/dave_demos) by extension 'colcon_meta'
[0.266s] Level 1:colcon.colcon_core.package_identification:_identify(src/dave/examples/dave_demos) by extensions ['ros']
[0.266s] Level 1:colcon.colcon_core.package_identification:_identify(src/dave/examples/dave_demos) by extension 'ros'
[0.266s] DEBUG:colcon.colcon_core.package_identification:Package 'src/dave/examples/dave_demos' with type 'ros.ament_cmake' and name 'dave_demos'
[0.266s] Level 1:colcon.colcon_core.package_identification:_identify(src/dave/extras) by extensions ['ignore', 'ignore_ament_install']
[0.266s] Level 1:colcon.colcon_core.package_identification:_identify(src/dave/extras) by extension 'ignore'
[0.267s] Level 1:colcon.colcon_core.package_identification:_identify(src/dave/extras) by extension 'ignore_ament_install'
[0.267s] Level 1:colcon.colcon_core.package_identification:_identify(src/dave/extras) by extensions ['colcon_pkg']
[0.267s] Level 1:colcon.colcon_core.package_identification:_identify(src/dave/extras) by extension 'colcon_pkg'
[0.267s] Level 1:colcon.colcon_core.package_identification:_identify(src/dave/extras) by extensions ['colcon_meta']
[0.267s] Level 1:colcon.colcon_core.package_identification:_identify(src/dave/extras) by extension 'colcon_meta'
[0.267s] Level 1:colcon.colcon_core.package_identification:_identify(src/dave/extras) by extensions ['ros']
[0.267s] Level 1:colcon.colcon_core.package_identification:_identify(src/dave/extras) by extension 'ros'
[0.267s] Level 1:colcon.colcon_core.package_identification:_identify(src/dave/extras) by extensions ['cmake', 'python']
[0.267s] Level 1:colcon.colcon_core.package_identification:_identify(src/dave/extras) by extension 'cmake'
[0.267s] Level 1:colcon.colcon_core.package_identification:_identify(src/dave/extras) by extension 'python'
[0.267s] Level 1:colcon.colcon_core.package_identification:_identify(src/dave/extras) by extensions ['python_setup_py']
[0.267s] Level 1:colcon.colcon_core.package_identification:_identify(src/dave/extras) by extension 'python_setup_py'
[0.267s] Level 1:colcon.colcon_core.package_identification:_identify(src/dave/extras/lint_local) by extensions ['ignore', 'ignore_ament_install']
[0.267s] Level 1:colcon.colcon_core.package_identification:_identify(src/dave/extras/lint_local) by extension 'ignore'
[0.267s] Level 1:colcon.colcon_core.package_identification:_identify(src/dave/extras/lint_local) by extension 'ignore_ament_install'
[0.267s] Level 1:colcon.colcon_core.package_identification:_identify(src/dave/extras/lint_local) by extensions ['colcon_pkg']
[0.267s] Level 1:colcon.colcon_core.package_identification:_identify(src/dave/extras/lint_local) by extension 'colcon_pkg'
[0.267s] Level 1:colcon.colcon_core.package_identification:_identify(src/dave/extras/lint_local) by extensions ['colcon_meta']
[0.267s] Level 1:colcon.colcon_core.package_identification:_identify(src/dave/extras/lint_local) by extension 'colcon_meta'
[0.267s] Level 1:colcon.colcon_core.package_identification:_identify(src/dave/extras/lint_local) by extensions ['ros']
[0.267s] Level 1:colcon.colcon_core.package_identification:_identify(src/dave/extras/lint_local) by extension 'ros'
[0.267s] Level 1:colcon.colcon_core.package_identification:_identify(src/dave/extras/lint_local) by extensions ['cmake', 'python']
[0.267s] Level 1:colcon.colcon_core.package_identification:_identify(src/dave/extras/lint_local) by extension 'cmake'
[0.267s] Level 1:colcon.colcon_core.package_identification:_identify(src/dave/extras/lint_local) by extension 'python'
[0.267s] Level 1:colcon.colcon_core.package_identification:_identify(src/dave/extras/lint_local) by extensions ['python_setup_py']
[0.267s] Level 1:colcon.colcon_core.package_identification:_identify(src/dave/extras/lint_local) by extension 'python_setup_py'
[0.267s] Level 1:colcon.colcon_core.package_identification:_identify(src/dave/extras/repos) by extensions ['ignore', 'ignore_ament_install']
[0.268s] Level 1:colcon.colcon_core.package_identification:_identify(src/dave/extras/repos) by extension 'ignore'
[0.268s] Level 1:colcon.colcon_core.package_identification:_identify(src/dave/extras/repos) by extension 'ignore_ament_install'
[0.268s] Level 1:colcon.colcon_core.package_identification:_identify(src/dave/extras/repos) by extensions ['colcon_pkg']
[0.268s] Level 1:colcon.colcon_core.package_identification:_identify(src/dave/extras/repos) by extension 'colcon_pkg'
[0.268s] Level 1:colcon.colcon_core.package_identification:_identify(src/dave/extras/repos) by extensions ['colcon_meta']
[0.268s] Level 1:colcon.colcon_core.package_identification:_identify(src/dave/extras/repos) by extension 'colcon_meta'
[0.268s] Level 1:colcon.colcon_core.package_identification:_identify(src/dave/extras/repos) by extensions ['ros']
[0.268s] Level 1:colcon.colcon_core.package_identification:_identify(src/dave/extras/repos) by extension 'ros'
[0.268s] Level 1:colcon.colcon_core.package_identification:_identify(src/dave/extras/repos) by extensions ['cmake', 'python']
[0.268s] Level 1:colcon.colcon_core.package_identification:_identify(src/dave/extras/repos) by extension 'cmake'
[0.268s] Level 1:colcon.colcon_core.package_identification:_identify(src/dave/extras/repos) by extension 'python'
[0.268s] Level 1:colcon.colcon_core.package_identification:_identify(src/dave/extras/repos) by extensions ['python_setup_py']
[0.268s] Level 1:colcon.colcon_core.package_identification:_identify(src/dave/extras/repos) by extension 'python_setup_py'
[0.268s] Level 1:colcon.colcon_core.package_identification:_identify(src/dave/gazebo) by extensions ['ignore', 'ignore_ament_install']
[0.268s] Level 1:colcon.colcon_core.package_identification:_identify(src/dave/gazebo) by extension 'ignore'
[0.268s] Level 1:colcon.colcon_core.package_identification:_identify(src/dave/gazebo) by extension 'ignore_ament_install'
[0.268s] Level 1:colcon.colcon_core.package_identification:_identify(src/dave/gazebo) by extensions ['colcon_pkg']
[0.268s] Level 1:colcon.colcon_core.package_identification:_identify(src/dave/gazebo) by extension 'colcon_pkg'
[0.268s] Level 1:colcon.colcon_core.package_identification:_identify(src/dave/gazebo) by extensions ['colcon_meta']
[0.268s] Level 1:colcon.colcon_core.package_identification:_identify(src/dave/gazebo) by extension 'colcon_meta'
[0.268s] Level 1:colcon.colcon_core.package_identification:_identify(src/dave/gazebo) by extensions ['ros']
[0.268s] Level 1:colcon.colcon_core.package_identification:_identify(src/dave/gazebo) by extension 'ros'
[0.268s] Level 1:colcon.colcon_core.package_identification:_identify(src/dave/gazebo) by extensions ['cmake', 'python']
[0.268s] Level 1:colcon.colcon_core.package_identification:_identify(src/dave/gazebo) by extension 'cmake'
[0.268s] Level 1:colcon.colcon_core.package_identification:_identify(src/dave/gazebo) by extension 'python'
[0.268s] Level 1:colcon.colcon_core.package_identification:_identify(src/dave/gazebo) by extensions ['python_setup_py']
[0.268s] Level 1:colcon.colcon_core.package_identification:_identify(src/dave/gazebo) by extension 'python_setup_py'
[0.268s] Level 1:colcon.colcon_core.package_identification:_identify(src/dave/gazebo/dave_gz_model_plugins) by extensions ['ignore', 'ignore_ament_install']
[0.268s] Level 1:colcon.colcon_core.package_identification:_identify(src/dave/gazebo/dave_gz_model_plugins) by extension 'ignore'
[0.269s] Level 1:colcon.colcon_core.package_identification:_identify(src/dave/gazebo/dave_gz_model_plugins) by extension 'ignore_ament_install'
[0.269s] Level 1:colcon.colcon_core.package_identification:_identify(src/dave/gazebo/dave_gz_model_plugins) by extensions ['colcon_pkg']
[0.269s] Level 1:colcon.colcon_core.package_identification:_identify(src/dave/gazebo/dave_gz_model_plugins) by extension 'colcon_pkg'
[0.269s] Level 1:colcon.colcon_core.package_identification:_identify(src/dave/gazebo/dave_gz_model_plugins) by extensions ['colcon_meta']
[0.269s] Level 1:colcon.colcon_core.package_identification:_identify(src/dave/gazebo/dave_gz_model_plugins) by extension 'colcon_meta'
[0.269s] Level 1:colcon.colcon_core.package_identification:_identify(src/dave/gazebo/dave_gz_model_plugins) by extensions ['ros']
[0.269s] Level 1:colcon.colcon_core.package_identification:_identify(src/dave/gazebo/dave_gz_model_plugins) by extension 'ros'
[0.269s] DEBUG:colcon.colcon_core.package_identification:Package 'src/dave/gazebo/dave_gz_model_plugins' with type 'ros.ament_cmake' and name 'dave_gz_model_plugins'
[0.269s] Level 1:colcon.colcon_core.package_identification:_identify(src/dave/gazebo/dave_gz_multibeam_sonar) by extensions ['ignore', 'ignore_ament_install']
[0.269s] Level 1:colcon.colcon_core.package_identification:_identify(src/dave/gazebo/dave_gz_multibeam_sonar) by extension 'ignore'
[0.269s] Level 1:colcon.colcon_core.package_identification:_identify(src/dave/gazebo/dave_gz_multibeam_sonar) by extension 'ignore_ament_install'
[0.270s] Level 1:colcon.colcon_core.package_identification:_identify(src/dave/gazebo/dave_gz_multibeam_sonar) by extensions ['colcon_pkg']
[0.270s] Level 1:colcon.colcon_core.package_identification:_identify(src/dave/gazebo/dave_gz_multibeam_sonar) by extension 'colcon_pkg'
[0.270s] Level 1:colcon.colcon_core.package_identification:_identify(src/dave/gazebo/dave_gz_multibeam_sonar) by extensions ['colcon_meta']
[0.270s] Level 1:colcon.colcon_core.package_identification:_identify(src/dave/gazebo/dave_gz_multibeam_sonar) by extension 'colcon_meta'
[0.270s] Level 1:colcon.colcon_core.package_identification:_identify(src/dave/gazebo/dave_gz_multibeam_sonar) by extensions ['ros']
[0.270s] Level 1:colcon.colcon_core.package_identification:_identify(src/dave/gazebo/dave_gz_multibeam_sonar) by extension 'ros'
[0.270s] Level 1:colcon.colcon_core.package_identification:_identify(src/dave/gazebo/dave_gz_multibeam_sonar) by extensions ['cmake', 'python']
[0.270s] Level 1:colcon.colcon_core.package_identification:_identify(src/dave/gazebo/dave_gz_multibeam_sonar) by extension 'cmake'
[0.270s] Level 1:colcon.colcon_core.package_identification:_identify(src/dave/gazebo/dave_gz_multibeam_sonar) by extension 'python'
[0.270s] Level 1:colcon.colcon_core.package_identification:_identify(src/dave/gazebo/dave_gz_multibeam_sonar) by extensions ['python_setup_py']
[0.270s] Level 1:colcon.colcon_core.package_identification:_identify(src/dave/gazebo/dave_gz_multibeam_sonar) by extension 'python_setup_py'
[0.270s] Level 1:colcon.colcon_core.package_identification:_identify(src/dave/gazebo/dave_gz_multibeam_sonar/multibeam_sonar) by extensions ['ignore', 'ignore_ament_install']
[0.270s] Level 1:colcon.colcon_core.package_identification:_identify(src/dave/gazebo/dave_gz_multibeam_sonar/multibeam_sonar) by extension 'ignore'
[0.270s] Level 1:colcon.colcon_core.package_identification:_identify(src/dave/gazebo/dave_gz_multibeam_sonar/multibeam_sonar) by extension 'ignore_ament_install'
[0.270s] Level 1:colcon.colcon_core.package_identification:_identify(src/dave/gazebo/dave_gz_multibeam_sonar/multibeam_sonar) by extensions ['colcon_pkg']
[0.270s] Level 1:colcon.colcon_core.package_identification:_identify(src/dave/gazebo/dave_gz_multibeam_sonar/multibeam_sonar) by extension 'colcon_pkg'
[0.270s] Level 1:colcon.colcon_core.package_identification:_identify(src/dave/gazebo/dave_gz_multibeam_sonar/multibeam_sonar) by extensions ['colcon_meta']
[0.270s] Level 1:colcon.colcon_core.package_identification:_identify(src/dave/gazebo/dave_gz_multibeam_sonar/multibeam_sonar) by extension 'colcon_meta'
[0.270s] Level 1:colcon.colcon_core.package_identification:_identify(src/dave/gazebo/dave_gz_multibeam_sonar/multibeam_sonar) by extensions ['ros']
[0.270s] Level 1:colcon.colcon_core.package_identification:_identify(src/dave/gazebo/dave_gz_multibeam_sonar/multibeam_sonar) by extension 'ros'
[0.271s] DEBUG:colcon.colcon_core.package_identification:Package 'src/dave/gazebo/dave_gz_multibeam_sonar/multibeam_sonar' with type 'ros.ament_cmake' and name 'multibeam_sonar'
[0.271s] Level 1:colcon.colcon_core.package_identification:_identify(src/dave/gazebo/dave_gz_multibeam_sonar/multibeam_sonar_demo) by extensions ['ignore', 'ignore_ament_install']
[0.272s] Level 1:colcon.colcon_core.package_identification:_identify(src/dave/gazebo/dave_gz_multibeam_sonar/multibeam_sonar_demo) by extension 'ignore'
[0.272s] Level 1:colcon.colcon_core.package_identification:_identify(src/dave/gazebo/dave_gz_multibeam_sonar/multibeam_sonar_demo) by extension 'ignore_ament_install'
[0.272s] Level 1:colcon.colcon_core.package_identification:_identify(src/dave/gazebo/dave_gz_multibeam_sonar/multibeam_sonar_demo) by extensions ['colcon_pkg']
[0.272s] Level 1:colcon.colcon_core.package_identification:_identify(src/dave/gazebo/dave_gz_multibeam_sonar/multibeam_sonar_demo) by extension 'colcon_pkg'
[0.272s] Level 1:colcon.colcon_core.package_identification:_identify(src/dave/gazebo/dave_gz_multibeam_sonar/multibeam_sonar_demo) by extensions ['colcon_meta']
[0.272s] Level 1:colcon.colcon_core.package_identification:_identify(src/dave/gazebo/dave_gz_multibeam_sonar/multibeam_sonar_demo) by extension 'colcon_meta'
[0.272s] Level 1:colcon.colcon_core.package_identification:_identify(src/dave/gazebo/dave_gz_multibeam_sonar/multibeam_sonar_demo) by extensions ['ros']
[0.272s] Level 1:colcon.colcon_core.package_identification:_identify(src/dave/gazebo/dave_gz_multibeam_sonar/multibeam_sonar_demo) by extension 'ros'
[0.273s] DEBUG:colcon.colcon_core.package_identification:Package 'src/dave/gazebo/dave_gz_multibeam_sonar/multibeam_sonar_demo' with type 'ros.ament_cmake' and name 'dave_multibeam_sonar_demo'
[0.273s] Level 1:colcon.colcon_core.package_identification:_identify(src/dave/gazebo/dave_gz_multibeam_sonar/multibeam_sonar_system) by extensions ['ignore', 'ignore_ament_install']
[0.273s] Level 1:colcon.colcon_core.package_identification:_identify(src/dave/gazebo/dave_gz_multibeam_sonar/multibeam_sonar_system) by extension 'ignore'
[0.273s] Level 1:colcon.colcon_core.package_identification:_identify(src/dave/gazebo/dave_gz_multibeam_sonar/multibeam_sonar_system) by extension 'ignore_ament_install'
[0.273s] Level 1:colcon.colcon_core.package_identification:_identify(src/dave/gazebo/dave_gz_multibeam_sonar/multibeam_sonar_system) by extensions ['colcon_pkg']
[0.273s] Level 1:colcon.colcon_core.package_identification:_identify(src/dave/gazebo/dave_gz_multibeam_sonar/multibeam_sonar_system) by extension 'colcon_pkg'
[0.273s] Level 1:colcon.colcon_core.package_identification:_identify(src/dave/gazebo/dave_gz_multibeam_sonar/multibeam_sonar_system) by extensions ['colcon_meta']
[0.273s] Level 1:colcon.colcon_core.package_identification:_identify(src/dave/gazebo/dave_gz_multibeam_sonar/multibeam_sonar_system) by extension 'colcon_meta'
[0.273s] Level 1:colcon.colcon_core.package_identification:_identify(src/dave/gazebo/dave_gz_multibeam_sonar/multibeam_sonar_system) by extensions ['ros']
[0.273s] Level 1:colcon.colcon_core.package_identification:_identify(src/dave/gazebo/dave_gz_multibeam_sonar/multibeam_sonar_system) by extension 'ros'
[0.274s] DEBUG:colcon.colcon_core.package_identification:Package 'src/dave/gazebo/dave_gz_multibeam_sonar/multibeam_sonar_system' with type 'ros.ament_cmake' and name 'multibeam_sonar_system'
[0.274s] Level 1:colcon.colcon_core.package_identification:_identify(src/dave/gazebo/dave_gz_sensor_plugins) by extensions ['ignore', 'ignore_ament_install']
[0.274s] Level 1:colcon.colcon_core.package_identification:_identify(src/dave/gazebo/dave_gz_sensor_plugins) by extension 'ignore'
[0.274s] Level 1:colcon.colcon_core.package_identification:_identify(src/dave/gazebo/dave_gz_sensor_plugins) by extension 'ignore_ament_install'
[0.274s] Level 1:colcon.colcon_core.package_identification:_identify(src/dave/gazebo/dave_gz_sensor_plugins) by extensions ['colcon_pkg']
[0.274s] Level 1:colcon.colcon_core.package_identification:_identify(src/dave/gazebo/dave_gz_sensor_plugins) by extension 'colcon_pkg'
[0.274s] Level 1:colcon.colcon_core.package_identification:_identify(src/dave/gazebo/dave_gz_sensor_plugins) by extensions ['colcon_meta']
[0.274s] Level 1:colcon.colcon_core.package_identification:_identify(src/dave/gazebo/dave_gz_sensor_plugins) by extension 'colcon_meta'
[0.274s] Level 1:colcon.colcon_core.package_identification:_identify(src/dave/gazebo/dave_gz_sensor_plugins) by extensions ['ros']
[0.274s] Level 1:colcon.colcon_core.package_identification:_identify(src/dave/gazebo/dave_gz_sensor_plugins) by extension 'ros'
[0.274s] DEBUG:colcon.colcon_core.package_identification:Package 'src/dave/gazebo/dave_gz_sensor_plugins' with type 'ros.ament_cmake' and name 'dave_gz_sensor_plugins'
[0.275s] Level 1:colcon.colcon_core.package_identification:_identify(src/dave/gazebo/dave_gz_world_plugins) by extensions ['ignore', 'ignore_ament_install']
[0.275s] Level 1:colcon.colcon_core.package_identification:_identify(src/dave/gazebo/dave_gz_world_plugins) by extension 'ignore'
[0.275s] Level 1:colcon.colcon_core.package_identification:_identify(src/dave/gazebo/dave_gz_world_plugins) by extension 'ignore_ament_install'
[0.275s] Level 1:colcon.colcon_core.package_identification:_identify(src/dave/gazebo/dave_gz_world_plugins) by extensions ['colcon_pkg']
[0.275s] Level 1:colcon.colcon_core.package_identification:_identify(src/dave/gazebo/dave_gz_world_plugins) by extension 'colcon_pkg'
[0.275s] Level 1:colcon.colcon_core.package_identification:_identify(src/dave/gazebo/dave_gz_world_plugins) by extensions ['colcon_meta']
[0.275s] Level 1:colcon.colcon_core.package_identification:_identify(src/dave/gazebo/dave_gz_world_plugins) by extension 'colcon_meta'
[0.275s] Level 1:colcon.colcon_core.package_identification:_identify(src/dave/gazebo/dave_gz_world_plugins) by extensions ['ros']
[0.275s] Level 1:colcon.colcon_core.package_identification:_identify(src/dave/gazebo/dave_gz_world_plugins) by extension 'ros'
[0.276s] DEBUG:colcon.colcon_core.package_identification:Package 'src/dave/gazebo/dave_gz_world_plugins' with type 'ros.ament_cmake' and name 'dave_gz_world_plugins'
[0.276s] Level 1:colcon.colcon_core.package_identification:_identify(src/dave/gazebo/dave_ros_gz_plugins) by extensions ['ignore', 'ignore_ament_install']
[0.276s] Level 1:colcon.colcon_core.package_identification:_identify(src/dave/gazebo/dave_ros_gz_plugins) by extension 'ignore'
[0.276s] Level 1:colcon.colcon_core.package_identification:_identify(src/dave/gazebo/dave_ros_gz_plugins) by extension 'ignore_ament_install'
[0.276s] Level 1:colcon.colcon_core.package_identification:_identify(src/dave/gazebo/dave_ros_gz_plugins) by extensions ['colcon_pkg']
[0.276s] Level 1:colcon.colcon_core.package_identification:_identify(src/dave/gazebo/dave_ros_gz_plugins) by extension 'colcon_pkg'
[0.276s] Level 1:colcon.colcon_core.package_identification:_identify(src/dave/gazebo/dave_ros_gz_plugins) by extensions ['colcon_meta']
[0.276s] Level 1:colcon.colcon_core.package_identification:_identify(src/dave/gazebo/dave_ros_gz_plugins) by extension 'colcon_meta'
[0.276s] Level 1:colcon.colcon_core.package_identification:_identify(src/dave/gazebo/dave_ros_gz_plugins) by extensions ['ros']
[0.276s] Level 1:colcon.colcon_core.package_identification:_identify(src/dave/gazebo/dave_ros_gz_plugins) by extension 'ros'
[0.276s] DEBUG:colcon.colcon_core.package_identification:Package 'src/dave/gazebo/dave_ros_gz_plugins' with type 'ros.ament_cmake' and name 'dave_ros_gz_plugins'
[0.277s] Level 1:colcon.colcon_core.package_identification:_identify(src/dave/models) by extensions ['ignore', 'ignore_ament_install']
[0.277s] Level 1:colcon.colcon_core.package_identification:_identify(src/dave/models) by extension 'ignore'
[0.277s] Level 1:colcon.colcon_core.package_identification:_identify(src/dave/models) by extension 'ignore_ament_install'
[0.277s] Level 1:colcon.colcon_core.package_identification:_identify(src/dave/models) by extensions ['colcon_pkg']
[0.277s] Level 1:colcon.colcon_core.package_identification:_identify(src/dave/models) by extension 'colcon_pkg'
[0.277s] Level 1:colcon.colcon_core.package_identification:_identify(src/dave/models) by extensions ['colcon_meta']
[0.277s] Level 1:colcon.colcon_core.package_identification:_identify(src/dave/models) by extension 'colcon_meta'
[0.277s] Level 1:colcon.colcon_core.package_identification:_identify(src/dave/models) by extensions ['ros']
[0.277s] Level 1:colcon.colcon_core.package_identification:_identify(src/dave/models) by extension 'ros'
[0.277s] Level 1:colcon.colcon_core.package_identification:_identify(src/dave/models) by extensions ['cmake', 'python']
[0.277s] Level 1:colcon.colcon_core.package_identification:_identify(src/dave/models) by extension 'cmake'
[0.277s] Level 1:colcon.colcon_core.package_identification:_identify(src/dave/models) by extension 'python'
[0.277s] Level 1:colcon.colcon_core.package_identification:_identify(src/dave/models) by extensions ['python_setup_py']
[0.277s] Level 1:colcon.colcon_core.package_identification:_identify(src/dave/models) by extension 'python_setup_py'
[0.277s] Level 1:colcon.colcon_core.package_identification:_identify(src/dave/models/dave_object_models) by extensions ['ignore', 'ignore_ament_install']
[0.277s] Level 1:colcon.colcon_core.package_identification:_identify(src/dave/models/dave_object_models) by extension 'ignore'
[0.277s] Level 1:colcon.colcon_core.package_identification:_identify(src/dave/models/dave_object_models) by extension 'ignore_ament_install'
[0.277s] Level 1:colcon.colcon_core.package_identification:_identify(src/dave/models/dave_object_models) by extensions ['colcon_pkg']
[0.277s] Level 1:colcon.colcon_core.package_identification:_identify(src/dave/models/dave_object_models) by extension 'colcon_pkg'
[0.277s] Level 1:colcon.colcon_core.package_identification:_identify(src/dave/models/dave_object_models) by extensions ['colcon_meta']
[0.277s] Level 1:colcon.colcon_core.package_identification:_identify(src/dave/models/dave_object_models) by extension 'colcon_meta'
[0.277s] Level 1:colcon.colcon_core.package_identification:_identify(src/dave/models/dave_object_models) by extensions ['ros']
[0.277s] Level 1:colcon.colcon_core.package_identification:_identify(src/dave/models/dave_object_models) by extension 'ros'
[0.278s] DEBUG:colcon.colcon_core.package_identification:Package 'src/dave/models/dave_object_models' with type 'ros.ament_cmake' and name 'dave_object_models'
[0.278s] Level 1:colcon.colcon_core.package_identification:_identify(src/dave/models/dave_robot_models) by extensions ['ignore', 'ignore_ament_install']
[0.278s] Level 1:colcon.colcon_core.package_identification:_identify(src/dave/models/dave_robot_models) by extension 'ignore'
[0.278s] Level 1:colcon.colcon_core.package_identification:_identify(src/dave/models/dave_robot_models) by extension 'ignore_ament_install'
[0.278s] Level 1:colcon.colcon_core.package_identification:_identify(src/dave/models/dave_robot_models) by extensions ['colcon_pkg']
[0.278s] Level 1:colcon.colcon_core.package_identification:_identify(src/dave/models/dave_robot_models) by extension 'colcon_pkg'
[0.278s] Level 1:colcon.colcon_core.package_identification:_identify(src/dave/models/dave_robot_models) by extensions ['colcon_meta']
[0.278s] Level 1:colcon.colcon_core.package_identification:_identify(src/dave/models/dave_robot_models) by extension 'colcon_meta'
[0.278s] Level 1:colcon.colcon_core.package_identification:_identify(src/dave/models/dave_robot_models) by extensions ['ros']
[0.278s] Level 1:colcon.colcon_core.package_identification:_identify(src/dave/models/dave_robot_models) by extension 'ros'
[0.279s] DEBUG:colcon.colcon_core.package_identification:Package 'src/dave/models/dave_robot_models' with type 'ros.ament_cmake' and name 'dave_robot_models'
[0.279s] Level 1:colcon.colcon_core.package_identification:_identify(src/dave/models/dave_sensor_models) by extensions ['ignore', 'ignore_ament_install']
[0.279s] Level 1:colcon.colcon_core.package_identification:_identify(src/dave/models/dave_sensor_models) by extension 'ignore'
[0.279s] Level 1:colcon.colcon_core.package_identification:_identify(src/dave/models/dave_sensor_models) by extension 'ignore_ament_install'
[0.279s] Level 1:colcon.colcon_core.package_identification:_identify(src/dave/models/dave_sensor_models) by extensions ['colcon_pkg']
[0.279s] Level 1:colcon.colcon_core.package_identification:_identify(src/dave/models/dave_sensor_models) by extension 'colcon_pkg'
[0.279s] Level 1:colcon.colcon_core.package_identification:_identify(src/dave/models/dave_sensor_models) by extensions ['colcon_meta']
[0.279s] Level 1:colcon.colcon_core.package_identification:_identify(src/dave/models/dave_sensor_models) by extension 'colcon_meta'
[0.279s] Level 1:colcon.colcon_core.package_identification:_identify(src/dave/models/dave_sensor_models) by extensions ['ros']
[0.279s] Level 1:colcon.colcon_core.package_identification:_identify(src/dave/models/dave_sensor_models) by extension 'ros'
[0.279s] DEBUG:colcon.colcon_core.package_identification:Package 'src/dave/models/dave_sensor_models' with type 'ros.ament_cmake' and name 'dave_sensor_models'
[0.279s] Level 1:colcon.colcon_core.package_identification:_identify(src/dave/models/dave_worlds) by extensions ['ignore', 'ignore_ament_install']
[0.279s] Level 1:colcon.colcon_core.package_identification:_identify(src/dave/models/dave_worlds) by extension 'ignore'
[0.279s] Level 1:colcon.colcon_core.package_identification:_identify(src/dave/models/dave_worlds) by extension 'ignore_ament_install'
[0.280s] Level 1:colcon.colcon_core.package_identification:_identify(src/dave/models/dave_worlds) by extensions ['colcon_pkg']
[0.280s] Level 1:colcon.colcon_core.package_identification:_identify(src/dave/models/dave_worlds) by extension 'colcon_pkg'
[0.280s] Level 1:colcon.colcon_core.package_identification:_identify(src/dave/models/dave_worlds) by extensions ['colcon_meta']
[0.280s] Level 1:colcon.colcon_core.package_identification:_identify(src/dave/models/dave_worlds) by extension 'colcon_meta'
[0.280s] Level 1:colcon.colcon_core.package_identification:_identify(src/dave/models/dave_worlds) by extensions ['ros']
[0.280s] Level 1:colcon.colcon_core.package_identification:_identify(src/dave/models/dave_worlds) by extension 'ros'
[0.280s] DEBUG:colcon.colcon_core.package_identification:Package 'src/dave/models/dave_worlds' with type 'ros.ament_cmake' and name 'dave_worlds'
[0.280s] Level 1:colcon.colcon_core.package_discovery:discover_packages(recursive) using defaults
[0.280s] Level 1:colcon.colcon_core.package_discovery:discover_packages(ignore) discover
[0.280s] Level 1:colcon.colcon_core.package_discovery:discover_packages(ignore) using defaults
[0.280s] Level 1:colcon.colcon_core.package_discovery:discover_packages(path) discover
[0.280s] Level 1:colcon.colcon_core.package_discovery:discover_packages(path) using defaults
[0.301s] Level 1:colcon.colcon_core.package_discovery:discover_packages(prefix_path) check parameters
[0.301s] Level 1:colcon.colcon_core.package_discovery:discover_packages(prefix_path) discover
[0.302s] WARNING:colcon.colcon_core.prefix_path.colcon:The path '/home/ironie/dave_ws/install' in the environment variable COLCON_PREFIX_PATH doesn't exist
[0.302s] WARNING:colcon.colcon_ros.prefix_path.ament:The path '/home/ironie/dave_ws/install/multibeam_sonar_system' in the environment variable AMENT_PREFIX_PATH doesn't exist
[0.302s] WARNING:colcon.colcon_ros.prefix_path.ament:The path '/home/ironie/dave_ws/install/dave_worlds' in the environment variable AMENT_PREFIX_PATH doesn't exist
[0.302s] WARNING:colcon.colcon_ros.prefix_path.ament:The path '/home/ironie/dave_ws/install/dave_sensor_models' in the environment variable AMENT_PREFIX_PATH doesn't exist
[0.302s] WARNING:colcon.colcon_ros.prefix_path.ament:The path '/home/ironie/dave_ws/install/dave_robot_models' in the environment variable AMENT_PREFIX_PATH doesn't exist
[0.302s] WARNING:colcon.colcon_ros.prefix_path.ament:The path '/home/ironie/dave_ws/install/dave_object_models' in the environment variable AMENT_PREFIX_PATH doesn't exist
[0.302s] WARNING:colcon.colcon_ros.prefix_path.ament:The path '/home/ironie/dave_ws/install/dave_multibeam_sonar_demo' in the environment variable AMENT_PREFIX_PATH doesn't exist
[0.302s] WARNING:colcon.colcon_ros.prefix_path.ament:The path '/home/ironie/dave_ws/install/dave_interfaces' in the environment variable AMENT_PREFIX_PATH doesn't exist
[0.302s] WARNING:colcon.colcon_ros.prefix_path.ament:The path '/home/ironie/dave_ws/install/dave_demos' in the environment variable AMENT_PREFIX_PATH doesn't exist
[0.302s] WARNING:colcon.colcon_ros.prefix_path.ament:The path '/home/ironie/dave_ws/install/auv_controls' in the environment variable AMENT_PREFIX_PATH doesn't exist
[0.302s] WARNING:colcon.colcon_ros.prefix_path.catkin:The path '/home/ironie/dave_ws/install/multibeam_sonar_system' in the environment variable CMAKE_PREFIX_PATH doesn't exist
[0.303s] WARNING:colcon.colcon_ros.prefix_path.catkin:The path '/home/ironie/dave_ws/install/dave_worlds' in the environment variable CMAKE_PREFIX_PATH doesn't exist
[0.303s] WARNING:colcon.colcon_ros.prefix_path.catkin:The path '/home/ironie/dave_ws/install/dave_sensor_models' in the environment variable CMAKE_PREFIX_PATH doesn't exist
[0.303s] WARNING:colcon.colcon_ros.prefix_path.catkin:The path '/home/ironie/dave_ws/install/dave_robot_models' in the environment variable CMAKE_PREFIX_PATH doesn't exist
[0.303s] WARNING:colcon.colcon_ros.prefix_path.catkin:The path '/home/ironie/dave_ws/install/dave_object_models' in the environment variable CMAKE_PREFIX_PATH doesn't exist
[0.303s] WARNING:colcon.colcon_ros.prefix_path.catkin:The path '/home/ironie/dave_ws/install/dave_multibeam_sonar_demo' in the environment variable CMAKE_PREFIX_PATH doesn't exist
[0.303s] WARNING:colcon.colcon_ros.prefix_path.catkin:The path '/home/ironie/dave_ws/install/dave_interfaces' in the environment variable CMAKE_PREFIX_PATH doesn't exist
[0.303s] WARNING:colcon.colcon_ros.prefix_path.catkin:The path '/home/ironie/dave_ws/install/dave_demos' in the environment variable CMAKE_PREFIX_PATH doesn't exist
[0.303s] WARNING:colcon.colcon_ros.prefix_path.catkin:The path '/home/ironie/dave_ws/install/auv_controls' in the environment variable CMAKE_PREFIX_PATH doesn't exist
[0.304s] DEBUG:colcon.colcon_installed_package_information.package_discovery:Found 1 installed packages in /home/ironie/testGazebo/install
[0.304s] DEBUG:colcon.colcon_installed_package_information.package_discovery:Found 1 installed packages in /home/ironie/assignment3/install
[0.306s] DEBUG:colcon.colcon_installed_package_information.package_discovery:Found 421 installed packages in /opt/ros/jazzy
[0.307s] Level 1:colcon.colcon_core.package_discovery:discover_packages(prefix_path) using defaults
[0.359s] Level 5:colcon.colcon_core.verb:set package 'auv_controls' build argument 'cmake_args' from command line to 'None'
[0.359s] Level 5:colcon.colcon_core.verb:set package 'auv_controls' build argument 'cmake_target' from command line to 'None'
[0.360s] Level 5:colcon.colcon_core.verb:set package 'auv_controls' build argument 'cmake_target_skip_unavailable' from command line to 'False'
[0.360s] Level 5:colcon.colcon_core.verb:set package 'auv_controls' build argument 'cmake_clean_cache' from command line to 'False'
[0.360s] Level 5:colcon.colcon_core.verb:set package 'auv_controls' build argument 'cmake_clean_first' from command line to 'False'
[0.360s] Level 5:colcon.colcon_core.verb:set package 'auv_controls' build argument 'cmake_force_configure' from command line to 'False'
[0.360s] Level 5:colcon.colcon_core.verb:set package 'auv_controls' build argument 'ament_cmake_args' from command line to 'None'
[0.360s] Level 5:colcon.colcon_core.verb:set package 'auv_controls' build argument 'catkin_cmake_args' from command line to 'None'
[0.360s] Level 5:colcon.colcon_core.verb:set package 'auv_controls' build argument 'catkin_skip_building_tests' from command line to 'False'
[0.360s] DEBUG:colcon.colcon_core.verb:Building package 'auv_controls' with the following arguments: {'ament_cmake_args': None, 'build_base': '/home/ironie/HornetXII_sims/build/auv_controls', 'catkin_cmake_args': None, 'catkin_skip_building_tests': False, 'cmake_args': None, 'cmake_clean_cache': False, 'cmake_clean_first': False, 'cmake_force_configure': False, 'cmake_target': None, 'cmake_target_skip_unavailable': False, 'install_base': '/home/ironie/HornetXII_sims/install/auv_controls', 'merge_install': False, 'path': '/home/ironie/HornetXII_sims/src/auv_controls', 'symlink_install': True, 'test_result_base': None}
[0.360s] Level 5:colcon.colcon_core.verb:set package 'dave_demos' build argument 'cmake_args' from command line to 'None'
[0.360s] Level 5:colcon.colcon_core.verb:set package 'dave_demos' build argument 'cmake_target' from command line to 'None'
[0.360s] Level 5:colcon.colcon_core.verb:set package 'dave_demos' build argument 'cmake_target_skip_unavailable' from command line to 'False'
[0.360s] Level 5:colcon.colcon_core.verb:set package 'dave_demos' build argument 'cmake_clean_cache' from command line to 'False'
[0.360s] Level 5:colcon.colcon_core.verb:set package 'dave_demos' build argument 'cmake_clean_first' from command line to 'False'
[0.360s] Level 5:colcon.colcon_core.verb:set package 'dave_demos' build argument 'cmake_force_configure' from command line to 'False'
[0.360s] Level 5:colcon.colcon_core.verb:set package 'dave_demos' build argument 'ament_cmake_args' from command line to 'None'
[0.360s] Level 5:colcon.colcon_core.verb:set package 'dave_demos' build argument 'catkin_cmake_args' from command line to 'None'
[0.360s] Level 5:colcon.colcon_core.verb:set package 'dave_demos' build argument 'catkin_skip_building_tests' from command line to 'False'
[0.360s] DEBUG:colcon.colcon_core.verb:Building package 'dave_demos' with the following arguments: {'ament_cmake_args': None, 'build_base': '/home/ironie/HornetXII_sims/build/dave_demos', 'catkin_cmake_args': None, 'catkin_skip_building_tests': False, 'cmake_args': None, 'cmake_clean_cache': False, 'cmake_clean_first': False, 'cmake_force_configure': False, 'cmake_target': None, 'cmake_target_skip_unavailable': False, 'install_base': '/home/ironie/HornetXII_sims/install/dave_demos', 'merge_install': False, 'path': '/home/ironie/HornetXII_sims/src/dave/examples/dave_demos', 'symlink_install': True, 'test_result_base': None}
[0.360s] Level 5:colcon.colcon_core.verb:set package 'dave_interfaces' build argument 'cmake_args' from command line to 'None'
[0.360s] Level 5:colcon.colcon_core.verb:set package 'dave_interfaces' build argument 'cmake_target' from command line to 'None'
[0.360s] Level 5:colcon.colcon_core.verb:set package 'dave_interfaces' build argument 'cmake_target_skip_unavailable' from command line to 'False'
[0.360s] Level 5:colcon.colcon_core.verb:set package 'dave_interfaces' build argument 'cmake_clean_cache' from command line to 'False'
[0.360s] Level 5:colcon.colcon_core.verb:set package 'dave_interfaces' build argument 'cmake_clean_first' from command line to 'False'
[0.360s] Level 5:colcon.colcon_core.verb:set package 'dave_interfaces' build argument 'cmake_force_configure' from command line to 'False'
[0.360s] Level 5:colcon.colcon_core.verb:set package 'dave_interfaces' build argument 'ament_cmake_args' from command line to 'None'
[0.360s] Level 5:colcon.colcon_core.verb:set package 'dave_interfaces' build argument 'catkin_cmake_args' from command line to 'None'
[0.360s] Level 5:colcon.colcon_core.verb:set package 'dave_interfaces' build argument 'catkin_skip_building_tests' from command line to 'False'
[0.360s] DEBUG:colcon.colcon_core.verb:Building package 'dave_interfaces' with the following arguments: {'ament_cmake_args': None, 'build_base': '/home/ironie/HornetXII_sims/build/dave_interfaces', 'catkin_cmake_args': None, 'catkin_skip_building_tests': False, 'cmake_args': None, 'cmake_clean_cache': False, 'cmake_clean_first': False, 'cmake_force_configure': False, 'cmake_target': None, 'cmake_target_skip_unavailable': False, 'install_base': '/home/ironie/HornetXII_sims/install/dave_interfaces', 'merge_install': False, 'path': '/home/ironie/HornetXII_sims/src/dave/dave_interfaces', 'symlink_install': True, 'test_result_base': None}
[0.361s] Level 5:colcon.colcon_core.verb:set package 'dave_multibeam_sonar_demo' build argument 'cmake_args' from command line to 'None'
[0.361s] Level 5:colcon.colcon_core.verb:set package 'dave_multibeam_sonar_demo' build argument 'cmake_target' from command line to 'None'
[0.361s] Level 5:colcon.colcon_core.verb:set package 'dave_multibeam_sonar_demo' build argument 'cmake_target_skip_unavailable' from command line to 'False'
[0.361s] Level 5:colcon.colcon_core.verb:set package 'dave_multibeam_sonar_demo' build argument 'cmake_clean_cache' from command line to 'False'
[0.361s] Level 5:colcon.colcon_core.verb:set package 'dave_multibeam_sonar_demo' build argument 'cmake_clean_first' from command line to 'False'
[0.361s] Level 5:colcon.colcon_core.verb:set package 'dave_multibeam_sonar_demo' build argument 'cmake_force_configure' from command line to 'False'
[0.361s] Level 5:colcon.colcon_core.verb:set package 'dave_multibeam_sonar_demo' build argument 'ament_cmake_args' from command line to 'None'
[0.361s] Level 5:colcon.colcon_core.verb:set package 'dave_multibeam_sonar_demo' build argument 'catkin_cmake_args' from command line to 'None'
[0.361s] Level 5:colcon.colcon_core.verb:set package 'dave_multibeam_sonar_demo' build argument 'catkin_skip_building_tests' from command line to 'False'
[0.361s] DEBUG:colcon.colcon_core.verb:Building package 'dave_multibeam_sonar_demo' with the following arguments: {'ament_cmake_args': None, 'build_base': '/home/ironie/HornetXII_sims/build/dave_multibeam_sonar_demo', 'catkin_cmake_args': None, 'catkin_skip_building_tests': False, 'cmake_args': None, 'cmake_clean_cache': False, 'cmake_clean_first': False, 'cmake_force_configure': False, 'cmake_target': None, 'cmake_target_skip_unavailable': False, 'install_base': '/home/ironie/HornetXII_sims/install/dave_multibeam_sonar_demo', 'merge_install': False, 'path': '/home/ironie/HornetXII_sims/src/dave/gazebo/dave_gz_multibeam_sonar/multibeam_sonar_demo', 'symlink_install': True, 'test_result_base': None}
[0.361s] Level 5:colcon.colcon_core.verb:set package 'dave_object_models' build argument 'cmake_args' from command line to 'None'
[0.361s] Level 5:colcon.colcon_core.verb:set package 'dave_object_models' build argument 'cmake_target' from command line to 'None'
[0.361s] Level 5:colcon.colcon_core.verb:set package 'dave_object_models' build argument 'cmake_target_skip_unavailable' from command line to 'False'
[0.361s] Level 5:colcon.colcon_core.verb:set package 'dave_object_models' build argument 'cmake_clean_cache' from command line to 'False'
[0.361s] Level 5:colcon.colcon_core.verb:set package 'dave_object_models' build argument 'cmake_clean_first' from command line to 'False'
[0.361s] Level 5:colcon.colcon_core.verb:set package 'dave_object_models' build argument 'cmake_force_configure' from command line to 'False'
[0.361s] Level 5:colcon.colcon_core.verb:set package 'dave_object_models' build argument 'ament_cmake_args' from command line to 'None'
[0.361s] Level 5:colcon.colcon_core.verb:set package 'dave_object_models' build argument 'catkin_cmake_args' from command line to 'None'
[0.361s] Level 5:colcon.colcon_core.verb:set package 'dave_object_models' build argument 'catkin_skip_building_tests' from command line to 'False'
[0.361s] DEBUG:colcon.colcon_core.verb:Building package 'dave_object_models' with the following arguments: {'ament_cmake_args': None, 'build_base': '/home/ironie/HornetXII_sims/build/dave_object_models', 'catkin_cmake_args': None, 'catkin_skip_building_tests': False, 'cmake_args': None, 'cmake_clean_cache': False, 'cmake_clean_first': False, 'cmake_force_configure': False, 'cmake_target': None, 'cmake_target_skip_unavailable': False, 'install_base': '/home/ironie/HornetXII_sims/install/dave_object_models', 'merge_install': False, 'path': '/home/ironie/HornetXII_sims/src/dave/models/dave_object_models', 'symlink_install': True, 'test_result_base': None}
[0.361s] Level 5:colcon.colcon_core.verb:set package 'dave_robot_models' build argument 'cmake_args' from command line to 'None'
[0.361s] Level 5:colcon.colcon_core.verb:set package 'dave_robot_models' build argument 'cmake_target' from command line to 'None'
[0.361s] Level 5:colcon.colcon_core.verb:set package 'dave_robot_models' build argument 'cmake_target_skip_unavailable' from command line to 'False'
[0.361s] Level 5:colcon.colcon_core.verb:set package 'dave_robot_models' build argument 'cmake_clean_cache' from command line to 'False'
[0.361s] Level 5:colcon.colcon_core.verb:set package 'dave_robot_models' build argument 'cmake_clean_first' from command line to 'False'
[0.361s] Level 5:colcon.colcon_core.verb:set package 'dave_robot_models' build argument 'cmake_force_configure' from command line to 'False'
[0.361s] Level 5:colcon.colcon_core.verb:set package 'dave_robot_models' build argument 'ament_cmake_args' from command line to 'None'
[0.361s] Level 5:colcon.colcon_core.verb:set package 'dave_robot_models' build argument 'catkin_cmake_args' from command line to 'None'
[0.361s] Level 5:colcon.colcon_core.verb:set package 'dave_robot_models' build argument 'catkin_skip_building_tests' from command line to 'False'
[0.361s] DEBUG:colcon.colcon_core.verb:Building package 'dave_robot_models' with the following arguments: {'ament_cmake_args': None, 'build_base': '/home/ironie/HornetXII_sims/build/dave_robot_models', 'catkin_cmake_args': None, 'catkin_skip_building_tests': False, 'cmake_args': None, 'cmake_clean_cache': False, 'cmake_clean_first': False, 'cmake_force_configure': False, 'cmake_target': None, 'cmake_target_skip_unavailable': False, 'install_base': '/home/ironie/HornetXII_sims/install/dave_robot_models', 'merge_install': False, 'path': '/home/ironie/HornetXII_sims/src/dave/models/dave_robot_models', 'symlink_install': True, 'test_result_base': None}
[0.361s] Level 5:colcon.colcon_core.verb:set package 'dave_sensor_models' build argument 'cmake_args' from command line to 'None'
[0.361s] Level 5:colcon.colcon_core.verb:set package 'dave_sensor_models' build argument 'cmake_target' from command line to 'None'
[0.361s] Level 5:colcon.colcon_core.verb:set package 'dave_sensor_models' build argument 'cmake_target_skip_unavailable' from command line to 'False'
[0.361s] Level 5:colcon.colcon_core.verb:set package 'dave_sensor_models' build argument 'cmake_clean_cache' from command line to 'False'
[0.361s] Level 5:colcon.colcon_core.verb:set package 'dave_sensor_models' build argument 'cmake_clean_first' from command line to 'False'
[0.361s] Level 5:colcon.colcon_core.verb:set package 'dave_sensor_models' build argument 'cmake_force_configure' from command line to 'False'
[0.361s] Level 5:colcon.colcon_core.verb:set package 'dave_sensor_models' build argument 'ament_cmake_args' from command line to 'None'
[0.361s] Level 5:colcon.colcon_core.verb:set package 'dave_sensor_models' build argument 'catkin_cmake_args' from command line to 'None'
[0.361s] Level 5:colcon.colcon_core.verb:set package 'dave_sensor_models' build argument 'catkin_skip_building_tests' from command line to 'False'
[0.362s] DEBUG:colcon.colcon_core.verb:Building package 'dave_sensor_models' with the following arguments: {'ament_cmake_args': None, 'build_base': '/home/ironie/HornetXII_sims/build/dave_sensor_models', 'catkin_cmake_args': None, 'catkin_skip_building_tests': False, 'cmake_args': None, 'cmake_clean_cache': False, 'cmake_clean_first': False, 'cmake_force_configure': False, 'cmake_target': None, 'cmake_target_skip_unavailable': False, 'install_base': '/home/ironie/HornetXII_sims/install/dave_sensor_models', 'merge_install': False, 'path': '/home/ironie/HornetXII_sims/src/dave/models/dave_sensor_models', 'symlink_install': True, 'test_result_base': None}
[0.362s] Level 5:colcon.colcon_core.verb:set package 'dave_worlds' build argument 'cmake_args' from command line to 'None'
[0.362s] Level 5:colcon.colcon_core.verb:set package 'dave_worlds' build argument 'cmake_target' from command line to 'None'
[0.362s] Level 5:colcon.colcon_core.verb:set package 'dave_worlds' build argument 'cmake_target_skip_unavailable' from command line to 'False'
[0.362s] Level 5:colcon.colcon_core.verb:set package 'dave_worlds' build argument 'cmake_clean_cache' from command line to 'False'
[0.362s] Level 5:colcon.colcon_core.verb:set package 'dave_worlds' build argument 'cmake_clean_first' from command line to 'False'
[0.362s] Level 5:colcon.colcon_core.verb:set package 'dave_worlds' build argument 'cmake_force_configure' from command line to 'False'
[0.362s] Level 5:colcon.colcon_core.verb:set package 'dave_worlds' build argument 'ament_cmake_args' from command line to 'None'
[0.362s] Level 5:colcon.colcon_core.verb:set package 'dave_worlds' build argument 'catkin_cmake_args' from command line to 'None'
[0.362s] Level 5:colcon.colcon_core.verb:set package 'dave_worlds' build argument 'catkin_skip_building_tests' from command line to 'False'
[0.362s] DEBUG:colcon.colcon_core.verb:Building package 'dave_worlds' with the following arguments: {'ament_cmake_args': None, 'build_base': '/home/ironie/HornetXII_sims/build/dave_worlds', 'catkin_cmake_args': None, 'catkin_skip_building_tests': False, 'cmake_args': None, 'cmake_clean_cache': False, 'cmake_clean_first': False, 'cmake_force_configure': False, 'cmake_target': None, 'cmake_target_skip_unavailable': False, 'install_base': '/home/ironie/HornetXII_sims/install/dave_worlds', 'merge_install': False, 'path': '/home/ironie/HornetXII_sims/src/dave/models/dave_worlds', 'symlink_install': True, 'test_result_base': None}
[0.362s] Level 5:colcon.colcon_core.verb:set package 'multibeam_sonar_system' build argument 'cmake_args' from command line to 'None'
[0.362s] Level 5:colcon.colcon_core.verb:set package 'multibeam_sonar_system' build argument 'cmake_target' from command line to 'None'
[0.362s] Level 5:colcon.colcon_core.verb:set package 'multibeam_sonar_system' build argument 'cmake_target_skip_unavailable' from command line to 'False'
[0.362s] Level 5:colcon.colcon_core.verb:set package 'multibeam_sonar_system' build argument 'cmake_clean_cache' from command line to 'False'
[0.362s] Level 5:colcon.colcon_core.verb:set package 'multibeam_sonar_system' build argument 'cmake_clean_first' from command line to 'False'
[0.362s] Level 5:colcon.colcon_core.verb:set package 'multibeam_sonar_system' build argument 'cmake_force_configure' from command line to 'False'
[0.362s] Level 5:colcon.colcon_core.verb:set package 'multibeam_sonar_system' build argument 'ament_cmake_args' from command line to 'None'
[0.362s] Level 5:colcon.colcon_core.verb:set package 'multibeam_sonar_system' build argument 'catkin_cmake_args' from command line to 'None'
[0.362s] Level 5:colcon.colcon_core.verb:set package 'multibeam_sonar_system' build argument 'catkin_skip_building_tests' from command line to 'False'
[0.362s] DEBUG:colcon.colcon_core.verb:Building package 'multibeam_sonar_system' with the following arguments: {'ament_cmake_args': None, 'build_base': '/home/ironie/HornetXII_sims/build/multibeam_sonar_system', 'catkin_cmake_args': None, 'catkin_skip_building_tests': False, 'cmake_args': None, 'cmake_clean_cache': False, 'cmake_clean_first': False, 'cmake_force_configure': False, 'cmake_target': None, 'cmake_target_skip_unavailable': False, 'install_base': '/home/ironie/HornetXII_sims/install/multibeam_sonar_system', 'merge_install': False, 'path': '/home/ironie/HornetXII_sims/src/dave/gazebo/dave_gz_multibeam_sonar/multibeam_sonar_system', 'symlink_install': True, 'test_result_base': None}
[0.362s] Level 5:colcon.colcon_core.verb:set package 'dave_gz_sensor_plugins' build argument 'cmake_args' from command line to 'None'
[0.362s] Level 5:colcon.colcon_core.verb:set package 'dave_gz_sensor_plugins' build argument 'cmake_target' from command line to 'None'
[0.362s] Level 5:colcon.colcon_core.verb:set package 'dave_gz_sensor_plugins' build argument 'cmake_target_skip_unavailable' from command line to 'False'
[0.362s] Level 5:colcon.colcon_core.verb:set package 'dave_gz_sensor_plugins' build argument 'cmake_clean_cache' from command line to 'False'
[0.362s] Level 5:colcon.colcon_core.verb:set package 'dave_gz_sensor_plugins' build argument 'cmake_clean_first' from command line to 'False'
[0.362s] Level 5:colcon.colcon_core.verb:set package 'dave_gz_sensor_plugins' build argument 'cmake_force_configure' from command line to 'False'
[0.362s] Level 5:colcon.colcon_core.verb:set package 'dave_gz_sensor_plugins' build argument 'ament_cmake_args' from command line to 'None'
[0.362s] Level 5:colcon.colcon_core.verb:set package 'dave_gz_sensor_plugins' build argument 'catkin_cmake_args' from command line to 'None'
[0.362s] Level 5:colcon.colcon_core.verb:set package 'dave_gz_sensor_plugins' build argument 'catkin_skip_building_tests' from command line to 'False'
[0.362s] DEBUG:colcon.colcon_core.verb:Building package 'dave_gz_sensor_plugins' with the following arguments: {'ament_cmake_args': None, 'build_base': '/home/ironie/HornetXII_sims/build/dave_gz_sensor_plugins', 'catkin_cmake_args': None, 'catkin_skip_building_tests': False, 'cmake_args': None, 'cmake_clean_cache': False, 'cmake_clean_first': False, 'cmake_force_configure': False, 'cmake_target': None, 'cmake_target_skip_unavailable': False, 'install_base': '/home/ironie/HornetXII_sims/install/dave_gz_sensor_plugins', 'merge_install': False, 'path': '/home/ironie/HornetXII_sims/src/dave/gazebo/dave_gz_sensor_plugins', 'symlink_install': True, 'test_result_base': None}
[0.363s] Level 5:colcon.colcon_core.verb:set package 'dave_gz_world_plugins' build argument 'cmake_args' from command line to 'None'
[0.363s] Level 5:colcon.colcon_core.verb:set package 'dave_gz_world_plugins' build argument 'cmake_target' from command line to 'None'
[0.363s] Level 5:colcon.colcon_core.verb:set package 'dave_gz_world_plugins' build argument 'cmake_target_skip_unavailable' from command line to 'False'
[0.363s] Level 5:colcon.colcon_core.verb:set package 'dave_gz_world_plugins' build argument 'cmake_clean_cache' from command line to 'False'
[0.363s] Level 5:colcon.colcon_core.verb:set package 'dave_gz_world_plugins' build argument 'cmake_clean_first' from command line to 'False'
[0.363s] Level 5:colcon.colcon_core.verb:set package 'dave_gz_world_plugins' build argument 'cmake_force_configure' from command line to 'False'
[0.363s] Level 5:colcon.colcon_core.verb:set package 'dave_gz_world_plugins' build argument 'ament_cmake_args' from command line to 'None'
[0.363s] Level 5:colcon.colcon_core.verb:set package 'dave_gz_world_plugins' build argument 'catkin_cmake_args' from command line to 'None'
[0.363s] Level 5:colcon.colcon_core.verb:set package 'dave_gz_world_plugins' build argument 'catkin_skip_building_tests' from command line to 'False'
[0.363s] DEBUG:colcon.colcon_core.verb:Building package 'dave_gz_world_plugins' with the following arguments: {'ament_cmake_args': None, 'build_base': '/home/ironie/HornetXII_sims/build/dave_gz_world_plugins', 'catkin_cmake_args': None, 'catkin_skip_building_tests': False, 'cmake_args': None, 'cmake_clean_cache': False, 'cmake_clean_first': False, 'cmake_force_configure': False, 'cmake_target': None, 'cmake_target_skip_unavailable': False, 'install_base': '/home/ironie/HornetXII_sims/install/dave_gz_world_plugins', 'merge_install': False, 'path': '/home/ironie/HornetXII_sims/src/dave/gazebo/dave_gz_world_plugins', 'symlink_install': True, 'test_result_base': None}
[0.363s] Level 5:colcon.colcon_core.verb:set package 'multibeam_sonar' build argument 'cmake_args' from command line to 'None'
[0.363s] Level 5:colcon.colcon_core.verb:set package 'multibeam_sonar' build argument 'cmake_target' from command line to 'None'
[0.363s] Level 5:colcon.colcon_core.verb:set package 'multibeam_sonar' build argument 'cmake_target_skip_unavailable' from command line to 'False'
[0.363s] Level 5:colcon.colcon_core.verb:set package 'multibeam_sonar' build argument 'cmake_clean_cache' from command line to 'False'
[0.363s] Level 5:colcon.colcon_core.verb:set package 'multibeam_sonar' build argument 'cmake_clean_first' from command line to 'False'
[0.363s] Level 5:colcon.colcon_core.verb:set package 'multibeam_sonar' build argument 'cmake_force_configure' from command line to 'False'
[0.363s] Level 5:colcon.colcon_core.verb:set package 'multibeam_sonar' build argument 'ament_cmake_args' from command line to 'None'
[0.363s] Level 5:colcon.colcon_core.verb:set package 'multibeam_sonar' build argument 'catkin_cmake_args' from command line to 'None'
[0.363s] Level 5:colcon.colcon_core.verb:set package 'multibeam_sonar' build argument 'catkin_skip_building_tests' from command line to 'False'
[0.363s] DEBUG:colcon.colcon_core.verb:Building package 'multibeam_sonar' with the following arguments: {'ament_cmake_args': None, 'build_base': '/home/ironie/HornetXII_sims/build/multibeam_sonar', 'catkin_cmake_args': None, 'catkin_skip_building_tests': False, 'cmake_args': None, 'cmake_clean_cache': False, 'cmake_clean_first': False, 'cmake_force_configure': False, 'cmake_target': None, 'cmake_target_skip_unavailable': False, 'install_base': '/home/ironie/HornetXII_sims/install/multibeam_sonar', 'merge_install': False, 'path': '/home/ironie/HornetXII_sims/src/dave/gazebo/dave_gz_multibeam_sonar/multibeam_sonar', 'symlink_install': True, 'test_result_base': None}
[0.363s] Level 5:colcon.colcon_core.verb:set package 'dave_ros_gz_plugins' build argument 'cmake_args' from command line to 'None'
[0.363s] Level 5:colcon.colcon_core.verb:set package 'dave_ros_gz_plugins' build argument 'cmake_target' from command line to 'None'
[0.363s] Level 5:colcon.colcon_core.verb:set package 'dave_ros_gz_plugins' build argument 'cmake_target_skip_unavailable' from command line to 'False'
[0.363s] Level 5:colcon.colcon_core.verb:set package 'dave_ros_gz_plugins' build argument 'cmake_clean_cache' from command line to 'False'
[0.363s] Level 5:colcon.colcon_core.verb:set package 'dave_ros_gz_plugins' build argument 'cmake_clean_first' from command line to 'False'
[0.363s] Level 5:colcon.colcon_core.verb:set package 'dave_ros_gz_plugins' build argument 'cmake_force_configure' from command line to 'False'
[0.363s] Level 5:colcon.colcon_core.verb:set package 'dave_ros_gz_plugins' build argument 'ament_cmake_args' from command line to 'None'
[0.363s] Level 5:colcon.colcon_core.verb:set package 'dave_ros_gz_plugins' build argument 'catkin_cmake_args' from command line to 'None'
[0.363s] Level 5:colcon.colcon_core.verb:set package 'dave_ros_gz_plugins' build argument 'catkin_skip_building_tests' from command line to 'False'
[0.363s] DEBUG:colcon.colcon_core.verb:Building package 'dave_ros_gz_plugins' with the following arguments: {'ament_cmake_args': None, 'build_base': '/home/ironie/HornetXII_sims/build/dave_ros_gz_plugins', 'catkin_cmake_args': None, 'catkin_skip_building_tests': False, 'cmake_args': None, 'cmake_clean_cache': False, 'cmake_clean_first': False, 'cmake_force_configure': False, 'cmake_target': None, 'cmake_target_skip_unavailable': False, 'install_base': '/home/ironie/HornetXII_sims/install/dave_ros_gz_plugins', 'merge_install': False, 'path': '/home/ironie/HornetXII_sims/src/dave/gazebo/dave_ros_gz_plugins', 'symlink_install': True, 'test_result_base': None}
[0.363s] Level 5:colcon.colcon_core.verb:set package 'dave_gz_model_plugins' build argument 'cmake_args' from command line to 'None'
[0.363s] Level 5:colcon.colcon_core.verb:set package 'dave_gz_model_plugins' build argument 'cmake_target' from command line to 'None'
[0.363s] Level 5:colcon.colcon_core.verb:set package 'dave_gz_model_plugins' build argument 'cmake_target_skip_unavailable' from command line to 'False'
[0.363s] Level 5:colcon.colcon_core.verb:set package 'dave_gz_model_plugins' build argument 'cmake_clean_cache' from command line to 'False'
[0.363s] Level 5:colcon.colcon_core.verb:set package 'dave_gz_model_plugins' build argument 'cmake_clean_first' from command line to 'False'
[0.363s] Level 5:colcon.colcon_core.verb:set package 'dave_gz_model_plugins' build argument 'cmake_force_configure' from command line to 'False'
[0.364s] Level 5:colcon.colcon_core.verb:set package 'dave_gz_model_plugins' build argument 'ament_cmake_args' from command line to 'None'
[0.364s] Level 5:colcon.colcon_core.verb:set package 'dave_gz_model_plugins' build argument 'catkin_cmake_args' from command line to 'None'
[0.364s] Level 5:colcon.colcon_core.verb:set package 'dave_gz_model_plugins' build argument 'catkin_skip_building_tests' from command line to 'False'
[0.364s] DEBUG:colcon.colcon_core.verb:Building package 'dave_gz_model_plugins' with the following arguments: {'ament_cmake_args': None, 'build_base': '/home/ironie/HornetXII_sims/build/dave_gz_model_plugins', 'catkin_cmake_args': None, 'catkin_skip_building_tests': False, 'cmake_args': None, 'cmake_clean_cache': False, 'cmake_clean_first': False, 'cmake_force_configure': False, 'cmake_target': None, 'cmake_target_skip_unavailable': False, 'install_base': '/home/ironie/HornetXII_sims/install/dave_gz_model_plugins', 'merge_install': False, 'path': '/home/ironie/HornetXII_sims/src/dave/gazebo/dave_gz_model_plugins', 'symlink_install': True, 'test_result_base': None}
[0.364s] INFO:colcon.colcon_core.executor:Executing jobs using 'parallel' executor
[0.365s] DEBUG:colcon.colcon_parallel_executor.executor.parallel:run_until_complete
[0.365s] INFO:colcon.colcon_ros.task.ament_cmake.build:Building ROS package in '/home/ironie/HornetXII_sims/src/dave/dave_interfaces' with build type 'ament_cmake'
[0.365s] INFO:colcon.colcon_cmake.task.cmake.build:Building CMake package in '/home/ironie/HornetXII_sims/src/dave/dave_interfaces'
[0.368s] INFO:colcon.colcon_core.plugin_system:Skipping extension 'colcon_core.shell.bat': Not used on non-Windows systems
[0.368s] INFO:colcon.colcon_core.shell:Skip shell extension 'powershell' for command environment: Not usable outside of PowerShell
[0.368s] DEBUG:colcon.colcon_core.shell:Skip shell extension 'dsv' for command environment
[0.372s] INFO:colcon.colcon_ros.task.ament_cmake.build:Building ROS package in '/home/ironie/HornetXII_sims/src/auv_controls' with build type 'ament_cmake'
[0.372s] INFO:colcon.colcon_cmake.task.cmake.build:Building CMake package in '/home/ironie/HornetXII_sims/src/auv_controls'
[0.372s] INFO:colcon.colcon_core.shell:Skip shell extension 'powershell' for command environment: Not usable outside of PowerShell
[0.372s] DEBUG:colcon.colcon_core.shell:Skip shell extension 'dsv' for command environment
[0.377s] INFO:colcon.colcon_ros.task.ament_cmake.build:Building ROS package in '/home/ironie/HornetXII_sims/src/dave/examples/dave_demos' with build type 'ament_cmake'
[0.377s] INFO:colcon.colcon_cmake.task.cmake.build:Building CMake package in '/home/ironie/HornetXII_sims/src/dave/examples/dave_demos'
[0.377s] INFO:colcon.colcon_core.shell:Skip shell extension 'powershell' for command environment: Not usable outside of PowerShell
[0.377s] DEBUG:colcon.colcon_core.shell:Skip shell extension 'dsv' for command environment
[0.382s] INFO:colcon.colcon_ros.task.ament_cmake.build:Building ROS package in '/home/ironie/HornetXII_sims/src/dave/gazebo/dave_gz_multibeam_sonar/multibeam_sonar_demo' with build type 'ament_cmake'
[0.382s] INFO:colcon.colcon_cmake.task.cmake.build:Building CMake package in '/home/ironie/HornetXII_sims/src/dave/gazebo/dave_gz_multibeam_sonar/multibeam_sonar_demo'
[0.382s] INFO:colcon.colcon_core.shell:Skip shell extension 'powershell' for command environment: Not usable outside of PowerShell
[0.382s] DEBUG:colcon.colcon_core.shell:Skip shell extension 'dsv' for command environment
[0.387s] INFO:colcon.colcon_ros.task.ament_cmake.build:Building ROS package in '/home/ironie/HornetXII_sims/src/dave/models/dave_object_models' with build type 'ament_cmake'
[0.387s] INFO:colcon.colcon_cmake.task.cmake.build:Building CMake package in '/home/ironie/HornetXII_sims/src/dave/models/dave_object_models'
[0.388s] INFO:colcon.colcon_core.shell:Skip shell extension 'powershell' for command environment: Not usable outside of PowerShell
[0.388s] DEBUG:colcon.colcon_core.shell:Skip shell extension 'dsv' for command environment
[0.392s] INFO:colcon.colcon_ros.task.ament_cmake.build:Building ROS package in '/home/ironie/HornetXII_sims/src/dave/models/dave_robot_models' with build type 'ament_cmake'
[0.392s] INFO:colcon.colcon_cmake.task.cmake.build:Building CMake package in '/home/ironie/HornetXII_sims/src/dave/models/dave_robot_models'
[0.392s] INFO:colcon.colcon_core.shell:Skip shell extension 'powershell' for command environment: Not usable outside of PowerShell
[0.392s] DEBUG:colcon.colcon_core.shell:Skip shell extension 'dsv' for command environment
[0.396s] INFO:colcon.colcon_ros.task.ament_cmake.build:Building ROS package in '/home/ironie/HornetXII_sims/src/dave/models/dave_sensor_models' with build type 'ament_cmake'
[0.396s] INFO:colcon.colcon_cmake.task.cmake.build:Building CMake package in '/home/ironie/HornetXII_sims/src/dave/models/dave_sensor_models'
[0.396s] INFO:colcon.colcon_core.shell:Skip shell extension 'powershell' for command environment: Not usable outside of PowerShell
[0.396s] DEBUG:colcon.colcon_core.shell:Skip shell extension 'dsv' for command environment
[0.402s] INFO:colcon.colcon_ros.task.ament_cmake.build:Building ROS package in '/home/ironie/HornetXII_sims/src/dave/models/dave_worlds' with build type 'ament_cmake'
[0.402s] INFO:colcon.colcon_cmake.task.cmake.build:Building CMake package in '/home/ironie/HornetXII_sims/src/dave/models/dave_worlds'
[0.402s] INFO:colcon.colcon_core.shell:Skip shell extension 'powershell' for command environment: Not usable outside of PowerShell
[0.402s] DEBUG:colcon.colcon_core.shell:Skip shell extension 'dsv' for command environment
[0.407s] INFO:colcon.colcon_ros.task.ament_cmake.build:Building ROS package in '/home/ironie/HornetXII_sims/src/dave/gazebo/dave_gz_multibeam_sonar/multibeam_sonar_system' with build type 'ament_cmake'
[0.407s] INFO:colcon.colcon_cmake.task.cmake.build:Building CMake package in '/home/ironie/HornetXII_sims/src/dave/gazebo/dave_gz_multibeam_sonar/multibeam_sonar_system'
[0.407s] INFO:colcon.colcon_core.shell:Skip shell extension 'powershell' for command environment: Not usable outside of PowerShell
[0.407s] DEBUG:colcon.colcon_core.shell:Skip shell extension 'dsv' for command environment
[0.418s] DEBUG:colcon.colcon_core.event_handler.log_command:Invoking command in '/home/ironie/HornetXII_sims/build/dave_interfaces': CMAKE_PREFIX_PATH=${CMAKE_PREFIX_PATH}:/home/ironie/assignment3/install/assignment3:/opt/ros/jazzy DEBUGINFOD_URLS=https://debuginfod.ubuntu.com /usr/bin/cmake /home/ironie/HornetXII_sims/src/dave/dave_interfaces -DAMENT_CMAKE_SYMLINK_INSTALL=1 -DCMAKE_INSTALL_PREFIX=/home/ironie/HornetXII_sims/install/dave_interfaces
[0.422s] DEBUG:colcon.colcon_core.event_handler.log_command:Invoking command in '/home/ironie/HornetXII_sims/build/auv_controls': CMAKE_PREFIX_PATH=${CMAKE_PREFIX_PATH}:/home/ironie/assignment3/install/assignment3:/opt/ros/jazzy DEBUGINFOD_URLS=https://debuginfod.ubuntu.com /usr/bin/cmake /home/ironie/HornetXII_sims/src/auv_controls -DAMENT_CMAKE_SYMLINK_INSTALL=1 -DCMAKE_INSTALL_PREFIX=/home/ironie/HornetXII_sims/install/auv_controls
[0.428s] DEBUG:colcon.colcon_core.event_handler.log_command:Invoking command in '/home/ironie/HornetXII_sims/build/dave_demos': CMAKE_PREFIX_PATH=${CMAKE_PREFIX_PATH}:/home/ironie/assignment3/install/assignment3:/opt/ros/jazzy DEBUGINFOD_URLS=https://debuginfod.ubuntu.com /usr/bin/cmake /home/ironie/HornetXII_sims/src/dave/examples/dave_demos -DAMENT_CMAKE_SYMLINK_INSTALL=1 -DCMAKE_INSTALL_PREFIX=/home/ironie/HornetXII_sims/install/dave_demos
[0.431s] DEBUG:colcon.colcon_core.event_handler.log_command:Invoking command in '/home/ironie/HornetXII_sims/build/dave_multibeam_sonar_demo': CMAKE_PREFIX_PATH=${CMAKE_PREFIX_PATH}:/home/ironie/assignment3/install/assignment3:/opt/ros/jazzy DEBUGINFOD_URLS=https://debuginfod.ubuntu.com /usr/bin/cmake /home/ironie/HornetXII_sims/src/dave/gazebo/dave_gz_multibeam_sonar/multibeam_sonar_demo -DAMENT_CMAKE_SYMLINK_INSTALL=1 -DCMAKE_INSTALL_PREFIX=/home/ironie/HornetXII_sims/install/dave_multibeam_sonar_demo
[0.436s] DEBUG:colcon.colcon_core.event_handler.log_command:Invoking command in '/home/ironie/HornetXII_sims/build/dave_object_models': CMAKE_PREFIX_PATH=${CMAKE_PREFIX_PATH}:/home/ironie/assignment3/install/assignment3:/opt/ros/jazzy DEBUGINFOD_URLS=https://debuginfod.ubuntu.com /usr/bin/cmake /home/ironie/HornetXII_sims/src/dave/models/dave_object_models -DAMENT_CMAKE_SYMLINK_INSTALL=1 -DCMAKE_INSTALL_PREFIX=/home/ironie/HornetXII_sims/install/dave_object_models
[0.441s] DEBUG:colcon.colcon_core.event_handler.log_command:Invoking command in '/home/ironie/HornetXII_sims/build/dave_robot_models': CMAKE_PREFIX_PATH=${CMAKE_PREFIX_PATH}:/home/ironie/assignment3/install/assignment3:/opt/ros/jazzy DEBUGINFOD_URLS=https://debuginfod.ubuntu.com /usr/bin/cmake /home/ironie/HornetXII_sims/src/dave/models/dave_robot_models -DAMENT_CMAKE_SYMLINK_INSTALL=1 -DCMAKE_INSTALL_PREFIX=/home/ironie/HornetXII_sims/install/dave_robot_models
[0.444s] DEBUG:colcon.colcon_core.event_handler.log_command:Invoking command in '/home/ironie/HornetXII_sims/build/dave_sensor_models': CMAKE_PREFIX_PATH=${CMAKE_PREFIX_PATH}:/home/ironie/assignment3/install/assignment3:/opt/ros/jazzy DEBUGINFOD_URLS=https://debuginfod.ubuntu.com /usr/bin/cmake /home/ironie/HornetXII_sims/src/dave/models/dave_sensor_models -DAMENT_CMAKE_SYMLINK_INSTALL=1 -DCMAKE_INSTALL_PREFIX=/home/ironie/HornetXII_sims/install/dave_sensor_models
[0.473s] DEBUG:colcon.colcon_core.event_handler.log_command:Invoking command in '/home/ironie/HornetXII_sims/build/dave_worlds': CMAKE_PREFIX_PATH=${CMAKE_PREFIX_PATH}:/home/ironie/assignment3/install/assignment3:/opt/ros/jazzy DEBUGINFOD_URLS=https://debuginfod.ubuntu.com /usr/bin/cmake /home/ironie/HornetXII_sims/src/dave/models/dave_worlds -DAMENT_CMAKE_SYMLINK_INSTALL=1 -DCMAKE_INSTALL_PREFIX=/home/ironie/HornetXII_sims/install/dave_worlds
[0.480s] DEBUG:colcon.colcon_core.event_handler.log_command:Invoking command in '/home/ironie/HornetXII_sims/build/multibeam_sonar_system': CMAKE_PREFIX_PATH=${CMAKE_PREFIX_PATH}:/home/ironie/assignment3/install/assignment3:/opt/ros/jazzy DEBUGINFOD_URLS=https://debuginfod.ubuntu.com /usr/bin/cmake /home/ironie/HornetXII_sims/src/dave/gazebo/dave_gz_multibeam_sonar/multibeam_sonar_system -DAMENT_CMAKE_SYMLINK_INSTALL=1 -DCMAKE_INSTALL_PREFIX=/home/ironie/HornetXII_sims/install/multibeam_sonar_system
[3.552s] DEBUG:colcon.colcon_core.event_handler.log_command:Invoked command in '/home/ironie/HornetXII_sims/build/dave_robot_models' returned '0': CMAKE_PREFIX_PATH=${CMAKE_PREFIX_PATH}:/home/ironie/assignment3/install/assignment3:/opt/ros/jazzy DEBUGINFOD_URLS=https://debuginfod.ubuntu.com /usr/bin/cmake /home/ironie/HornetXII_sims/src/dave/models/dave_robot_models -DAMENT_CMAKE_SYMLINK_INSTALL=1 -DCMAKE_INSTALL_PREFIX=/home/ironie/HornetXII_sims/install/dave_robot_models
[3.556s] DEBUG:colcon.colcon_core.event_handler.log_command:Invoking command in '/home/ironie/HornetXII_sims/build/dave_robot_models': CMAKE_PREFIX_PATH=${CMAKE_PREFIX_PATH}:/home/ironie/assignment3/install/assignment3:/opt/ros/jazzy DEBUGINFOD_URLS=https://debuginfod.ubuntu.com /usr/bin/cmake --build /home/ironie/HornetXII_sims/build/dave_robot_models -- -j12 -l12
[3.559s] DEBUG:colcon.colcon_core.event_handler.log_command:Invoked command in '/home/ironie/HornetXII_sims/build/dave_demos' returned '0': CMAKE_PREFIX_PATH=${CMAKE_PREFIX_PATH}:/home/ironie/assignment3/install/assignment3:/opt/ros/jazzy DEBUGINFOD_URLS=https://debuginfod.ubuntu.com /usr/bin/cmake /home/ironie/HornetXII_sims/src/dave/examples/dave_demos -DAMENT_CMAKE_SYMLINK_INSTALL=1 -DCMAKE_INSTALL_PREFIX=/home/ironie/HornetXII_sims/install/dave_demos
[3.561s] DEBUG:colcon.colcon_core.event_handler.log_command:Invoking command in '/home/ironie/HornetXII_sims/build/dave_demos': CMAKE_PREFIX_PATH=${CMAKE_PREFIX_PATH}:/home/ironie/assignment3/install/assignment3:/opt/ros/jazzy DEBUGINFOD_URLS=https://debuginfod.ubuntu.com /usr/bin/cmake --build /home/ironie/HornetXII_sims/build/dave_demos -- -j12 -l12
[3.564s] DEBUG:colcon.colcon_core.event_handler.log_command:Invoked command in '/home/ironie/HornetXII_sims/build/dave_sensor_models' returned '0': CMAKE_PREFIX_PATH=${CMAKE_PREFIX_PATH}:/home/ironie/assignment3/install/assignment3:/opt/ros/jazzy DEBUGINFOD_URLS=https://debuginfod.ubuntu.com /usr/bin/cmake /home/ironie/HornetXII_sims/src/dave/models/dave_sensor_models -DAMENT_CMAKE_SYMLINK_INSTALL=1 -DCMAKE_INSTALL_PREFIX=/home/ironie/HornetXII_sims/install/dave_sensor_models
[3.566s] DEBUG:colcon.colcon_core.event_handler.log_command:Invoking command in '/home/ironie/HornetXII_sims/build/dave_sensor_models': CMAKE_PREFIX_PATH=${CMAKE_PREFIX_PATH}:/home/ironie/assignment3/install/assignment3:/opt/ros/jazzy DEBUGINFOD_URLS=https://debuginfod.ubuntu.com /usr/bin/cmake --build /home/ironie/HornetXII_sims/build/dave_sensor_models -- -j12 -l12
[3.574s] DEBUG:colcon.colcon_core.event_handler.log_command:Invoked command in '/home/ironie/HornetXII_sims/build/dave_object_models' returned '0': CMAKE_PREFIX_PATH=${CMAKE_PREFIX_PATH}:/home/ironie/assignment3/install/assignment3:/opt/ros/jazzy DEBUGINFOD_URLS=https://debuginfod.ubuntu.com /usr/bin/cmake /home/ironie/HornetXII_sims/src/dave/models/dave_object_models -DAMENT_CMAKE_SYMLINK_INSTALL=1 -DCMAKE_INSTALL_PREFIX=/home/ironie/HornetXII_sims/install/dave_object_models
[3.576s] DEBUG:colcon.colcon_core.event_handler.log_command:Invoking command in '/home/ironie/HornetXII_sims/build/dave_object_models': CMAKE_PREFIX_PATH=${CMAKE_PREFIX_PATH}:/home/ironie/assignment3/install/assignment3:/opt/ros/jazzy DEBUGINFOD_URLS=https://debuginfod.ubuntu.com /usr/bin/cmake --build /home/ironie/HornetXII_sims/build/dave_object_models -- -j12 -l12
[3.618s] DEBUG:colcon.colcon_core.event_handler.log_command:Invoked command in '/home/ironie/HornetXII_sims/build/dave_robot_models' returned '0': CMAKE_PREFIX_PATH=${CMAKE_PREFIX_PATH}:/home/ironie/assignment3/install/assignment3:/opt/ros/jazzy DEBUGINFOD_URLS=https://debuginfod.ubuntu.com /usr/bin/cmake --build /home/ironie/HornetXII_sims/build/dave_robot_models -- -j12 -l12
[3.629s] DEBUG:colcon.colcon_core.event_handler.log_command:Invoking command in '/home/ironie/HornetXII_sims/build/dave_robot_models': CMAKE_PREFIX_PATH=${CMAKE_PREFIX_PATH}:/home/ironie/assignment3/install/assignment3:/opt/ros/jazzy DEBUGINFOD_URLS=https://debuginfod.ubuntu.com /usr/bin/cmake --install /home/ironie/HornetXII_sims/build/dave_robot_models
[3.630s] DEBUG:colcon.colcon_core.event_handler.log_command:Invoked command in '/home/ironie/HornetXII_sims/build/dave_sensor_models' returned '0': CMAKE_PREFIX_PATH=${CMAKE_PREFIX_PATH}:/home/ironie/assignment3/install/assignment3:/opt/ros/jazzy DEBUGINFOD_URLS=https://debuginfod.ubuntu.com /usr/bin/cmake --build /home/ironie/HornetXII_sims/build/dave_sensor_models -- -j12 -l12
[3.632s] DEBUG:colcon.colcon_core.event_handler.log_command:Invoking command in '/home/ironie/HornetXII_sims/build/dave_sensor_models': CMAKE_PREFIX_PATH=${CMAKE_PREFIX_PATH}:/home/ironie/assignment3/install/assignment3:/opt/ros/jazzy DEBUGINFOD_URLS=https://debuginfod.ubuntu.com /usr/bin/cmake --install /home/ironie/HornetXII_sims/build/dave_sensor_models
[3.633s] DEBUG:colcon.colcon_core.event_handler.log_command:Invoked command in '/home/ironie/HornetXII_sims/build/dave_demos' returned '0': CMAKE_PREFIX_PATH=${CMAKE_PREFIX_PATH}:/home/ironie/assignment3/install/assignment3:/opt/ros/jazzy DEBUGINFOD_URLS=https://debuginfod.ubuntu.com /usr/bin/cmake --build /home/ironie/HornetXII_sims/build/dave_demos -- -j12 -l12
[3.635s] DEBUG:colcon.colcon_core.event_handler.log_command:Invoking command in '/home/ironie/HornetXII_sims/build/dave_demos': CMAKE_PREFIX_PATH=${CMAKE_PREFIX_PATH}:/home/ironie/assignment3/install/assignment3:/opt/ros/jazzy DEBUGINFOD_URLS=https://debuginfod.ubuntu.com /usr/bin/cmake --install /home/ironie/HornetXII_sims/build/dave_demos
[3.638s] DEBUG:colcon.colcon_core.event_handler.log_command:Invoked command in '/home/ironie/HornetXII_sims/build/dave_object_models' returned '0': CMAKE_PREFIX_PATH=${CMAKE_PREFIX_PATH}:/home/ironie/assignment3/install/assignment3:/opt/ros/jazzy DEBUGINFOD_URLS=https://debuginfod.ubuntu.com /usr/bin/cmake --build /home/ironie/HornetXII_sims/build/dave_object_models -- -j12 -l12
[3.641s] DEBUG:colcon.colcon_core.event_handler.log_command:Invoking command in '/home/ironie/HornetXII_sims/build/dave_object_models': CMAKE_PREFIX_PATH=${CMAKE_PREFIX_PATH}:/home/ironie/assignment3/install/assignment3:/opt/ros/jazzy DEBUGINFOD_URLS=https://debuginfod.ubuntu.com /usr/bin/cmake --install /home/ironie/HornetXII_sims/build/dave_object_models
[3.789s] DEBUG:colcon.colcon_core.event_handler.log_command:Invoked command in '/home/ironie/HornetXII_sims/build/dave_worlds' returned '0': CMAKE_PREFIX_PATH=${CMAKE_PREFIX_PATH}:/home/ironie/assignment3/install/assignment3:/opt/ros/jazzy DEBUGINFOD_URLS=https://debuginfod.ubuntu.com /usr/bin/cmake /home/ironie/HornetXII_sims/src/dave/models/dave_worlds -DAMENT_CMAKE_SYMLINK_INSTALL=1 -DCMAKE_INSTALL_PREFIX=/home/ironie/HornetXII_sims/install/dave_worlds
[3.790s] DEBUG:colcon.colcon_core.event_handler.log_command:Invoking command in '/home/ironie/HornetXII_sims/build/dave_worlds': CMAKE_PREFIX_PATH=${CMAKE_PREFIX_PATH}:/home/ironie/assignment3/install/assignment3:/opt/ros/jazzy DEBUGINFOD_URLS=https://debuginfod.ubuntu.com /usr/bin/cmake --build /home/ironie/HornetXII_sims/build/dave_worlds -- -j12 -l12
[3.912s] Level 1:colcon.colcon_core.environment:create_environment_scripts_only(dave_object_models)
[3.912s] DEBUG:colcon.colcon_core.event_handler.log_command:Invoked command in '/home/ironie/HornetXII_sims/build/dave_object_models' returned '0': CMAKE_PREFIX_PATH=${CMAKE_PREFIX_PATH}:/home/ironie/assignment3/install/assignment3:/opt/ros/jazzy DEBUGINFOD_URLS=https://debuginfod.ubuntu.com /usr/bin/cmake --install /home/ironie/HornetXII_sims/build/dave_object_models
[3.916s] Level 1:colcon.colcon_core.environment:checking '/home/ironie/HornetXII_sims/install/dave_object_models' for CMake module files
[3.916s] Level 1:colcon.colcon_core.environment:checking '/home/ironie/HornetXII_sims/install/dave_object_models' for CMake config files
[3.917s] Level 1:colcon.colcon_core.shell:create_environment_hook('dave_object_models', 'cmake_prefix_path')
[3.917s] INFO:colcon.colcon_core.shell:Creating environment hook '/home/ironie/HornetXII_sims/install/dave_object_models/share/dave_object_models/hook/cmake_prefix_path.ps1'
[3.918s] INFO:colcon.colcon_core.shell:Creating environment descriptor '/home/ironie/HornetXII_sims/install/dave_object_models/share/dave_object_models/hook/cmake_prefix_path.dsv'
[3.919s] INFO:colcon.colcon_core.shell:Creating environment hook '/home/ironie/HornetXII_sims/install/dave_object_models/share/dave_object_models/hook/cmake_prefix_path.sh'
[3.920s] Level 1:colcon.colcon_core.environment:checking '/home/ironie/HornetXII_sims/install/dave_object_models/bin'
[3.920s] Level 1:colcon.colcon_core.environment:checking '/home/ironie/HornetXII_sims/install/dave_object_models/lib/pkgconfig/dave_object_models.pc'
[3.920s] Level 1:colcon.colcon_core.environment:checking '/home/ironie/HornetXII_sims/install/dave_object_models/lib/python3.12/site-packages'
[3.921s] Level 1:colcon.colcon_core.environment:checking '/home/ironie/HornetXII_sims/install/dave_object_models/bin'
[3.921s] INFO:colcon.colcon_core.shell:Creating package script '/home/ironie/HornetXII_sims/install/dave_object_models/share/dave_object_models/package.ps1'
[3.924s] INFO:colcon.colcon_core.shell:Creating package descriptor '/home/ironie/HornetXII_sims/install/dave_object_models/share/dave_object_models/package.dsv'
[3.925s] INFO:colcon.colcon_core.shell:Creating package script '/home/ironie/HornetXII_sims/install/dave_object_models/share/dave_object_models/package.sh'
[3.926s] INFO:colcon.colcon_core.shell:Creating package script '/home/ironie/HornetXII_sims/install/dave_object_models/share/dave_object_models/package.bash'
[3.927s] INFO:colcon.colcon_core.shell:Creating package script '/home/ironie/HornetXII_sims/install/dave_object_models/share/dave_object_models/package.zsh'
[3.927s] Level 1:colcon.colcon_core.environment:create_file_with_runtime_dependencies(/home/ironie/HornetXII_sims/install/dave_object_models/share/colcon-core/packages/dave_object_models)
[3.929s] Level 1:colcon.colcon_core.environment:create_environment_scripts_only(dave_object_models)
[3.929s] Level 1:colcon.colcon_core.environment:checking '/home/ironie/HornetXII_sims/install/dave_object_models' for CMake module files
[3.930s] Level 1:colcon.colcon_core.environment:checking '/home/ironie/HornetXII_sims/install/dave_object_models' for CMake config files
[3.930s] Level 1:colcon.colcon_core.shell:create_environment_hook('dave_object_models', 'cmake_prefix_path')
[3.931s] INFO:colcon.colcon_core.shell:Creating environment hook '/home/ironie/HornetXII_sims/install/dave_object_models/share/dave_object_models/hook/cmake_prefix_path.ps1'
[3.931s] INFO:colcon.colcon_core.shell:Creating environment descriptor '/home/ironie/HornetXII_sims/install/dave_object_models/share/dave_object_models/hook/cmake_prefix_path.dsv'
[3.933s] INFO:colcon.colcon_core.shell:Creating environment hook '/home/ironie/HornetXII_sims/install/dave_object_models/share/dave_object_models/hook/cmake_prefix_path.sh'
[3.933s] Level 1:colcon.colcon_core.environment:checking '/home/ironie/HornetXII_sims/install/dave_object_models/bin'
[3.934s] Level 1:colcon.colcon_core.environment:checking '/home/ironie/HornetXII_sims/install/dave_object_models/lib/pkgconfig/dave_object_models.pc'
[3.934s] Level 1:colcon.colcon_core.environment:checking '/home/ironie/HornetXII_sims/install/dave_object_models/lib/python3.12/site-packages'
[3.935s] Level 1:colcon.colcon_core.environment:checking '/home/ironie/HornetXII_sims/install/dave_object_models/bin'
[3.935s] INFO:colcon.colcon_core.shell:Creating package script '/home/ironie/HornetXII_sims/install/dave_object_models/share/dave_object_models/package.ps1'
[3.937s] INFO:colcon.colcon_core.shell:Creating package descriptor '/home/ironie/HornetXII_sims/install/dave_object_models/share/dave_object_models/package.dsv'
[3.937s] INFO:colcon.colcon_core.shell:Creating package script '/home/ironie/HornetXII_sims/install/dave_object_models/share/dave_object_models/package.sh'
[3.938s] INFO:colcon.colcon_core.shell:Creating package script '/home/ironie/HornetXII_sims/install/dave_object_models/share/dave_object_models/package.bash'
[3.939s] INFO:colcon.colcon_core.shell:Creating package script '/home/ironie/HornetXII_sims/install/dave_object_models/share/dave_object_models/package.zsh'
[3.939s] Level 1:colcon.colcon_core.environment:create_file_with_runtime_dependencies(/home/ironie/HornetXII_sims/install/dave_object_models/share/colcon-core/packages/dave_object_models)
[3.941s] DEBUG:colcon.colcon_core.event_handler.log_command:Invoked command in '/home/ironie/HornetXII_sims/build/dave_worlds' returned '0': CMAKE_PREFIX_PATH=${CMAKE_PREFIX_PATH}:/home/ironie/assignment3/install/assignment3:/opt/ros/jazzy DEBUGINFOD_URLS=https://debuginfod.ubuntu.com /usr/bin/cmake --build /home/ironie/HornetXII_sims/build/dave_worlds -- -j12 -l12
[3.943s] DEBUG:colcon.colcon_core.event_handler.log_command:Invoking command in '/home/ironie/HornetXII_sims/build/dave_worlds': CMAKE_PREFIX_PATH=${CMAKE_PREFIX_PATH}:/home/ironie/assignment3/install/assignment3:/opt/ros/jazzy DEBUGINFOD_URLS=https://debuginfod.ubuntu.com /usr/bin/cmake --install /home/ironie/HornetXII_sims/build/dave_worlds
[3.946s] Level 1:colcon.colcon_core.environment:create_environment_scripts_only(dave_demos)
[3.946s] Level 1:colcon.colcon_core.environment:checking '/home/ironie/HornetXII_sims/install/dave_demos' for CMake module files
[3.947s] DEBUG:colcon.colcon_core.event_handler.log_command:Invoked command in '/home/ironie/HornetXII_sims/build/dave_demos' returned '0': CMAKE_PREFIX_PATH=${CMAKE_PREFIX_PATH}:/home/ironie/assignment3/install/assignment3:/opt/ros/jazzy DEBUGINFOD_URLS=https://debuginfod.ubuntu.com /usr/bin/cmake --install /home/ironie/HornetXII_sims/build/dave_demos
[3.948s] Level 1:colcon.colcon_core.environment:checking '/home/ironie/HornetXII_sims/install/dave_demos' for CMake config files
[3.949s] Level 1:colcon.colcon_core.shell:create_environment_hook('dave_demos', 'cmake_prefix_path')
[3.949s] INFO:colcon.colcon_core.shell:Creating environment hook '/home/ironie/HornetXII_sims/install/dave_demos/share/dave_demos/hook/cmake_prefix_path.ps1'
[3.950s] INFO:colcon.colcon_core.shell:Creating environment descriptor '/home/ironie/HornetXII_sims/install/dave_demos/share/dave_demos/hook/cmake_prefix_path.dsv'
[3.951s] INFO:colcon.colcon_core.shell:Creating environment hook '/home/ironie/HornetXII_sims/install/dave_demos/share/dave_demos/hook/cmake_prefix_path.sh'
[3.952s] Level 1:colcon.colcon_core.environment:checking '/home/ironie/HornetXII_sims/install/dave_demos/bin'
[3.952s] Level 1:colcon.colcon_core.environment:checking '/home/ironie/HornetXII_sims/install/dave_demos/lib/pkgconfig/dave_demos.pc'
[3.953s] Level 1:colcon.colcon_core.environment:checking '/home/ironie/HornetXII_sims/install/dave_demos/lib/python3.12/site-packages'
[3.953s] Level 1:colcon.colcon_core.environment:checking '/home/ironie/HornetXII_sims/install/dave_demos/bin'
[3.953s] INFO:colcon.colcon_core.shell:Creating package script '/home/ironie/HornetXII_sims/install/dave_demos/share/dave_demos/package.ps1'
[3.955s] INFO:colcon.colcon_core.shell:Creating package descriptor '/home/ironie/HornetXII_sims/install/dave_demos/share/dave_demos/package.dsv'
[3.956s] INFO:colcon.colcon_core.shell:Creating package script '/home/ironie/HornetXII_sims/install/dave_demos/share/dave_demos/package.sh'
[3.958s] INFO:colcon.colcon_core.shell:Creating package script '/home/ironie/HornetXII_sims/install/dave_demos/share/dave_demos/package.bash'
[3.959s] INFO:colcon.colcon_core.shell:Creating package script '/home/ironie/HornetXII_sims/install/dave_demos/share/dave_demos/package.zsh'
[3.959s] Level 1:colcon.colcon_core.environment:create_file_with_runtime_dependencies(/home/ironie/HornetXII_sims/install/dave_demos/share/colcon-core/packages/dave_demos)
[3.961s] Level 1:colcon.colcon_core.environment:create_environment_scripts_only(dave_demos)
[3.961s] Level 1:colcon.colcon_core.environment:checking '/home/ironie/HornetXII_sims/install/dave_demos' for CMake module files
[3.962s] Level 1:colcon.colcon_core.environment:checking '/home/ironie/HornetXII_sims/install/dave_demos' for CMake config files
[3.963s] Level 1:colcon.colcon_core.shell:create_environment_hook('dave_demos', 'cmake_prefix_path')
[3.963s] INFO:colcon.colcon_core.shell:Creating environment hook '/home/ironie/HornetXII_sims/install/dave_demos/share/dave_demos/hook/cmake_prefix_path.ps1'
[3.964s] INFO:colcon.colcon_core.shell:Creating environment descriptor '/home/ironie/HornetXII_sims/install/dave_demos/share/dave_demos/hook/cmake_prefix_path.dsv'
[3.964s] INFO:colcon.colcon_core.shell:Creating environment hook '/home/ironie/HornetXII_sims/install/dave_demos/share/dave_demos/hook/cmake_prefix_path.sh'
[3.965s] Level 1:colcon.colcon_core.environment:checking '/home/ironie/HornetXII_sims/install/dave_demos/bin'
[3.965s] Level 1:colcon.colcon_core.environment:checking '/home/ironie/HornetXII_sims/install/dave_demos/lib/pkgconfig/dave_demos.pc'
[3.965s] Level 1:colcon.colcon_core.environment:checking '/home/ironie/HornetXII_sims/install/dave_demos/lib/python3.12/site-packages'
[3.966s] Level 1:colcon.colcon_core.environment:checking '/home/ironie/HornetXII_sims/install/dave_demos/bin'
[3.966s] INFO:colcon.colcon_core.shell:Creating package script '/home/ironie/HornetXII_sims/install/dave_demos/share/dave_demos/package.ps1'
[3.967s] INFO:colcon.colcon_core.shell:Creating package descriptor '/home/ironie/HornetXII_sims/install/dave_demos/share/dave_demos/package.dsv'
[3.968s] INFO:colcon.colcon_core.shell:Creating package script '/home/ironie/HornetXII_sims/install/dave_demos/share/dave_demos/package.sh'
[3.969s] INFO:colcon.colcon_core.shell:Creating package script '/home/ironie/HornetXII_sims/install/dave_demos/share/dave_demos/package.bash'
[3.969s] INFO:colcon.colcon_core.shell:Creating package script '/home/ironie/HornetXII_sims/install/dave_demos/share/dave_demos/package.zsh'
[3.970s] Level 1:colcon.colcon_core.environment:create_file_with_runtime_dependencies(/home/ironie/HornetXII_sims/install/dave_demos/share/colcon-core/packages/dave_demos)
[4.392s] Level 1:colcon.colcon_core.environment:create_environment_scripts_only(dave_robot_models)
[4.393s] Level 1:colcon.colcon_core.environment:checking '/home/ironie/HornetXII_sims/install/dave_robot_models' for CMake module files
[4.393s] DEBUG:colcon.colcon_core.event_handler.log_command:Invoked command in '/home/ironie/HornetXII_sims/build/dave_robot_models' returned '0': CMAKE_PREFIX_PATH=${CMAKE_PREFIX_PATH}:/home/ironie/assignment3/install/assignment3:/opt/ros/jazzy DEBUGINFOD_URLS=https://debuginfod.ubuntu.com /usr/bin/cmake --install /home/ironie/HornetXII_sims/build/dave_robot_models
[4.395s] Level 1:colcon.colcon_core.environment:checking '/home/ironie/HornetXII_sims/install/dave_robot_models' for CMake config files
[4.396s] Level 1:colcon.colcon_core.shell:create_environment_hook('dave_robot_models', 'cmake_prefix_path')
[4.397s] INFO:colcon.colcon_core.shell:Creating environment hook '/home/ironie/HornetXII_sims/install/dave_robot_models/share/dave_robot_models/hook/cmake_prefix_path.ps1'
[4.398s] INFO:colcon.colcon_core.shell:Creating environment descriptor '/home/ironie/HornetXII_sims/install/dave_robot_models/share/dave_robot_models/hook/cmake_prefix_path.dsv'
[4.398s] INFO:colcon.colcon_core.shell:Creating environment hook '/home/ironie/HornetXII_sims/install/dave_robot_models/share/dave_robot_models/hook/cmake_prefix_path.sh'
[4.399s] Level 1:colcon.colcon_core.environment:checking '/home/ironie/HornetXII_sims/install/dave_robot_models/lib'
[4.400s] Level 1:colcon.colcon_core.environment:checking '/home/ironie/HornetXII_sims/install/dave_robot_models/bin'
[4.400s] Level 1:colcon.colcon_core.environment:checking '/home/ironie/HornetXII_sims/install/dave_robot_models/lib/pkgconfig/dave_robot_models.pc'
[4.400s] Level 1:colcon.colcon_core.environment:checking '/home/ironie/HornetXII_sims/install/dave_robot_models/lib/python3.12/site-packages'
[4.401s] Level 1:colcon.colcon_core.environment:checking '/home/ironie/HornetXII_sims/install/dave_robot_models/bin'
[4.401s] INFO:colcon.colcon_core.shell:Creating package script '/home/ironie/HornetXII_sims/install/dave_robot_models/share/dave_robot_models/package.ps1'
[4.402s] INFO:colcon.colcon_core.shell:Creating package descriptor '/home/ironie/HornetXII_sims/install/dave_robot_models/share/dave_robot_models/package.dsv'
[4.403s] INFO:colcon.colcon_core.shell:Creating package script '/home/ironie/HornetXII_sims/install/dave_robot_models/share/dave_robot_models/package.sh'
[4.404s] INFO:colcon.colcon_core.shell:Creating package script '/home/ironie/HornetXII_sims/install/dave_robot_models/share/dave_robot_models/package.bash'
[4.404s] INFO:colcon.colcon_core.shell:Creating package script '/home/ironie/HornetXII_sims/install/dave_robot_models/share/dave_robot_models/package.zsh'
[4.404s] Level 1:colcon.colcon_core.environment:create_file_with_runtime_dependencies(/home/ironie/HornetXII_sims/install/dave_robot_models/share/colcon-core/packages/dave_robot_models)
[4.406s] Level 1:colcon.colcon_core.environment:create_environment_scripts_only(dave_robot_models)
[4.406s] Level 1:colcon.colcon_core.environment:checking '/home/ironie/HornetXII_sims/install/dave_robot_models' for CMake module files
[4.406s] Level 1:colcon.colcon_core.environment:checking '/home/ironie/HornetXII_sims/install/dave_robot_models' for CMake config files
[4.407s] Level 1:colcon.colcon_core.shell:create_environment_hook('dave_robot_models', 'cmake_prefix_path')
[4.407s] INFO:colcon.colcon_core.shell:Creating environment hook '/home/ironie/HornetXII_sims/install/dave_robot_models/share/dave_robot_models/hook/cmake_prefix_path.ps1'
[4.408s] INFO:colcon.colcon_core.shell:Creating environment descriptor '/home/ironie/HornetXII_sims/install/dave_robot_models/share/dave_robot_models/hook/cmake_prefix_path.dsv'
[4.408s] INFO:colcon.colcon_core.shell:Creating environment hook '/home/ironie/HornetXII_sims/install/dave_robot_models/share/dave_robot_models/hook/cmake_prefix_path.sh'
[4.409s] Level 1:colcon.colcon_core.environment:checking '/home/ironie/HornetXII_sims/install/dave_robot_models/lib'
[4.409s] Level 1:colcon.colcon_core.environment:checking '/home/ironie/HornetXII_sims/install/dave_robot_models/bin'
[4.409s] Level 1:colcon.colcon_core.environment:checking '/home/ironie/HornetXII_sims/install/dave_robot_models/lib/pkgconfig/dave_robot_models.pc'
[4.410s] Level 1:colcon.colcon_core.environment:checking '/home/ironie/HornetXII_sims/install/dave_robot_models/lib/python3.12/site-packages'
[4.410s] Level 1:colcon.colcon_core.environment:checking '/home/ironie/HornetXII_sims/install/dave_robot_models/bin'
[4.410s] INFO:colcon.colcon_core.shell:Creating package script '/home/ironie/HornetXII_sims/install/dave_robot_models/share/dave_robot_models/package.ps1'
[4.411s] INFO:colcon.colcon_core.shell:Creating package descriptor '/home/ironie/HornetXII_sims/install/dave_robot_models/share/dave_robot_models/package.dsv'
[4.412s] INFO:colcon.colcon_core.shell:Creating package script '/home/ironie/HornetXII_sims/install/dave_robot_models/share/dave_robot_models/package.sh'
[4.413s] INFO:colcon.colcon_core.shell:Creating package script '/home/ironie/HornetXII_sims/install/dave_robot_models/share/dave_robot_models/package.bash'
[4.413s] INFO:colcon.colcon_core.shell:Creating package script '/home/ironie/HornetXII_sims/install/dave_robot_models/share/dave_robot_models/package.zsh'
[4.414s] Level 1:colcon.colcon_core.environment:create_file_with_runtime_dependencies(/home/ironie/HornetXII_sims/install/dave_robot_models/share/colcon-core/packages/dave_robot_models)
[4.416s] Level 1:colcon.colcon_core.environment:create_environment_scripts_only(dave_sensor_models)
[4.417s] Level 1:colcon.colcon_core.environment:checking '/home/ironie/HornetXII_sims/install/dave_sensor_models' for CMake module files
[4.417s] DEBUG:colcon.colcon_core.event_handler.log_command:Invoked command in '/home/ironie/HornetXII_sims/build/dave_sensor_models' returned '0': CMAKE_PREFIX_PATH=${CMAKE_PREFIX_PATH}:/home/ironie/assignment3/install/assignment3:/opt/ros/jazzy DEBUGINFOD_URLS=https://debuginfod.ubuntu.com /usr/bin/cmake --install /home/ironie/HornetXII_sims/build/dave_sensor_models
[4.418s] Level 1:colcon.colcon_core.environment:checking '/home/ironie/HornetXII_sims/install/dave_sensor_models' for CMake config files
[4.419s] Level 1:colcon.colcon_core.shell:create_environment_hook('dave_sensor_models', 'cmake_prefix_path')
[4.419s] INFO:colcon.colcon_core.shell:Creating environment hook '/home/ironie/HornetXII_sims/install/dave_sensor_models/share/dave_sensor_models/hook/cmake_prefix_path.ps1'
[4.420s] INFO:colcon.colcon_core.shell:Creating environment descriptor '/home/ironie/HornetXII_sims/install/dave_sensor_models/share/dave_sensor_models/hook/cmake_prefix_path.dsv'
[4.420s] INFO:colcon.colcon_core.shell:Creating environment hook '/home/ironie/HornetXII_sims/install/dave_sensor_models/share/dave_sensor_models/hook/cmake_prefix_path.sh'
[4.421s] Level 1:colcon.colcon_core.environment:checking '/home/ironie/HornetXII_sims/install/dave_sensor_models/bin'
[4.421s] Level 1:colcon.colcon_core.environment:checking '/home/ironie/HornetXII_sims/install/dave_sensor_models/lib/pkgconfig/dave_sensor_models.pc'
[4.421s] Level 1:colcon.colcon_core.environment:checking '/home/ironie/HornetXII_sims/install/dave_sensor_models/lib/python3.12/site-packages'
[4.422s] Level 1:colcon.colcon_core.environment:checking '/home/ironie/HornetXII_sims/install/dave_sensor_models/bin'
[4.422s] INFO:colcon.colcon_core.shell:Creating package script '/home/ironie/HornetXII_sims/install/dave_sensor_models/share/dave_sensor_models/package.ps1'
[4.423s] INFO:colcon.colcon_core.shell:Creating package descriptor '/home/ironie/HornetXII_sims/install/dave_sensor_models/share/dave_sensor_models/package.dsv'
[4.423s] INFO:colcon.colcon_core.shell:Creating package script '/home/ironie/HornetXII_sims/install/dave_sensor_models/share/dave_sensor_models/package.sh'
[4.424s] INFO:colcon.colcon_core.shell:Creating package script '/home/ironie/HornetXII_sims/install/dave_sensor_models/share/dave_sensor_models/package.bash'
[4.424s] INFO:colcon.colcon_core.shell:Creating package script '/home/ironie/HornetXII_sims/install/dave_sensor_models/share/dave_sensor_models/package.zsh'
[4.424s] Level 1:colcon.colcon_core.environment:create_file_with_runtime_dependencies(/home/ironie/HornetXII_sims/install/dave_sensor_models/share/colcon-core/packages/dave_sensor_models)
[4.426s] Level 1:colcon.colcon_core.environment:create_environment_scripts_only(dave_sensor_models)
[4.426s] Level 1:colcon.colcon_core.environment:checking '/home/ironie/HornetXII_sims/install/dave_sensor_models' for CMake module files
[4.427s] Level 1:colcon.colcon_core.environment:checking '/home/ironie/HornetXII_sims/install/dave_sensor_models' for CMake config files
[4.428s] Level 1:colcon.colcon_core.shell:create_environment_hook('dave_sensor_models', 'cmake_prefix_path')
[4.429s] INFO:colcon.colcon_core.shell:Creating environment hook '/home/ironie/HornetXII_sims/install/dave_sensor_models/share/dave_sensor_models/hook/cmake_prefix_path.ps1'
[4.430s] INFO:colcon.colcon_core.shell:Creating environment descriptor '/home/ironie/HornetXII_sims/install/dave_sensor_models/share/dave_sensor_models/hook/cmake_prefix_path.dsv'
[4.431s] INFO:colcon.colcon_core.shell:Creating environment hook '/home/ironie/HornetXII_sims/install/dave_sensor_models/share/dave_sensor_models/hook/cmake_prefix_path.sh'
[4.431s] Level 1:colcon.colcon_core.environment:checking '/home/ironie/HornetXII_sims/install/dave_sensor_models/bin'
[4.431s] Level 1:colcon.colcon_core.environment:checking '/home/ironie/HornetXII_sims/install/dave_sensor_models/lib/pkgconfig/dave_sensor_models.pc'
[4.432s] Level 1:colcon.colcon_core.environment:checking '/home/ironie/HornetXII_sims/install/dave_sensor_models/lib/python3.12/site-packages'
[4.432s] Level 1:colcon.colcon_core.environment:checking '/home/ironie/HornetXII_sims/install/dave_sensor_models/bin'
[4.432s] INFO:colcon.colcon_core.shell:Creating package script '/home/ironie/HornetXII_sims/install/dave_sensor_models/share/dave_sensor_models/package.ps1'
[4.433s] INFO:colcon.colcon_core.shell:Creating package descriptor '/home/ironie/HornetXII_sims/install/dave_sensor_models/share/dave_sensor_models/package.dsv'
[4.434s] INFO:colcon.colcon_core.shell:Creating package script '/home/ironie/HornetXII_sims/install/dave_sensor_models/share/dave_sensor_models/package.sh'
[4.434s] INFO:colcon.colcon_core.shell:Creating package script '/home/ironie/HornetXII_sims/install/dave_sensor_models/share/dave_sensor_models/package.bash'
[4.435s] INFO:colcon.colcon_core.shell:Creating package script '/home/ironie/HornetXII_sims/install/dave_sensor_models/share/dave_sensor_models/package.zsh'
[4.435s] Level 1:colcon.colcon_core.environment:create_file_with_runtime_dependencies(/home/ironie/HornetXII_sims/install/dave_sensor_models/share/colcon-core/packages/dave_sensor_models)
[4.461s] Level 1:colcon.colcon_core.environment:create_environment_scripts_only(dave_worlds)
[4.461s] Level 1:colcon.colcon_core.environment:checking '/home/ironie/HornetXII_sims/install/dave_worlds' for CMake module files
[4.461s] DEBUG:colcon.colcon_core.event_handler.log_command:Invoked command in '/home/ironie/HornetXII_sims/build/dave_worlds' returned '0': CMAKE_PREFIX_PATH=${CMAKE_PREFIX_PATH}:/home/ironie/assignment3/install/assignment3:/opt/ros/jazzy DEBUGINFOD_URLS=https://debuginfod.ubuntu.com /usr/bin/cmake --install /home/ironie/HornetXII_sims/build/dave_worlds
[4.462s] Level 1:colcon.colcon_core.environment:checking '/home/ironie/HornetXII_sims/install/dave_worlds' for CMake config files
[4.462s] Level 1:colcon.colcon_core.shell:create_environment_hook('dave_worlds', 'cmake_prefix_path')
[4.463s] INFO:colcon.colcon_core.shell:Creating environment hook '/home/ironie/HornetXII_sims/install/dave_worlds/share/dave_worlds/hook/cmake_prefix_path.ps1'
[4.463s] INFO:colcon.colcon_core.shell:Creating environment descriptor '/home/ironie/HornetXII_sims/install/dave_worlds/share/dave_worlds/hook/cmake_prefix_path.dsv'
[4.464s] INFO:colcon.colcon_core.shell:Creating environment hook '/home/ironie/HornetXII_sims/install/dave_worlds/share/dave_worlds/hook/cmake_prefix_path.sh'
[4.464s] Level 1:colcon.colcon_core.environment:checking '/home/ironie/HornetXII_sims/install/dave_worlds/bin'
[4.464s] Level 1:colcon.colcon_core.environment:checking '/home/ironie/HornetXII_sims/install/dave_worlds/lib/pkgconfig/dave_worlds.pc'
[4.464s] Level 1:colcon.colcon_core.environment:checking '/home/ironie/HornetXII_sims/install/dave_worlds/lib/python3.12/site-packages'
[4.465s] Level 1:colcon.colcon_core.environment:checking '/home/ironie/HornetXII_sims/install/dave_worlds/bin'
[4.465s] INFO:colcon.colcon_core.shell:Creating package script '/home/ironie/HornetXII_sims/install/dave_worlds/share/dave_worlds/package.ps1'
[4.465s] INFO:colcon.colcon_core.shell:Creating package descriptor '/home/ironie/HornetXII_sims/install/dave_worlds/share/dave_worlds/package.dsv'
[4.466s] INFO:colcon.colcon_core.shell:Creating package script '/home/ironie/HornetXII_sims/install/dave_worlds/share/dave_worlds/package.sh'
[4.466s] INFO:colcon.colcon_core.shell:Creating package script '/home/ironie/HornetXII_sims/install/dave_worlds/share/dave_worlds/package.bash'
[4.466s] INFO:colcon.colcon_core.shell:Creating package script '/home/ironie/HornetXII_sims/install/dave_worlds/share/dave_worlds/package.zsh'
[4.467s] Level 1:colcon.colcon_core.environment:create_file_with_runtime_dependencies(/home/ironie/HornetXII_sims/install/dave_worlds/share/colcon-core/packages/dave_worlds)
[4.468s] Level 1:colcon.colcon_core.environment:create_environment_scripts_only(dave_worlds)
[4.468s] Level 1:colcon.colcon_core.environment:checking '/home/ironie/HornetXII_sims/install/dave_worlds' for CMake module files
[4.468s] Level 1:colcon.colcon_core.environment:checking '/home/ironie/HornetXII_sims/install/dave_worlds' for CMake config files
[4.468s] Level 1:colcon.colcon_core.shell:create_environment_hook('dave_worlds', 'cmake_prefix_path')
[4.469s] INFO:colcon.colcon_core.shell:Creating environment hook '/home/ironie/HornetXII_sims/install/dave_worlds/share/dave_worlds/hook/cmake_prefix_path.ps1'
[4.469s] INFO:colcon.colcon_core.shell:Creating environment descriptor '/home/ironie/HornetXII_sims/install/dave_worlds/share/dave_worlds/hook/cmake_prefix_path.dsv'
[4.469s] INFO:colcon.colcon_core.shell:Creating environment hook '/home/ironie/HornetXII_sims/install/dave_worlds/share/dave_worlds/hook/cmake_prefix_path.sh'
[4.470s] Level 1:colcon.colcon_core.environment:checking '/home/ironie/HornetXII_sims/install/dave_worlds/bin'
[4.470s] Level 1:colcon.colcon_core.environment:checking '/home/ironie/HornetXII_sims/install/dave_worlds/lib/pkgconfig/dave_worlds.pc'
[4.470s] Level 1:colcon.colcon_core.environment:checking '/home/ironie/HornetXII_sims/install/dave_worlds/lib/python3.12/site-packages'
[4.471s] Level 1:colcon.colcon_core.environment:checking '/home/ironie/HornetXII_sims/install/dave_worlds/bin'
[4.471s] INFO:colcon.colcon_core.shell:Creating package script '/home/ironie/HornetXII_sims/install/dave_worlds/share/dave_worlds/package.ps1'
[4.472s] INFO:colcon.colcon_core.shell:Creating package descriptor '/home/ironie/HornetXII_sims/install/dave_worlds/share/dave_worlds/package.dsv'
[4.472s] INFO:colcon.colcon_core.shell:Creating package script '/home/ironie/HornetXII_sims/install/dave_worlds/share/dave_worlds/package.sh'
[4.473s] INFO:colcon.colcon_core.shell:Creating package script '/home/ironie/HornetXII_sims/install/dave_worlds/share/dave_worlds/package.bash'
[4.474s] INFO:colcon.colcon_core.shell:Creating package script '/home/ironie/HornetXII_sims/install/dave_worlds/share/dave_worlds/package.zsh'
[4.474s] Level 1:colcon.colcon_core.environment:create_file_with_runtime_dependencies(/home/ironie/HornetXII_sims/install/dave_worlds/share/colcon-core/packages/dave_worlds)
[4.511s] DEBUG:colcon.colcon_core.event_handler.log_command:Invoked command in '/home/ironie/HornetXII_sims/build/multibeam_sonar_system' returned '0': CMAKE_PREFIX_PATH=${CMAKE_PREFIX_PATH}:/home/ironie/assignment3/install/assignment3:/opt/ros/jazzy DEBUGINFOD_URLS=https://debuginfod.ubuntu.com /usr/bin/cmake /home/ironie/HornetXII_sims/src/dave/gazebo/dave_gz_multibeam_sonar/multibeam_sonar_system -DAMENT_CMAKE_SYMLINK_INSTALL=1 -DCMAKE_INSTALL_PREFIX=/home/ironie/HornetXII_sims/install/multibeam_sonar_system
[4.512s] DEBUG:colcon.colcon_core.event_handler.log_command:Invoking command in '/home/ironie/HornetXII_sims/build/multibeam_sonar_system': CMAKE_PREFIX_PATH=${CMAKE_PREFIX_PATH}:/home/ironie/assignment3/install/assignment3:/opt/ros/jazzy DEBUGINFOD_URLS=https://debuginfod.ubuntu.com /usr/bin/cmake --build /home/ironie/HornetXII_sims/build/multibeam_sonar_system -- -j12 -l12
[4.514s] DEBUG:colcon.colcon_core.event_handler.log_command:Invoked command in '/home/ironie/HornetXII_sims/build/dave_multibeam_sonar_demo' returned '0': CMAKE_PREFIX_PATH=${CMAKE_PREFIX_PATH}:/home/ironie/assignment3/install/assignment3:/opt/ros/jazzy DEBUGINFOD_URLS=https://debuginfod.ubuntu.com /usr/bin/cmake /home/ironie/HornetXII_sims/src/dave/gazebo/dave_gz_multibeam_sonar/multibeam_sonar_demo -DAMENT_CMAKE_SYMLINK_INSTALL=1 -DCMAKE_INSTALL_PREFIX=/home/ironie/HornetXII_sims/install/dave_multibeam_sonar_demo
[4.515s] DEBUG:colcon.colcon_core.event_handler.log_command:Invoking command in '/home/ironie/HornetXII_sims/build/dave_multibeam_sonar_demo': CMAKE_PREFIX_PATH=${CMAKE_PREFIX_PATH}:/home/ironie/assignment3/install/assignment3:/opt/ros/jazzy DEBUGINFOD_URLS=https://debuginfod.ubuntu.com /usr/bin/cmake --build /home/ironie/HornetXII_sims/build/dave_multibeam_sonar_demo -- -j12 -l12
[4.547s] DEBUG:colcon.colcon_core.event_handler.log_command:Invoked command in '/home/ironie/HornetXII_sims/build/multibeam_sonar_system' returned '0': CMAKE_PREFIX_PATH=${CMAKE_PREFIX_PATH}:/home/ironie/assignment3/install/assignment3:/opt/ros/jazzy DEBUGINFOD_URLS=https://debuginfod.ubuntu.com /usr/bin/cmake --build /home/ironie/HornetXII_sims/build/multibeam_sonar_system -- -j12 -l12
[4.548s] DEBUG:colcon.colcon_core.event_handler.log_command:Invoking command in '/home/ironie/HornetXII_sims/build/multibeam_sonar_system': CMAKE_PREFIX_PATH=${CMAKE_PREFIX_PATH}:/home/ironie/assignment3/install/assignment3:/opt/ros/jazzy DEBUGINFOD_URLS=https://debuginfod.ubuntu.com /usr/bin/cmake --install /home/ironie/HornetXII_sims/build/multibeam_sonar_system
[4.551s] DEBUG:colcon.colcon_core.event_handler.log_command:Invoked command in '/home/ironie/HornetXII_sims/build/dave_multibeam_sonar_demo' returned '0': CMAKE_PREFIX_PATH=${CMAKE_PREFIX_PATH}:/home/ironie/assignment3/install/assignment3:/opt/ros/jazzy DEBUGINFOD_URLS=https://debuginfod.ubuntu.com /usr/bin/cmake --build /home/ironie/HornetXII_sims/build/dave_multibeam_sonar_demo -- -j12 -l12
[4.552s] DEBUG:colcon.colcon_core.event_handler.log_command:Invoking command in '/home/ironie/HornetXII_sims/build/dave_multibeam_sonar_demo': CMAKE_PREFIX_PATH=${CMAKE_PREFIX_PATH}:/home/ironie/assignment3/install/assignment3:/opt/ros/jazzy DEBUGINFOD_URLS=https://debuginfod.ubuntu.com /usr/bin/cmake --install /home/ironie/HornetXII_sims/build/dave_multibeam_sonar_demo
[4.698s] Level 1:colcon.colcon_core.environment:create_environment_scripts_only(multibeam_sonar_system)
[4.699s] DEBUG:colcon.colcon_core.event_handler.log_command:Invoked command in '/home/ironie/HornetXII_sims/build/multibeam_sonar_system' returned '0': CMAKE_PREFIX_PATH=${CMAKE_PREFIX_PATH}:/home/ironie/assignment3/install/assignment3:/opt/ros/jazzy DEBUGINFOD_URLS=https://debuginfod.ubuntu.com /usr/bin/cmake --install /home/ironie/HornetXII_sims/build/multibeam_sonar_system
[4.699s] Level 1:colcon.colcon_core.environment:checking '/home/ironie/HornetXII_sims/install/multibeam_sonar_system' for CMake module files
[4.699s] Level 1:colcon.colcon_core.environment:checking '/home/ironie/HornetXII_sims/install/multibeam_sonar_system' for CMake config files
[4.700s] Level 1:colcon.colcon_core.shell:create_environment_hook('multibeam_sonar_system', 'cmake_prefix_path')
[4.700s] INFO:colcon.colcon_core.shell:Creating environment hook '/home/ironie/HornetXII_sims/install/multibeam_sonar_system/share/multibeam_sonar_system/hook/cmake_prefix_path.ps1'
[4.700s] INFO:colcon.colcon_core.shell:Creating environment descriptor '/home/ironie/HornetXII_sims/install/multibeam_sonar_system/share/multibeam_sonar_system/hook/cmake_prefix_path.dsv'
[4.700s] INFO:colcon.colcon_core.shell:Creating environment hook '/home/ironie/HornetXII_sims/install/multibeam_sonar_system/share/multibeam_sonar_system/hook/cmake_prefix_path.sh'
[4.701s] Level 1:colcon.colcon_core.environment:checking '/home/ironie/HornetXII_sims/install/multibeam_sonar_system/bin'
[4.701s] Level 1:colcon.colcon_core.environment:checking '/home/ironie/HornetXII_sims/install/multibeam_sonar_system/lib/pkgconfig/multibeam_sonar_system.pc'
[4.701s] Level 1:colcon.colcon_core.environment:checking '/home/ironie/HornetXII_sims/install/multibeam_sonar_system/lib/python3.12/site-packages'
[4.701s] Level 1:colcon.colcon_core.environment:checking '/home/ironie/HornetXII_sims/install/multibeam_sonar_system/bin'
[4.702s] INFO:colcon.colcon_core.shell:Creating package script '/home/ironie/HornetXII_sims/install/multibeam_sonar_system/share/multibeam_sonar_system/package.ps1'
[4.702s] INFO:colcon.colcon_core.shell:Creating package descriptor '/home/ironie/HornetXII_sims/install/multibeam_sonar_system/share/multibeam_sonar_system/package.dsv'
[4.703s] INFO:colcon.colcon_core.shell:Creating package script '/home/ironie/HornetXII_sims/install/multibeam_sonar_system/share/multibeam_sonar_system/package.sh'
[4.703s] INFO:colcon.colcon_core.shell:Creating package script '/home/ironie/HornetXII_sims/install/multibeam_sonar_system/share/multibeam_sonar_system/package.bash'
[4.703s] INFO:colcon.colcon_core.shell:Creating package script '/home/ironie/HornetXII_sims/install/multibeam_sonar_system/share/multibeam_sonar_system/package.zsh'
[4.703s] Level 1:colcon.colcon_core.environment:create_file_with_runtime_dependencies(/home/ironie/HornetXII_sims/install/multibeam_sonar_system/share/colcon-core/packages/multibeam_sonar_system)
[4.704s] Level 1:colcon.colcon_core.environment:create_environment_scripts_only(multibeam_sonar_system)
[4.704s] Level 1:colcon.colcon_core.environment:checking '/home/ironie/HornetXII_sims/install/multibeam_sonar_system' for CMake module files
[4.705s] Level 1:colcon.colcon_core.environment:checking '/home/ironie/HornetXII_sims/install/multibeam_sonar_system' for CMake config files
[4.705s] Level 1:colcon.colcon_core.shell:create_environment_hook('multibeam_sonar_system', 'cmake_prefix_path')
[4.705s] INFO:colcon.colcon_core.shell:Creating environment hook '/home/ironie/HornetXII_sims/install/multibeam_sonar_system/share/multibeam_sonar_system/hook/cmake_prefix_path.ps1'
[4.705s] INFO:colcon.colcon_core.shell:Creating environment descriptor '/home/ironie/HornetXII_sims/install/multibeam_sonar_system/share/multibeam_sonar_system/hook/cmake_prefix_path.dsv'
[4.706s] INFO:colcon.colcon_core.shell:Creating environment hook '/home/ironie/HornetXII_sims/install/multibeam_sonar_system/share/multibeam_sonar_system/hook/cmake_prefix_path.sh'
[4.706s] Level 1:colcon.colcon_core.environment:checking '/home/ironie/HornetXII_sims/install/multibeam_sonar_system/bin'
[4.706s] Level 1:colcon.colcon_core.environment:checking '/home/ironie/HornetXII_sims/install/multibeam_sonar_system/lib/pkgconfig/multibeam_sonar_system.pc'
[4.706s] Level 1:colcon.colcon_core.environment:checking '/home/ironie/HornetXII_sims/install/multibeam_sonar_system/lib/python3.12/site-packages'
[4.706s] Level 1:colcon.colcon_core.environment:checking '/home/ironie/HornetXII_sims/install/multibeam_sonar_system/bin'
[4.707s] INFO:colcon.colcon_core.shell:Creating package script '/home/ironie/HornetXII_sims/install/multibeam_sonar_system/share/multibeam_sonar_system/package.ps1'
[4.707s] INFO:colcon.colcon_core.shell:Creating package descriptor '/home/ironie/HornetXII_sims/install/multibeam_sonar_system/share/multibeam_sonar_system/package.dsv'
[4.707s] INFO:colcon.colcon_core.shell:Creating package script '/home/ironie/HornetXII_sims/install/multibeam_sonar_system/share/multibeam_sonar_system/package.sh'
[4.708s] INFO:colcon.colcon_core.shell:Creating package script '/home/ironie/HornetXII_sims/install/multibeam_sonar_system/share/multibeam_sonar_system/package.bash'
[4.708s] INFO:colcon.colcon_core.shell:Creating package script '/home/ironie/HornetXII_sims/install/multibeam_sonar_system/share/multibeam_sonar_system/package.zsh'
[4.708s] Level 1:colcon.colcon_core.environment:create_file_with_runtime_dependencies(/home/ironie/HornetXII_sims/install/multibeam_sonar_system/share/colcon-core/packages/multibeam_sonar_system)
[4.709s] Level 1:colcon.colcon_core.environment:create_environment_scripts_only(dave_multibeam_sonar_demo)
[4.709s] Level 1:colcon.colcon_core.environment:checking '/home/ironie/HornetXII_sims/install/dave_multibeam_sonar_demo' for CMake module files
[4.711s] DEBUG:colcon.colcon_core.event_handler.log_command:Invoked command in '/home/ironie/HornetXII_sims/build/dave_multibeam_sonar_demo' returned '0': CMAKE_PREFIX_PATH=${CMAKE_PREFIX_PATH}:/home/ironie/assignment3/install/assignment3:/opt/ros/jazzy DEBUGINFOD_URLS=https://debuginfod.ubuntu.com /usr/bin/cmake --install /home/ironie/HornetXII_sims/build/dave_multibeam_sonar_demo
[4.711s] Level 1:colcon.colcon_core.environment:checking '/home/ironie/HornetXII_sims/install/dave_multibeam_sonar_demo' for CMake config files
[4.711s] Level 1:colcon.colcon_core.shell:create_environment_hook('dave_multibeam_sonar_demo', 'cmake_prefix_path')
[4.711s] INFO:colcon.colcon_core.shell:Creating environment hook '/home/ironie/HornetXII_sims/install/dave_multibeam_sonar_demo/share/dave_multibeam_sonar_demo/hook/cmake_prefix_path.ps1'
[4.712s] INFO:colcon.colcon_core.shell:Creating environment descriptor '/home/ironie/HornetXII_sims/install/dave_multibeam_sonar_demo/share/dave_multibeam_sonar_demo/hook/cmake_prefix_path.dsv'
[4.712s] INFO:colcon.colcon_core.shell:Creating environment hook '/home/ironie/HornetXII_sims/install/dave_multibeam_sonar_demo/share/dave_multibeam_sonar_demo/hook/cmake_prefix_path.sh'
[4.713s] Level 1:colcon.colcon_core.environment:checking '/home/ironie/HornetXII_sims/install/dave_multibeam_sonar_demo/bin'
[4.713s] Level 1:colcon.colcon_core.environment:checking '/home/ironie/HornetXII_sims/install/dave_multibeam_sonar_demo/lib/pkgconfig/dave_multibeam_sonar_demo.pc'
[4.713s] Level 1:colcon.colcon_core.environment:checking '/home/ironie/HornetXII_sims/install/dave_multibeam_sonar_demo/lib/python3.12/site-packages'
[4.713s] Level 1:colcon.colcon_core.environment:checking '/home/ironie/HornetXII_sims/install/dave_multibeam_sonar_demo/bin'
[4.713s] INFO:colcon.colcon_core.shell:Creating package script '/home/ironie/HornetXII_sims/install/dave_multibeam_sonar_demo/share/dave_multibeam_sonar_demo/package.ps1'
[4.714s] INFO:colcon.colcon_core.shell:Creating package descriptor '/home/ironie/HornetXII_sims/install/dave_multibeam_sonar_demo/share/dave_multibeam_sonar_demo/package.dsv'
[4.714s] INFO:colcon.colcon_core.shell:Creating package script '/home/ironie/HornetXII_sims/install/dave_multibeam_sonar_demo/share/dave_multibeam_sonar_demo/package.sh'
[4.715s] INFO:colcon.colcon_core.shell:Creating package script '/home/ironie/HornetXII_sims/install/dave_multibeam_sonar_demo/share/dave_multibeam_sonar_demo/package.bash'
[4.715s] INFO:colcon.colcon_core.shell:Creating package script '/home/ironie/HornetXII_sims/install/dave_multibeam_sonar_demo/share/dave_multibeam_sonar_demo/package.zsh'
[4.715s] Level 1:colcon.colcon_core.environment:create_file_with_runtime_dependencies(/home/ironie/HornetXII_sims/install/dave_multibeam_sonar_demo/share/colcon-core/packages/dave_multibeam_sonar_demo)
[4.716s] Level 1:colcon.colcon_core.environment:create_environment_scripts_only(dave_multibeam_sonar_demo)
[4.716s] Level 1:colcon.colcon_core.environment:checking '/home/ironie/HornetXII_sims/install/dave_multibeam_sonar_demo' for CMake module files
[4.717s] Level 1:colcon.colcon_core.environment:checking '/home/ironie/HornetXII_sims/install/dave_multibeam_sonar_demo' for CMake config files
[4.717s] Level 1:colcon.colcon_core.shell:create_environment_hook('dave_multibeam_sonar_demo', 'cmake_prefix_path')
[4.718s] INFO:colcon.colcon_core.shell:Creating environment hook '/home/ironie/HornetXII_sims/install/dave_multibeam_sonar_demo/share/dave_multibeam_sonar_demo/hook/cmake_prefix_path.ps1'
[4.718s] INFO:colcon.colcon_core.shell:Creating environment descriptor '/home/ironie/HornetXII_sims/install/dave_multibeam_sonar_demo/share/dave_multibeam_sonar_demo/hook/cmake_prefix_path.dsv'
[4.718s] INFO:colcon.colcon_core.shell:Creating environment hook '/home/ironie/HornetXII_sims/install/dave_multibeam_sonar_demo/share/dave_multibeam_sonar_demo/hook/cmake_prefix_path.sh'
[4.719s] Level 1:colcon.colcon_core.environment:checking '/home/ironie/HornetXII_sims/install/dave_multibeam_sonar_demo/bin'
[4.719s] Level 1:colcon.colcon_core.environment:checking '/home/ironie/HornetXII_sims/install/dave_multibeam_sonar_demo/lib/pkgconfig/dave_multibeam_sonar_demo.pc'
[4.719s] Level 1:colcon.colcon_core.environment:checking '/home/ironie/HornetXII_sims/install/dave_multibeam_sonar_demo/lib/python3.12/site-packages'
[4.719s] Level 1:colcon.colcon_core.environment:checking '/home/ironie/HornetXII_sims/install/dave_multibeam_sonar_demo/bin'
[4.720s] INFO:colcon.colcon_core.shell:Creating package script '/home/ironie/HornetXII_sims/install/dave_multibeam_sonar_demo/share/dave_multibeam_sonar_demo/package.ps1'
[4.720s] INFO:colcon.colcon_core.shell:Creating package descriptor '/home/ironie/HornetXII_sims/install/dave_multibeam_sonar_demo/share/dave_multibeam_sonar_demo/package.dsv'
[4.721s] INFO:colcon.colcon_core.shell:Creating package script '/home/ironie/HornetXII_sims/install/dave_multibeam_sonar_demo/share/dave_multibeam_sonar_demo/package.sh'
[4.721s] INFO:colcon.colcon_core.shell:Creating package script '/home/ironie/HornetXII_sims/install/dave_multibeam_sonar_demo/share/dave_multibeam_sonar_demo/package.bash'
[4.721s] INFO:colcon.colcon_core.shell:Creating package script '/home/ironie/HornetXII_sims/install/dave_multibeam_sonar_demo/share/dave_multibeam_sonar_demo/package.zsh'
[4.722s] Level 1:colcon.colcon_core.environment:create_file_with_runtime_dependencies(/home/ironie/HornetXII_sims/install/dave_multibeam_sonar_demo/share/colcon-core/packages/dave_multibeam_sonar_demo)
[7.677s] DEBUG:colcon.colcon_core.event_handler.log_command:Invoked command in '/home/ironie/HornetXII_sims/build/dave_interfaces' returned '0': CMAKE_PREFIX_PATH=${CMAKE_PREFIX_PATH}:/home/ironie/assignment3/install/assignment3:/opt/ros/jazzy DEBUGINFOD_URLS=https://debuginfod.ubuntu.com /usr/bin/cmake /home/ironie/HornetXII_sims/src/dave/dave_interfaces -DAMENT_CMAKE_SYMLINK_INSTALL=1 -DCMAKE_INSTALL_PREFIX=/home/ironie/HornetXII_sims/install/dave_interfaces
[7.679s] DEBUG:colcon.colcon_core.event_handler.log_command:Invoking command in '/home/ironie/HornetXII_sims/build/dave_interfaces': CMAKE_PREFIX_PATH=${CMAKE_PREFIX_PATH}:/home/ironie/assignment3/install/assignment3:/opt/ros/jazzy DEBUGINFOD_URLS=https://debuginfod.ubuntu.com /usr/bin/cmake --build /home/ironie/HornetXII_sims/build/dave_interfaces -- -j12 -l12
[22.077s] DEBUG:colcon.colcon_core.event_handler.log_command:Invoked command in '/home/ironie/HornetXII_sims/build/auv_controls' returned '0': CMAKE_PREFIX_PATH=${CMAKE_PREFIX_PATH}:/home/ironie/assignment3/install/assignment3:/opt/ros/jazzy DEBUGINFOD_URLS=https://debuginfod.ubuntu.com /usr/bin/cmake /home/ironie/HornetXII_sims/src/auv_controls -DAMENT_CMAKE_SYMLINK_INSTALL=1 -DCMAKE_INSTALL_PREFIX=/home/ironie/HornetXII_sims/install/auv_controls
[22.079s] DEBUG:colcon.colcon_core.event_handler.log_command:Invoking command in '/home/ironie/HornetXII_sims/build/auv_controls': CMAKE_PREFIX_PATH=${CMAKE_PREFIX_PATH}:/home/ironie/assignment3/install/assignment3:/opt/ros/jazzy DEBUGINFOD_URLS=https://debuginfod.ubuntu.com /usr/bin/cmake --build /home/ironie/HornetXII_sims/build/auv_controls -- -j12 -l12
[23.444s] DEBUG:colcon.colcon_core.event_handler.log_command:Invoked command in '/home/ironie/HornetXII_sims/build/dave_interfaces' returned '0': CMAKE_PREFIX_PATH=${CMAKE_PREFIX_PATH}:/home/ironie/assignment3/install/assignment3:/opt/ros/jazzy DEBUGINFOD_URLS=https://debuginfod.ubuntu.com /usr/bin/cmake --build /home/ironie/HornetXII_sims/build/dave_interfaces -- -j12 -l12
[23.445s] DEBUG:colcon.colcon_core.event_handler.log_command:Invoking command in '/home/ironie/HornetXII_sims/build/dave_interfaces': CMAKE_PREFIX_PATH=${CMAKE_PREFIX_PATH}:/home/ironie/assignment3/install/assignment3:/opt/ros/jazzy DEBUGINFOD_URLS=https://debuginfod.ubuntu.com /usr/bin/cmake --install /home/ironie/HornetXII_sims/build/dave_interfaces
[27.458s] Level 1:colcon.colcon_core.environment:create_environment_scripts_only(dave_interfaces)
[27.458s] Level 1:colcon.colcon_core.environment:checking '/home/ironie/HornetXII_sims/install/dave_interfaces' for CMake module files
[27.459s] DEBUG:colcon.colcon_core.event_handler.log_command:Invoked command in '/home/ironie/HornetXII_sims/build/dave_interfaces' returned '0': CMAKE_PREFIX_PATH=${CMAKE_PREFIX_PATH}:/home/ironie/assignment3/install/assignment3:/opt/ros/jazzy DEBUGINFOD_URLS=https://debuginfod.ubuntu.com /usr/bin/cmake --install /home/ironie/HornetXII_sims/build/dave_interfaces
[27.459s] Level 1:colcon.colcon_core.environment:checking '/home/ironie/HornetXII_sims/install/dave_interfaces' for CMake config files
[27.461s] Level 1:colcon.colcon_core.shell:create_environment_hook('dave_interfaces', 'cmake_prefix_path')
[27.461s] INFO:colcon.colcon_core.shell:Creating environment hook '/home/ironie/HornetXII_sims/install/dave_interfaces/share/dave_interfaces/hook/cmake_prefix_path.ps1'
[27.462s] INFO:colcon.colcon_core.shell:Creating environment descriptor '/home/ironie/HornetXII_sims/install/dave_interfaces/share/dave_interfaces/hook/cmake_prefix_path.dsv'
[27.463s] INFO:colcon.colcon_core.shell:Creating environment hook '/home/ironie/HornetXII_sims/install/dave_interfaces/share/dave_interfaces/hook/cmake_prefix_path.sh'
[27.463s] Level 1:colcon.colcon_core.environment:checking '/home/ironie/HornetXII_sims/install/dave_interfaces/lib'
[27.463s] Level 1:colcon.colcon_core.shell:create_environment_hook('dave_interfaces', 'ld_library_path_lib')
[27.464s] INFO:colcon.colcon_core.shell:Creating environment hook '/home/ironie/HornetXII_sims/install/dave_interfaces/share/dave_interfaces/hook/ld_library_path_lib.ps1'
[27.464s] INFO:colcon.colcon_core.shell:Creating environment descriptor '/home/ironie/HornetXII_sims/install/dave_interfaces/share/dave_interfaces/hook/ld_library_path_lib.dsv'
[27.464s] INFO:colcon.colcon_core.shell:Creating environment hook '/home/ironie/HornetXII_sims/install/dave_interfaces/share/dave_interfaces/hook/ld_library_path_lib.sh'
[27.465s] Level 1:colcon.colcon_core.environment:checking '/home/ironie/HornetXII_sims/install/dave_interfaces/bin'
[27.465s] Level 1:colcon.colcon_core.environment:checking '/home/ironie/HornetXII_sims/install/dave_interfaces/lib/pkgconfig/dave_interfaces.pc'
[27.465s] Level 1:colcon.colcon_core.environment:checking '/home/ironie/HornetXII_sims/install/dave_interfaces/lib/python3.12/site-packages'
[27.465s] Level 1:colcon.colcon_core.shell:create_environment_hook('dave_interfaces', 'pythonpath')
[27.465s] INFO:colcon.colcon_core.shell:Creating environment hook '/home/ironie/HornetXII_sims/install/dave_interfaces/share/dave_interfaces/hook/pythonpath.ps1'
[27.466s] INFO:colcon.colcon_core.shell:Creating environment descriptor '/home/ironie/HornetXII_sims/install/dave_interfaces/share/dave_interfaces/hook/pythonpath.dsv'
[27.466s] INFO:colcon.colcon_core.shell:Creating environment hook '/home/ironie/HornetXII_sims/install/dave_interfaces/share/dave_interfaces/hook/pythonpath.sh'
[27.467s] Level 1:colcon.colcon_core.environment:checking '/home/ironie/HornetXII_sims/install/dave_interfaces/bin'
[27.467s] INFO:colcon.colcon_core.shell:Creating package script '/home/ironie/HornetXII_sims/install/dave_interfaces/share/dave_interfaces/package.ps1'
[27.468s] INFO:colcon.colcon_core.shell:Creating package descriptor '/home/ironie/HornetXII_sims/install/dave_interfaces/share/dave_interfaces/package.dsv'
[27.469s] INFO:colcon.colcon_core.shell:Creating package script '/home/ironie/HornetXII_sims/install/dave_interfaces/share/dave_interfaces/package.sh'
[27.469s] INFO:colcon.colcon_core.shell:Creating package script '/home/ironie/HornetXII_sims/install/dave_interfaces/share/dave_interfaces/package.bash'
[27.469s] INFO:colcon.colcon_core.shell:Creating package script '/home/ironie/HornetXII_sims/install/dave_interfaces/share/dave_interfaces/package.zsh'
[27.470s] Level 1:colcon.colcon_core.environment:create_file_with_runtime_dependencies(/home/ironie/HornetXII_sims/install/dave_interfaces/share/colcon-core/packages/dave_interfaces)
[27.471s] Level 1:colcon.colcon_core.environment:create_environment_scripts_only(dave_interfaces)
[27.471s] Level 1:colcon.colcon_core.environment:checking '/home/ironie/HornetXII_sims/install/dave_interfaces' for CMake module files
[27.472s] Level 1:colcon.colcon_core.environment:checking '/home/ironie/HornetXII_sims/install/dave_interfaces' for CMake config files
[27.474s] Level 1:colcon.colcon_core.shell:create_environment_hook('dave_interfaces', 'cmake_prefix_path')
[27.474s] INFO:colcon.colcon_core.shell:Creating environment hook '/home/ironie/HornetXII_sims/install/dave_interfaces/share/dave_interfaces/hook/cmake_prefix_path.ps1'
[27.474s] INFO:colcon.colcon_core.shell:Creating environment descriptor '/home/ironie/HornetXII_sims/install/dave_interfaces/share/dave_interfaces/hook/cmake_prefix_path.dsv'
[27.475s] INFO:colcon.colcon_core.shell:Creating environment hook '/home/ironie/HornetXII_sims/install/dave_interfaces/share/dave_interfaces/hook/cmake_prefix_path.sh'
[27.476s] Level 1:colcon.colcon_core.environment:checking '/home/ironie/HornetXII_sims/install/dave_interfaces/lib'
[27.476s] Level 1:colcon.colcon_core.shell:create_environment_hook('dave_interfaces', 'ld_library_path_lib')
[27.476s] INFO:colcon.colcon_core.shell:Creating environment hook '/home/ironie/HornetXII_sims/install/dave_interfaces/share/dave_interfaces/hook/ld_library_path_lib.ps1'
[27.476s] INFO:colcon.colcon_core.shell:Creating environment descriptor '/home/ironie/HornetXII_sims/install/dave_interfaces/share/dave_interfaces/hook/ld_library_path_lib.dsv'
[27.477s] INFO:colcon.colcon_core.shell:Creating environment hook '/home/ironie/HornetXII_sims/install/dave_interfaces/share/dave_interfaces/hook/ld_library_path_lib.sh'
[27.478s] Level 1:colcon.colcon_core.environment:checking '/home/ironie/HornetXII_sims/install/dave_interfaces/bin'
[27.478s] Level 1:colcon.colcon_core.environment:checking '/home/ironie/HornetXII_sims/install/dave_interfaces/lib/pkgconfig/dave_interfaces.pc'
[27.478s] Level 1:colcon.colcon_core.environment:checking '/home/ironie/HornetXII_sims/install/dave_interfaces/lib/python3.12/site-packages'
[27.478s] Level 1:colcon.colcon_core.shell:create_environment_hook('dave_interfaces', 'pythonpath')
[27.478s] INFO:colcon.colcon_core.shell:Creating environment hook '/home/ironie/HornetXII_sims/install/dave_interfaces/share/dave_interfaces/hook/pythonpath.ps1'
[27.479s] INFO:colcon.colcon_core.shell:Creating environment descriptor '/home/ironie/HornetXII_sims/install/dave_interfaces/share/dave_interfaces/hook/pythonpath.dsv'
[27.479s] INFO:colcon.colcon_core.shell:Creating environment hook '/home/ironie/HornetXII_sims/install/dave_interfaces/share/dave_interfaces/hook/pythonpath.sh'
[27.480s] Level 1:colcon.colcon_core.environment:checking '/home/ironie/HornetXII_sims/install/dave_interfaces/bin'
[27.481s] INFO:colcon.colcon_core.shell:Creating package script '/home/ironie/HornetXII_sims/install/dave_interfaces/share/dave_interfaces/package.ps1'
[27.482s] INFO:colcon.colcon_core.shell:Creating package descriptor '/home/ironie/HornetXII_sims/install/dave_interfaces/share/dave_interfaces/package.dsv'
[27.482s] INFO:colcon.colcon_core.shell:Creating package script '/home/ironie/HornetXII_sims/install/dave_interfaces/share/dave_interfaces/package.sh'
[27.483s] INFO:colcon.colcon_core.shell:Creating package script '/home/ironie/HornetXII_sims/install/dave_interfaces/share/dave_interfaces/package.bash'
[27.483s] INFO:colcon.colcon_core.shell:Creating package script '/home/ironie/HornetXII_sims/install/dave_interfaces/share/dave_interfaces/package.zsh'
[27.484s] Level 1:colcon.colcon_core.environment:create_file_with_runtime_dependencies(/home/ironie/HornetXII_sims/install/dave_interfaces/share/colcon-core/packages/dave_interfaces)
[27.485s] INFO:colcon.colcon_ros.task.ament_cmake.build:Building ROS package in '/home/ironie/HornetXII_sims/src/dave/gazebo/dave_gz_world_plugins' with build type 'ament_cmake'
[27.485s] INFO:colcon.colcon_cmake.task.cmake.build:Building CMake package in '/home/ironie/HornetXII_sims/src/dave/gazebo/dave_gz_world_plugins'
[27.485s] INFO:colcon.colcon_core.shell:Skip shell extension 'powershell' for command environment: Not usable outside of PowerShell
[27.485s] DEBUG:colcon.colcon_core.shell:Skip shell extension 'dsv' for command environment
[27.492s] INFO:colcon.colcon_ros.task.ament_cmake.build:Building ROS package in '/home/ironie/HornetXII_sims/src/dave/gazebo/dave_gz_sensor_plugins' with build type 'ament_cmake'
[27.492s] INFO:colcon.colcon_cmake.task.cmake.build:Building CMake package in '/home/ironie/HornetXII_sims/src/dave/gazebo/dave_gz_sensor_plugins'
[27.492s] INFO:colcon.colcon_core.shell:Skip shell extension 'powershell' for command environment: Not usable outside of PowerShell
[27.492s] DEBUG:colcon.colcon_core.shell:Skip shell extension 'dsv' for command environment
[27.499s] INFO:colcon.colcon_ros.task.ament_cmake.build:Building ROS package in '/home/ironie/HornetXII_sims/src/dave/gazebo/dave_gz_multibeam_sonar/multibeam_sonar' with build type 'ament_cmake'
[27.499s] INFO:colcon.colcon_cmake.task.cmake.build:Building CMake package in '/home/ironie/HornetXII_sims/src/dave/gazebo/dave_gz_multibeam_sonar/multibeam_sonar'
[27.500s] INFO:colcon.colcon_core.shell:Skip shell extension 'powershell' for command environment: Not usable outside of PowerShell
[27.500s] DEBUG:colcon.colcon_core.shell:Skip shell extension 'dsv' for command environment
[27.648s] DEBUG:colcon.colcon_core.event_handler.log_command:Invoking command in '/home/ironie/HornetXII_sims/build/dave_gz_world_plugins': AMENT_PREFIX_PATH=/home/ironie/HornetXII_sims/install/dave_interfaces:${AMENT_PREFIX_PATH} CMAKE_PREFIX_PATH=/home/ironie/HornetXII_sims/install/dave_interfaces:/home/ironie/dave_ws/install/multibeam_sonar_system:/home/ironie/dave_ws/install/dave_worlds:/home/ironie/dave_ws/install/dave_sensor_models:/home/ironie/dave_ws/install/dave_robot_models:/home/ironie/dave_ws/install/dave_object_models:/home/ironie/dave_ws/install/dave_multibeam_sonar_demo:/home/ironie/dave_ws/install/dave_interfaces:/home/ironie/dave_ws/install/dave_demos:/home/ironie/dave_ws/install/auv_controls:/home/ironie/testGazebo/install/simulator:/opt/ros/jazzy/opt/gz_sim_vendor:/opt/ros/jazzy/opt/gz_sensors_vendor:/opt/ros/jazzy/opt/gz_physics_vendor:/opt/ros/jazzy/opt/sdformat_vendor:/opt/ros/jazzy/opt/gz_gui_vendor:/opt/ros/jazzy/opt/gz_transport_vendor:/opt/ros/jazzy/opt/gz_rendering_vendor:/opt/ros/jazzy/opt/gz_plugin_vendor:/opt/ros/jazzy/opt/gz_fuel_tools_vendor:/opt/ros/jazzy/opt/gz_msgs_vendor:/opt/ros/jazzy/opt/gz_common_vendor:/opt/ros/jazzy/opt/gz_math_vendor:/opt/ros/jazzy/opt/gz_utils_vendor:/opt/ros/jazzy/opt/gz_tools_vendor:/opt/ros/jazzy/opt/gz_ogre_next_vendor:/opt/ros/jazzy/opt/gz_dartsim_vendor:/opt/ros/jazzy/opt/gz_cmake_vendor:/home/ironie/assignment3/install/assignment3:/opt/ros/jazzy DEBUGINFOD_URLS=https://debuginfod.ubuntu.com LD_LIBRARY_PATH=/home/ironie/HornetXII_sims/install/dave_interfaces/lib:${LD_LIBRARY_PATH} PYTHONPATH=/home/ironie/HornetXII_sims/install/dave_interfaces/lib/python3.12/site-packages:${PYTHONPATH} /usr/bin/cmake /home/ironie/HornetXII_sims/src/dave/gazebo/dave_gz_world_plugins -DAMENT_CMAKE_SYMLINK_INSTALL=1 -DCMAKE_INSTALL_PREFIX=/home/ironie/HornetXII_sims/install/dave_gz_world_plugins
[27.652s] DEBUG:colcon.colcon_core.event_handler.log_command:Invoking command in '/home/ironie/HornetXII_sims/build/dave_gz_sensor_plugins': AMENT_PREFIX_PATH=/home/ironie/HornetXII_sims/install/dave_interfaces:${AMENT_PREFIX_PATH} CMAKE_PREFIX_PATH=/home/ironie/HornetXII_sims/install/dave_interfaces:/home/ironie/dave_ws/install/multibeam_sonar_system:/home/ironie/dave_ws/install/dave_worlds:/home/ironie/dave_ws/install/dave_sensor_models:/home/ironie/dave_ws/install/dave_robot_models:/home/ironie/dave_ws/install/dave_object_models:/home/ironie/dave_ws/install/dave_multibeam_sonar_demo:/home/ironie/dave_ws/install/dave_interfaces:/home/ironie/dave_ws/install/dave_demos:/home/ironie/dave_ws/install/auv_controls:/home/ironie/testGazebo/install/simulator:/opt/ros/jazzy/opt/gz_sim_vendor:/opt/ros/jazzy/opt/gz_sensors_vendor:/opt/ros/jazzy/opt/gz_physics_vendor:/opt/ros/jazzy/opt/sdformat_vendor:/opt/ros/jazzy/opt/gz_gui_vendor:/opt/ros/jazzy/opt/gz_transport_vendor:/opt/ros/jazzy/opt/gz_rendering_vendor:/opt/ros/jazzy/opt/gz_plugin_vendor:/opt/ros/jazzy/opt/gz_fuel_tools_vendor:/opt/ros/jazzy/opt/gz_msgs_vendor:/opt/ros/jazzy/opt/gz_common_vendor:/opt/ros/jazzy/opt/gz_math_vendor:/opt/ros/jazzy/opt/gz_utils_vendor:/opt/ros/jazzy/opt/gz_tools_vendor:/opt/ros/jazzy/opt/gz_ogre_next_vendor:/opt/ros/jazzy/opt/gz_dartsim_vendor:/opt/ros/jazzy/opt/gz_cmake_vendor:/home/ironie/assignment3/install/assignment3:/opt/ros/jazzy DEBUGINFOD_URLS=https://debuginfod.ubuntu.com LD_LIBRARY_PATH=/home/ironie/HornetXII_sims/install/dave_interfaces/lib:${LD_LIBRARY_PATH} PYTHONPATH=/home/ironie/HornetXII_sims/install/dave_interfaces/lib/python3.12/site-packages:${PYTHONPATH} /usr/bin/cmake /home/ironie/HornetXII_sims/src/dave/gazebo/dave_gz_sensor_plugins -DAMENT_CMAKE_SYMLINK_INSTALL=1 -DCMAKE_INSTALL_PREFIX=/home/ironie/HornetXII_sims/install/dave_gz_sensor_plugins
[27.675s] DEBUG:colcon.colcon_core.event_handler.log_command:Invoking command in '/home/ironie/HornetXII_sims/build/multibeam_sonar': AMENT_PREFIX_PATH=/home/ironie/HornetXII_sims/install/dave_interfaces:${AMENT_PREFIX_PATH} CMAKE_PREFIX_PATH=/home/ironie/HornetXII_sims/install/dave_interfaces:/home/ironie/dave_ws/install/multibeam_sonar_system:/home/ironie/dave_ws/install/dave_worlds:/home/ironie/dave_ws/install/dave_sensor_models:/home/ironie/dave_ws/install/dave_robot_models:/home/ironie/dave_ws/install/dave_object_models:/home/ironie/dave_ws/install/dave_multibeam_sonar_demo:/home/ironie/dave_ws/install/dave_interfaces:/home/ironie/dave_ws/install/dave_demos:/home/ironie/dave_ws/install/auv_controls:/home/ironie/testGazebo/install/simulator:/opt/ros/jazzy/opt/gz_sim_vendor:/opt/ros/jazzy/opt/gz_sensors_vendor:/opt/ros/jazzy/opt/gz_physics_vendor:/opt/ros/jazzy/opt/sdformat_vendor:/opt/ros/jazzy/opt/gz_gui_vendor:/opt/ros/jazzy/opt/gz_transport_vendor:/opt/ros/jazzy/opt/gz_rendering_vendor:/opt/ros/jazzy/opt/gz_plugin_vendor:/opt/ros/jazzy/opt/gz_fuel_tools_vendor:/opt/ros/jazzy/opt/gz_msgs_vendor:/opt/ros/jazzy/opt/gz_common_vendor:/opt/ros/jazzy/opt/gz_math_vendor:/opt/ros/jazzy/opt/gz_utils_vendor:/opt/ros/jazzy/opt/gz_tools_vendor:/opt/ros/jazzy/opt/gz_ogre_next_vendor:/opt/ros/jazzy/opt/gz_dartsim_vendor:/opt/ros/jazzy/opt/gz_cmake_vendor:/home/ironie/assignment3/install/assignment3:/opt/ros/jazzy DEBUGINFOD_URLS=https://debuginfod.ubuntu.com LD_LIBRARY_PATH=/home/ironie/HornetXII_sims/install/dave_interfaces/lib:${LD_LIBRARY_PATH} PYTHONPATH=/home/ironie/HornetXII_sims/install/dave_interfaces/lib/python3.12/site-packages:${PYTHONPATH} /usr/bin/cmake /home/ironie/HornetXII_sims/src/dave/gazebo/dave_gz_multibeam_sonar/multibeam_sonar -DAMENT_CMAKE_SYMLINK_INSTALL=1 -DCMAKE_INSTALL_PREFIX=/home/ironie/HornetXII_sims/install/multibeam_sonar
[30.167s] DEBUG:colcon.colcon_core.event_handler.log_command:Invoked command in '/home/ironie/HornetXII_sims/build/multibeam_sonar' returned '0': AMENT_PREFIX_PATH=/home/ironie/HornetXII_sims/install/dave_interfaces:${AMENT_PREFIX_PATH} CMAKE_PREFIX_PATH=/home/ironie/HornetXII_sims/install/dave_interfaces:/home/ironie/dave_ws/install/multibeam_sonar_system:/home/ironie/dave_ws/install/dave_worlds:/home/ironie/dave_ws/install/dave_sensor_models:/home/ironie/dave_ws/install/dave_robot_models:/home/ironie/dave_ws/install/dave_object_models:/home/ironie/dave_ws/install/dave_multibeam_sonar_demo:/home/ironie/dave_ws/install/dave_interfaces:/home/ironie/dave_ws/install/dave_demos:/home/ironie/dave_ws/install/auv_controls:/home/ironie/testGazebo/install/simulator:/opt/ros/jazzy/opt/gz_sim_vendor:/opt/ros/jazzy/opt/gz_sensors_vendor:/opt/ros/jazzy/opt/gz_physics_vendor:/opt/ros/jazzy/opt/sdformat_vendor:/opt/ros/jazzy/opt/gz_gui_vendor:/opt/ros/jazzy/opt/gz_transport_vendor:/opt/ros/jazzy/opt/gz_rendering_vendor:/opt/ros/jazzy/opt/gz_plugin_vendor:/opt/ros/jazzy/opt/gz_fuel_tools_vendor:/opt/ros/jazzy/opt/gz_msgs_vendor:/opt/ros/jazzy/opt/gz_common_vendor:/opt/ros/jazzy/opt/gz_math_vendor:/opt/ros/jazzy/opt/gz_utils_vendor:/opt/ros/jazzy/opt/gz_tools_vendor:/opt/ros/jazzy/opt/gz_ogre_next_vendor:/opt/ros/jazzy/opt/gz_dartsim_vendor:/opt/ros/jazzy/opt/gz_cmake_vendor:/home/ironie/assignment3/install/assignment3:/opt/ros/jazzy DEBUGINFOD_URLS=https://debuginfod.ubuntu.com LD_LIBRARY_PATH=/home/ironie/HornetXII_sims/install/dave_interfaces/lib:${LD_LIBRARY_PATH} PYTHONPATH=/home/ironie/HornetXII_sims/install/dave_interfaces/lib/python3.12/site-packages:${PYTHONPATH} /usr/bin/cmake /home/ironie/HornetXII_sims/src/dave/gazebo/dave_gz_multibeam_sonar/multibeam_sonar -DAMENT_CMAKE_SYMLINK_INSTALL=1 -DCMAKE_INSTALL_PREFIX=/home/ironie/HornetXII_sims/install/multibeam_sonar
[30.169s] DEBUG:colcon.colcon_core.event_handler.log_command:Invoking command in '/home/ironie/HornetXII_sims/build/multibeam_sonar': AMENT_PREFIX_PATH=/home/ironie/HornetXII_sims/install/dave_interfaces:${AMENT_PREFIX_PATH} CMAKE_PREFIX_PATH=/home/ironie/HornetXII_sims/install/dave_interfaces:/home/ironie/dave_ws/install/multibeam_sonar_system:/home/ironie/dave_ws/install/dave_worlds:/home/ironie/dave_ws/install/dave_sensor_models:/home/ironie/dave_ws/install/dave_robot_models:/home/ironie/dave_ws/install/dave_object_models:/home/ironie/dave_ws/install/dave_multibeam_sonar_demo:/home/ironie/dave_ws/install/dave_interfaces:/home/ironie/dave_ws/install/dave_demos:/home/ironie/dave_ws/install/auv_controls:/home/ironie/testGazebo/install/simulator:/opt/ros/jazzy/opt/gz_sim_vendor:/opt/ros/jazzy/opt/gz_sensors_vendor:/opt/ros/jazzy/opt/gz_physics_vendor:/opt/ros/jazzy/opt/sdformat_vendor:/opt/ros/jazzy/opt/gz_gui_vendor:/opt/ros/jazzy/opt/gz_transport_vendor:/opt/ros/jazzy/opt/gz_rendering_vendor:/opt/ros/jazzy/opt/gz_plugin_vendor:/opt/ros/jazzy/opt/gz_fuel_tools_vendor:/opt/ros/jazzy/opt/gz_msgs_vendor:/opt/ros/jazzy/opt/gz_common_vendor:/opt/ros/jazzy/opt/gz_math_vendor:/opt/ros/jazzy/opt/gz_utils_vendor:/opt/ros/jazzy/opt/gz_tools_vendor:/opt/ros/jazzy/opt/gz_ogre_next_vendor:/opt/ros/jazzy/opt/gz_dartsim_vendor:/opt/ros/jazzy/opt/gz_cmake_vendor:/home/ironie/assignment3/install/assignment3:/opt/ros/jazzy DEBUGINFOD_URLS=https://debuginfod.ubuntu.com LD_LIBRARY_PATH=/home/ironie/HornetXII_sims/install/dave_interfaces/lib:${LD_LIBRARY_PATH} PYTHONPATH=/home/ironie/HornetXII_sims/install/dave_interfaces/lib/python3.12/site-packages:${PYTHONPATH} /usr/bin/cmake --build /home/ironie/HornetXII_sims/build/multibeam_sonar -- -j12 -l12
[30.243s] DEBUG:colcon.colcon_core.event_handler.log_command:Invoked command in '/home/ironie/HornetXII_sims/build/multibeam_sonar' returned '0': AMENT_PREFIX_PATH=/home/ironie/HornetXII_sims/install/dave_interfaces:${AMENT_PREFIX_PATH} CMAKE_PREFIX_PATH=/home/ironie/HornetXII_sims/install/dave_interfaces:/home/ironie/dave_ws/install/multibeam_sonar_system:/home/ironie/dave_ws/install/dave_worlds:/home/ironie/dave_ws/install/dave_sensor_models:/home/ironie/dave_ws/install/dave_robot_models:/home/ironie/dave_ws/install/dave_object_models:/home/ironie/dave_ws/install/dave_multibeam_sonar_demo:/home/ironie/dave_ws/install/dave_interfaces:/home/ironie/dave_ws/install/dave_demos:/home/ironie/dave_ws/install/auv_controls:/home/ironie/testGazebo/install/simulator:/opt/ros/jazzy/opt/gz_sim_vendor:/opt/ros/jazzy/opt/gz_sensors_vendor:/opt/ros/jazzy/opt/gz_physics_vendor:/opt/ros/jazzy/opt/sdformat_vendor:/opt/ros/jazzy/opt/gz_gui_vendor:/opt/ros/jazzy/opt/gz_transport_vendor:/opt/ros/jazzy/opt/gz_rendering_vendor:/opt/ros/jazzy/opt/gz_plugin_vendor:/opt/ros/jazzy/opt/gz_fuel_tools_vendor:/opt/ros/jazzy/opt/gz_msgs_vendor:/opt/ros/jazzy/opt/gz_common_vendor:/opt/ros/jazzy/opt/gz_math_vendor:/opt/ros/jazzy/opt/gz_utils_vendor:/opt/ros/jazzy/opt/gz_tools_vendor:/opt/ros/jazzy/opt/gz_ogre_next_vendor:/opt/ros/jazzy/opt/gz_dartsim_vendor:/opt/ros/jazzy/opt/gz_cmake_vendor:/home/ironie/assignment3/install/assignment3:/opt/ros/jazzy DEBUGINFOD_URLS=https://debuginfod.ubuntu.com LD_LIBRARY_PATH=/home/ironie/HornetXII_sims/install/dave_interfaces/lib:${LD_LIBRARY_PATH} PYTHONPATH=/home/ironie/HornetXII_sims/install/dave_interfaces/lib/python3.12/site-packages:${PYTHONPATH} /usr/bin/cmake --build /home/ironie/HornetXII_sims/build/multibeam_sonar -- -j12 -l12
[30.244s] DEBUG:colcon.colcon_core.event_handler.log_command:Invoking command in '/home/ironie/HornetXII_sims/build/multibeam_sonar': AMENT_PREFIX_PATH=/home/ironie/HornetXII_sims/install/dave_interfaces:${AMENT_PREFIX_PATH} CMAKE_PREFIX_PATH=/home/ironie/HornetXII_sims/install/dave_interfaces:/home/ironie/dave_ws/install/multibeam_sonar_system:/home/ironie/dave_ws/install/dave_worlds:/home/ironie/dave_ws/install/dave_sensor_models:/home/ironie/dave_ws/install/dave_robot_models:/home/ironie/dave_ws/install/dave_object_models:/home/ironie/dave_ws/install/dave_multibeam_sonar_demo:/home/ironie/dave_ws/install/dave_interfaces:/home/ironie/dave_ws/install/dave_demos:/home/ironie/dave_ws/install/auv_controls:/home/ironie/testGazebo/install/simulator:/opt/ros/jazzy/opt/gz_sim_vendor:/opt/ros/jazzy/opt/gz_sensors_vendor:/opt/ros/jazzy/opt/gz_physics_vendor:/opt/ros/jazzy/opt/sdformat_vendor:/opt/ros/jazzy/opt/gz_gui_vendor:/opt/ros/jazzy/opt/gz_transport_vendor:/opt/ros/jazzy/opt/gz_rendering_vendor:/opt/ros/jazzy/opt/gz_plugin_vendor:/opt/ros/jazzy/opt/gz_fuel_tools_vendor:/opt/ros/jazzy/opt/gz_msgs_vendor:/opt/ros/jazzy/opt/gz_common_vendor:/opt/ros/jazzy/opt/gz_math_vendor:/opt/ros/jazzy/opt/gz_utils_vendor:/opt/ros/jazzy/opt/gz_tools_vendor:/opt/ros/jazzy/opt/gz_ogre_next_vendor:/opt/ros/jazzy/opt/gz_dartsim_vendor:/opt/ros/jazzy/opt/gz_cmake_vendor:/home/ironie/assignment3/install/assignment3:/opt/ros/jazzy DEBUGINFOD_URLS=https://debuginfod.ubuntu.com LD_LIBRARY_PATH=/home/ironie/HornetXII_sims/install/dave_interfaces/lib:${LD_LIBRARY_PATH} PYTHONPATH=/home/ironie/HornetXII_sims/install/dave_interfaces/lib/python3.12/site-packages:${PYTHONPATH} /usr/bin/cmake --install /home/ironie/HornetXII_sims/build/multibeam_sonar
[30.508s] Level 1:colcon.colcon_core.environment:create_environment_scripts_only(multibeam_sonar)
[30.509s] Level 1:colcon.colcon_core.environment:checking '/home/ironie/HornetXII_sims/install/multibeam_sonar' for CMake module files
[30.509s] DEBUG:colcon.colcon_core.event_handler.log_command:Invoked command in '/home/ironie/HornetXII_sims/build/multibeam_sonar' returned '0': AMENT_PREFIX_PATH=/home/ironie/HornetXII_sims/install/dave_interfaces:${AMENT_PREFIX_PATH} CMAKE_PREFIX_PATH=/home/ironie/HornetXII_sims/install/dave_interfaces:/home/ironie/dave_ws/install/multibeam_sonar_system:/home/ironie/dave_ws/install/dave_worlds:/home/ironie/dave_ws/install/dave_sensor_models:/home/ironie/dave_ws/install/dave_robot_models:/home/ironie/dave_ws/install/dave_object_models:/home/ironie/dave_ws/install/dave_multibeam_sonar_demo:/home/ironie/dave_ws/install/dave_interfaces:/home/ironie/dave_ws/install/dave_demos:/home/ironie/dave_ws/install/auv_controls:/home/ironie/testGazebo/install/simulator:/opt/ros/jazzy/opt/gz_sim_vendor:/opt/ros/jazzy/opt/gz_sensors_vendor:/opt/ros/jazzy/opt/gz_physics_vendor:/opt/ros/jazzy/opt/sdformat_vendor:/opt/ros/jazzy/opt/gz_gui_vendor:/opt/ros/jazzy/opt/gz_transport_vendor:/opt/ros/jazzy/opt/gz_rendering_vendor:/opt/ros/jazzy/opt/gz_plugin_vendor:/opt/ros/jazzy/opt/gz_fuel_tools_vendor:/opt/ros/jazzy/opt/gz_msgs_vendor:/opt/ros/jazzy/opt/gz_common_vendor:/opt/ros/jazzy/opt/gz_math_vendor:/opt/ros/jazzy/opt/gz_utils_vendor:/opt/ros/jazzy/opt/gz_tools_vendor:/opt/ros/jazzy/opt/gz_ogre_next_vendor:/opt/ros/jazzy/opt/gz_dartsim_vendor:/opt/ros/jazzy/opt/gz_cmake_vendor:/home/ironie/assignment3/install/assignment3:/opt/ros/jazzy DEBUGINFOD_URLS=https://debuginfod.ubuntu.com LD_LIBRARY_PATH=/home/ironie/HornetXII_sims/install/dave_interfaces/lib:${LD_LIBRARY_PATH} PYTHONPATH=/home/ironie/HornetXII_sims/install/dave_interfaces/lib/python3.12/site-packages:${PYTHONPATH} /usr/bin/cmake --install /home/ironie/HornetXII_sims/build/multibeam_sonar
[30.512s] Level 1:colcon.colcon_core.environment:checking '/home/ironie/HornetXII_sims/install/multibeam_sonar' for CMake config files
[30.512s] Level 1:colcon.colcon_core.shell:create_environment_hook('multibeam_sonar', 'cmake_prefix_path')
[30.512s] INFO:colcon.colcon_core.shell:Creating environment hook '/home/ironie/HornetXII_sims/install/multibeam_sonar/share/multibeam_sonar/hook/cmake_prefix_path.ps1'
[30.513s] INFO:colcon.colcon_core.shell:Creating environment descriptor '/home/ironie/HornetXII_sims/install/multibeam_sonar/share/multibeam_sonar/hook/cmake_prefix_path.dsv'
[30.514s] INFO:colcon.colcon_core.shell:Creating environment hook '/home/ironie/HornetXII_sims/install/multibeam_sonar/share/multibeam_sonar/hook/cmake_prefix_path.sh'
[30.515s] Level 1:colcon.colcon_core.environment:checking '/home/ironie/HornetXII_sims/install/multibeam_sonar/bin'
[30.515s] Level 1:colcon.colcon_core.environment:checking '/home/ironie/HornetXII_sims/install/multibeam_sonar/lib/pkgconfig/multibeam_sonar.pc'
[30.516s] Level 1:colcon.colcon_core.environment:checking '/home/ironie/HornetXII_sims/install/multibeam_sonar/lib/python3.12/site-packages'
[30.516s] Level 1:colcon.colcon_core.environment:checking '/home/ironie/HornetXII_sims/install/multibeam_sonar/bin'
[30.517s] INFO:colcon.colcon_core.shell:Creating package script '/home/ironie/HornetXII_sims/install/multibeam_sonar/share/multibeam_sonar/package.ps1'
[30.518s] INFO:colcon.colcon_core.shell:Creating package descriptor '/home/ironie/HornetXII_sims/install/multibeam_sonar/share/multibeam_sonar/package.dsv'
[30.518s] INFO:colcon.colcon_core.shell:Creating package script '/home/ironie/HornetXII_sims/install/multibeam_sonar/share/multibeam_sonar/package.sh'
[30.519s] INFO:colcon.colcon_core.shell:Creating package script '/home/ironie/HornetXII_sims/install/multibeam_sonar/share/multibeam_sonar/package.bash'
[30.519s] INFO:colcon.colcon_core.shell:Creating package script '/home/ironie/HornetXII_sims/install/multibeam_sonar/share/multibeam_sonar/package.zsh'
[30.520s] Level 1:colcon.colcon_core.environment:create_file_with_runtime_dependencies(/home/ironie/HornetXII_sims/install/multibeam_sonar/share/colcon-core/packages/multibeam_sonar)
[30.522s] Level 1:colcon.colcon_core.environment:create_environment_scripts_only(multibeam_sonar)
[30.522s] Level 1:colcon.colcon_core.environment:checking '/home/ironie/HornetXII_sims/install/multibeam_sonar' for CMake module files
[30.523s] Level 1:colcon.colcon_core.environment:checking '/home/ironie/HornetXII_sims/install/multibeam_sonar' for CMake config files
[30.523s] Level 1:colcon.colcon_core.shell:create_environment_hook('multibeam_sonar', 'cmake_prefix_path')
[30.524s] INFO:colcon.colcon_core.shell:Creating environment hook '/home/ironie/HornetXII_sims/install/multibeam_sonar/share/multibeam_sonar/hook/cmake_prefix_path.ps1'
[30.525s] INFO:colcon.colcon_core.shell:Creating environment descriptor '/home/ironie/HornetXII_sims/install/multibeam_sonar/share/multibeam_sonar/hook/cmake_prefix_path.dsv'
[30.526s] INFO:colcon.colcon_core.shell:Creating environment hook '/home/ironie/HornetXII_sims/install/multibeam_sonar/share/multibeam_sonar/hook/cmake_prefix_path.sh'
[30.527s] Level 1:colcon.colcon_core.environment:checking '/home/ironie/HornetXII_sims/install/multibeam_sonar/bin'
[30.527s] Level 1:colcon.colcon_core.environment:checking '/home/ironie/HornetXII_sims/install/multibeam_sonar/lib/pkgconfig/multibeam_sonar.pc'
[30.527s] Level 1:colcon.colcon_core.environment:checking '/home/ironie/HornetXII_sims/install/multibeam_sonar/lib/python3.12/site-packages'
[30.528s] Level 1:colcon.colcon_core.environment:checking '/home/ironie/HornetXII_sims/install/multibeam_sonar/bin'
[30.528s] INFO:colcon.colcon_core.shell:Creating package script '/home/ironie/HornetXII_sims/install/multibeam_sonar/share/multibeam_sonar/package.ps1'
[30.529s] INFO:colcon.colcon_core.shell:Creating package descriptor '/home/ironie/HornetXII_sims/install/multibeam_sonar/share/multibeam_sonar/package.dsv'
[30.530s] INFO:colcon.colcon_core.shell:Creating package script '/home/ironie/HornetXII_sims/install/multibeam_sonar/share/multibeam_sonar/package.sh'
[30.531s] INFO:colcon.colcon_core.shell:Creating package script '/home/ironie/HornetXII_sims/install/multibeam_sonar/share/multibeam_sonar/package.bash'
[30.531s] INFO:colcon.colcon_core.shell:Creating package script '/home/ironie/HornetXII_sims/install/multibeam_sonar/share/multibeam_sonar/package.zsh'
[30.532s] Level 1:colcon.colcon_core.environment:create_file_with_runtime_dependencies(/home/ironie/HornetXII_sims/install/multibeam_sonar/share/colcon-core/packages/multibeam_sonar)
[31.791s] DEBUG:colcon.colcon_core.event_handler.log_command:Invoked command in '/home/ironie/HornetXII_sims/build/auv_controls' returned '0': CMAKE_PREFIX_PATH=${CMAKE_PREFIX_PATH}:/home/ironie/assignment3/install/assignment3:/opt/ros/jazzy DEBUGINFOD_URLS=https://debuginfod.ubuntu.com /usr/bin/cmake --build /home/ironie/HornetXII_sims/build/auv_controls -- -j12 -l12
[31.793s] DEBUG:colcon.colcon_core.event_handler.log_command:Invoking command in '/home/ironie/HornetXII_sims/build/auv_controls': CMAKE_PREFIX_PATH=${CMAKE_PREFIX_PATH}:/home/ironie/assignment3/install/assignment3:/opt/ros/jazzy DEBUGINFOD_URLS=https://debuginfod.ubuntu.com /usr/bin/cmake --install /home/ironie/HornetXII_sims/build/auv_controls
[32.028s] Level 1:colcon.colcon_core.environment:create_environment_scripts_only(auv_controls)
[32.029s] Level 1:colcon.colcon_core.environment:checking '/home/ironie/HornetXII_sims/install/auv_controls' for CMake module files
[32.029s] DEBUG:colcon.colcon_core.event_handler.log_command:Invoked command in '/home/ironie/HornetXII_sims/build/auv_controls' returned '0': CMAKE_PREFIX_PATH=${CMAKE_PREFIX_PATH}:/home/ironie/assignment3/install/assignment3:/opt/ros/jazzy DEBUGINFOD_URLS=https://debuginfod.ubuntu.com /usr/bin/cmake --install /home/ironie/HornetXII_sims/build/auv_controls
[32.030s] Level 1:colcon.colcon_core.environment:checking '/home/ironie/HornetXII_sims/install/auv_controls' for CMake config files
[32.030s] Level 1:colcon.colcon_core.shell:create_environment_hook('auv_controls', 'cmake_prefix_path')
[32.030s] INFO:colcon.colcon_core.shell:Creating environment hook '/home/ironie/HornetXII_sims/install/auv_controls/share/auv_controls/hook/cmake_prefix_path.ps1'
[32.031s] INFO:colcon.colcon_core.shell:Creating environment descriptor '/home/ironie/HornetXII_sims/install/auv_controls/share/auv_controls/hook/cmake_prefix_path.dsv'
[32.032s] INFO:colcon.colcon_core.shell:Creating environment hook '/home/ironie/HornetXII_sims/install/auv_controls/share/auv_controls/hook/cmake_prefix_path.sh'
[32.032s] Level 1:colcon.colcon_core.environment:checking '/home/ironie/HornetXII_sims/install/auv_controls/lib'
[32.033s] Level 1:colcon.colcon_core.shell:create_environment_hook('auv_controls', 'ld_library_path_lib')
[32.033s] INFO:colcon.colcon_core.shell:Creating environment hook '/home/ironie/HornetXII_sims/install/auv_controls/share/auv_controls/hook/ld_library_path_lib.ps1'
[32.033s] INFO:colcon.colcon_core.shell:Creating environment descriptor '/home/ironie/HornetXII_sims/install/auv_controls/share/auv_controls/hook/ld_library_path_lib.dsv'
[32.034s] INFO:colcon.colcon_core.shell:Creating environment hook '/home/ironie/HornetXII_sims/install/auv_controls/share/auv_controls/hook/ld_library_path_lib.sh'
[32.034s] Level 1:colcon.colcon_core.environment:checking '/home/ironie/HornetXII_sims/install/auv_controls/bin'
[32.034s] Level 1:colcon.colcon_core.environment:checking '/home/ironie/HornetXII_sims/install/auv_controls/lib/pkgconfig/auv_controls.pc'
[32.034s] Level 1:colcon.colcon_core.environment:checking '/home/ironie/HornetXII_sims/install/auv_controls/lib/python3.12/site-packages'
[32.035s] Level 1:colcon.colcon_core.environment:checking '/home/ironie/HornetXII_sims/install/auv_controls/bin'
[32.035s] INFO:colcon.colcon_core.shell:Creating package script '/home/ironie/HornetXII_sims/install/auv_controls/share/auv_controls/package.ps1'
[32.036s] INFO:colcon.colcon_core.shell:Creating package descriptor '/home/ironie/HornetXII_sims/install/auv_controls/share/auv_controls/package.dsv'
[32.036s] INFO:colcon.colcon_core.shell:Creating package script '/home/ironie/HornetXII_sims/install/auv_controls/share/auv_controls/package.sh'
[32.037s] INFO:colcon.colcon_core.shell:Creating package script '/home/ironie/HornetXII_sims/install/auv_controls/share/auv_controls/package.bash'
[32.037s] INFO:colcon.colcon_core.shell:Creating package script '/home/ironie/HornetXII_sims/install/auv_controls/share/auv_controls/package.zsh'
[32.037s] Level 1:colcon.colcon_core.environment:create_file_with_runtime_dependencies(/home/ironie/HornetXII_sims/install/auv_controls/share/colcon-core/packages/auv_controls)
[32.038s] Level 1:colcon.colcon_core.environment:create_environment_scripts_only(auv_controls)
[32.039s] Level 1:colcon.colcon_core.environment:checking '/home/ironie/HornetXII_sims/install/auv_controls' for CMake module files
[32.040s] Level 1:colcon.colcon_core.environment:checking '/home/ironie/HornetXII_sims/install/auv_controls' for CMake config files
[32.040s] Level 1:colcon.colcon_core.shell:create_environment_hook('auv_controls', 'cmake_prefix_path')
[32.040s] INFO:colcon.colcon_core.shell:Creating environment hook '/home/ironie/HornetXII_sims/install/auv_controls/share/auv_controls/hook/cmake_prefix_path.ps1'
[32.041s] INFO:colcon.colcon_core.shell:Creating environment descriptor '/home/ironie/HornetXII_sims/install/auv_controls/share/auv_controls/hook/cmake_prefix_path.dsv'
[32.041s] INFO:colcon.colcon_core.shell:Creating environment hook '/home/ironie/HornetXII_sims/install/auv_controls/share/auv_controls/hook/cmake_prefix_path.sh'
[32.042s] Level 1:colcon.colcon_core.environment:checking '/home/ironie/HornetXII_sims/install/auv_controls/lib'
[32.042s] Level 1:colcon.colcon_core.shell:create_environment_hook('auv_controls', 'ld_library_path_lib')
[32.042s] INFO:colcon.colcon_core.shell:Creating environment hook '/home/ironie/HornetXII_sims/install/auv_controls/share/auv_controls/hook/ld_library_path_lib.ps1'
[32.042s] INFO:colcon.colcon_core.shell:Creating environment descriptor '/home/ironie/HornetXII_sims/install/auv_controls/share/auv_controls/hook/ld_library_path_lib.dsv'
[32.043s] INFO:colcon.colcon_core.shell:Creating environment hook '/home/ironie/HornetXII_sims/install/auv_controls/share/auv_controls/hook/ld_library_path_lib.sh'
[32.043s] Level 1:colcon.colcon_core.environment:checking '/home/ironie/HornetXII_sims/install/auv_controls/bin'
[32.043s] Level 1:colcon.colcon_core.environment:checking '/home/ironie/HornetXII_sims/install/auv_controls/lib/pkgconfig/auv_controls.pc'
[32.043s] Level 1:colcon.colcon_core.environment:checking '/home/ironie/HornetXII_sims/install/auv_controls/lib/python3.12/site-packages'
[32.044s] Level 1:colcon.colcon_core.environment:checking '/home/ironie/HornetXII_sims/install/auv_controls/bin'
[32.044s] INFO:colcon.colcon_core.shell:Creating package script '/home/ironie/HornetXII_sims/install/auv_controls/share/auv_controls/package.ps1'
[32.045s] INFO:colcon.colcon_core.shell:Creating package descriptor '/home/ironie/HornetXII_sims/install/auv_controls/share/auv_controls/package.dsv'
[32.046s] INFO:colcon.colcon_core.shell:Creating package script '/home/ironie/HornetXII_sims/install/auv_controls/share/auv_controls/package.sh'
[32.046s] INFO:colcon.colcon_core.shell:Creating package script '/home/ironie/HornetXII_sims/install/auv_controls/share/auv_controls/package.bash'
[32.047s] INFO:colcon.colcon_core.shell:Creating package script '/home/ironie/HornetXII_sims/install/auv_controls/share/auv_controls/package.zsh'
[32.048s] Level 1:colcon.colcon_core.environment:create_file_with_runtime_dependencies(/home/ironie/HornetXII_sims/install/auv_controls/share/colcon-core/packages/auv_controls)
[40.023s] DEBUG:colcon.colcon_core.event_handler.log_command:Invoked command in '/home/ironie/HornetXII_sims/build/dave_gz_sensor_plugins' returned '0': AMENT_PREFIX_PATH=/home/ironie/HornetXII_sims/install/dave_interfaces:${AMENT_PREFIX_PATH} CMAKE_PREFIX_PATH=/home/ironie/HornetXII_sims/install/dave_interfaces:/home/ironie/dave_ws/install/multibeam_sonar_system:/home/ironie/dave_ws/install/dave_worlds:/home/ironie/dave_ws/install/dave_sensor_models:/home/ironie/dave_ws/install/dave_robot_models:/home/ironie/dave_ws/install/dave_object_models:/home/ironie/dave_ws/install/dave_multibeam_sonar_demo:/home/ironie/dave_ws/install/dave_interfaces:/home/ironie/dave_ws/install/dave_demos:/home/ironie/dave_ws/install/auv_controls:/home/ironie/testGazebo/install/simulator:/opt/ros/jazzy/opt/gz_sim_vendor:/opt/ros/jazzy/opt/gz_sensors_vendor:/opt/ros/jazzy/opt/gz_physics_vendor:/opt/ros/jazzy/opt/sdformat_vendor:/opt/ros/jazzy/opt/gz_gui_vendor:/opt/ros/jazzy/opt/gz_transport_vendor:/opt/ros/jazzy/opt/gz_rendering_vendor:/opt/ros/jazzy/opt/gz_plugin_vendor:/opt/ros/jazzy/opt/gz_fuel_tools_vendor:/opt/ros/jazzy/opt/gz_msgs_vendor:/opt/ros/jazzy/opt/gz_common_vendor:/opt/ros/jazzy/opt/gz_math_vendor:/opt/ros/jazzy/opt/gz_utils_vendor:/opt/ros/jazzy/opt/gz_tools_vendor:/opt/ros/jazzy/opt/gz_ogre_next_vendor:/opt/ros/jazzy/opt/gz_dartsim_vendor:/opt/ros/jazzy/opt/gz_cmake_vendor:/home/ironie/assignment3/install/assignment3:/opt/ros/jazzy DEBUGINFOD_URLS=https://debuginfod.ubuntu.com LD_LIBRARY_PATH=/home/ironie/HornetXII_sims/install/dave_interfaces/lib:${LD_LIBRARY_PATH} PYTHONPATH=/home/ironie/HornetXII_sims/install/dave_interfaces/lib/python3.12/site-packages:${PYTHONPATH} /usr/bin/cmake /home/ironie/HornetXII_sims/src/dave/gazebo/dave_gz_sensor_plugins -DAMENT_CMAKE_SYMLINK_INSTALL=1 -DCMAKE_INSTALL_PREFIX=/home/ironie/HornetXII_sims/install/dave_gz_sensor_plugins
[40.024s] DEBUG:colcon.colcon_core.event_handler.log_command:Invoking command in '/home/ironie/HornetXII_sims/build/dave_gz_sensor_plugins': AMENT_PREFIX_PATH=/home/ironie/HornetXII_sims/install/dave_interfaces:${AMENT_PREFIX_PATH} CMAKE_PREFIX_PATH=/home/ironie/HornetXII_sims/install/dave_interfaces:/home/ironie/dave_ws/install/multibeam_sonar_system:/home/ironie/dave_ws/install/dave_worlds:/home/ironie/dave_ws/install/dave_sensor_models:/home/ironie/dave_ws/install/dave_robot_models:/home/ironie/dave_ws/install/dave_object_models:/home/ironie/dave_ws/install/dave_multibeam_sonar_demo:/home/ironie/dave_ws/install/dave_interfaces:/home/ironie/dave_ws/install/dave_demos:/home/ironie/dave_ws/install/auv_controls:/home/ironie/testGazebo/install/simulator:/opt/ros/jazzy/opt/gz_sim_vendor:/opt/ros/jazzy/opt/gz_sensors_vendor:/opt/ros/jazzy/opt/gz_physics_vendor:/opt/ros/jazzy/opt/sdformat_vendor:/opt/ros/jazzy/opt/gz_gui_vendor:/opt/ros/jazzy/opt/gz_transport_vendor:/opt/ros/jazzy/opt/gz_rendering_vendor:/opt/ros/jazzy/opt/gz_plugin_vendor:/opt/ros/jazzy/opt/gz_fuel_tools_vendor:/opt/ros/jazzy/opt/gz_msgs_vendor:/opt/ros/jazzy/opt/gz_common_vendor:/opt/ros/jazzy/opt/gz_math_vendor:/opt/ros/jazzy/opt/gz_utils_vendor:/opt/ros/jazzy/opt/gz_tools_vendor:/opt/ros/jazzy/opt/gz_ogre_next_vendor:/opt/ros/jazzy/opt/gz_dartsim_vendor:/opt/ros/jazzy/opt/gz_cmake_vendor:/home/ironie/assignment3/install/assignment3:/opt/ros/jazzy DEBUGINFOD_URLS=https://debuginfod.ubuntu.com LD_LIBRARY_PATH=/home/ironie/HornetXII_sims/install/dave_interfaces/lib:${LD_LIBRARY_PATH} PYTHONPATH=/home/ironie/HornetXII_sims/install/dave_interfaces/lib/python3.12/site-packages:${PYTHONPATH} /usr/bin/cmake --build /home/ironie/HornetXII_sims/build/dave_gz_sensor_plugins -- -j12 -l12
[40.236s] DEBUG:colcon.colcon_core.event_handler.log_command:Invoked command in '/home/ironie/HornetXII_sims/build/dave_gz_world_plugins' returned '0': AMENT_PREFIX_PATH=/home/ironie/HornetXII_sims/install/dave_interfaces:${AMENT_PREFIX_PATH} CMAKE_PREFIX_PATH=/home/ironie/HornetXII_sims/install/dave_interfaces:/home/ironie/dave_ws/install/multibeam_sonar_system:/home/ironie/dave_ws/install/dave_worlds:/home/ironie/dave_ws/install/dave_sensor_models:/home/ironie/dave_ws/install/dave_robot_models:/home/ironie/dave_ws/install/dave_object_models:/home/ironie/dave_ws/install/dave_multibeam_sonar_demo:/home/ironie/dave_ws/install/dave_interfaces:/home/ironie/dave_ws/install/dave_demos:/home/ironie/dave_ws/install/auv_controls:/home/ironie/testGazebo/install/simulator:/opt/ros/jazzy/opt/gz_sim_vendor:/opt/ros/jazzy/opt/gz_sensors_vendor:/opt/ros/jazzy/opt/gz_physics_vendor:/opt/ros/jazzy/opt/sdformat_vendor:/opt/ros/jazzy/opt/gz_gui_vendor:/opt/ros/jazzy/opt/gz_transport_vendor:/opt/ros/jazzy/opt/gz_rendering_vendor:/opt/ros/jazzy/opt/gz_plugin_vendor:/opt/ros/jazzy/opt/gz_fuel_tools_vendor:/opt/ros/jazzy/opt/gz_msgs_vendor:/opt/ros/jazzy/opt/gz_common_vendor:/opt/ros/jazzy/opt/gz_math_vendor:/opt/ros/jazzy/opt/gz_utils_vendor:/opt/ros/jazzy/opt/gz_tools_vendor:/opt/ros/jazzy/opt/gz_ogre_next_vendor:/opt/ros/jazzy/opt/gz_dartsim_vendor:/opt/ros/jazzy/opt/gz_cmake_vendor:/home/ironie/assignment3/install/assignment3:/opt/ros/jazzy DEBUGINFOD_URLS=https://debuginfod.ubuntu.com LD_LIBRARY_PATH=/home/ironie/HornetXII_sims/install/dave_interfaces/lib:${LD_LIBRARY_PATH} PYTHONPATH=/home/ironie/HornetXII_sims/install/dave_interfaces/lib/python3.12/site-packages:${PYTHONPATH} /usr/bin/cmake /home/ironie/HornetXII_sims/src/dave/gazebo/dave_gz_world_plugins -DAMENT_CMAKE_SYMLINK_INSTALL=1 -DCMAKE_INSTALL_PREFIX=/home/ironie/HornetXII_sims/install/dave_gz_world_plugins
[40.239s] DEBUG:colcon.colcon_core.event_handler.log_command:Invoking command in '/home/ironie/HornetXII_sims/build/dave_gz_world_plugins': AMENT_PREFIX_PATH=/home/ironie/HornetXII_sims/install/dave_interfaces:${AMENT_PREFIX_PATH} CMAKE_PREFIX_PATH=/home/ironie/HornetXII_sims/install/dave_interfaces:/home/ironie/dave_ws/install/multibeam_sonar_system:/home/ironie/dave_ws/install/dave_worlds:/home/ironie/dave_ws/install/dave_sensor_models:/home/ironie/dave_ws/install/dave_robot_models:/home/ironie/dave_ws/install/dave_object_models:/home/ironie/dave_ws/install/dave_multibeam_sonar_demo:/home/ironie/dave_ws/install/dave_interfaces:/home/ironie/dave_ws/install/dave_demos:/home/ironie/dave_ws/install/auv_controls:/home/ironie/testGazebo/install/simulator:/opt/ros/jazzy/opt/gz_sim_vendor:/opt/ros/jazzy/opt/gz_sensors_vendor:/opt/ros/jazzy/opt/gz_physics_vendor:/opt/ros/jazzy/opt/sdformat_vendor:/opt/ros/jazzy/opt/gz_gui_vendor:/opt/ros/jazzy/opt/gz_transport_vendor:/opt/ros/jazzy/opt/gz_rendering_vendor:/opt/ros/jazzy/opt/gz_plugin_vendor:/opt/ros/jazzy/opt/gz_fuel_tools_vendor:/opt/ros/jazzy/opt/gz_msgs_vendor:/opt/ros/jazzy/opt/gz_common_vendor:/opt/ros/jazzy/opt/gz_math_vendor:/opt/ros/jazzy/opt/gz_utils_vendor:/opt/ros/jazzy/opt/gz_tools_vendor:/opt/ros/jazzy/opt/gz_ogre_next_vendor:/opt/ros/jazzy/opt/gz_dartsim_vendor:/opt/ros/jazzy/opt/gz_cmake_vendor:/home/ironie/assignment3/install/assignment3:/opt/ros/jazzy DEBUGINFOD_URLS=https://debuginfod.ubuntu.com LD_LIBRARY_PATH=/home/ironie/HornetXII_sims/install/dave_interfaces/lib:${LD_LIBRARY_PATH} PYTHONPATH=/home/ironie/HornetXII_sims/install/dave_interfaces/lib/python3.12/site-packages:${PYTHONPATH} /usr/bin/cmake --build /home/ironie/HornetXII_sims/build/dave_gz_world_plugins -- -j12 -l12
[64.195s] DEBUG:colcon.colcon_core.event_handler.log_command:Invoked command in '/home/ironie/HornetXII_sims/build/dave_gz_world_plugins' returned '0': AMENT_PREFIX_PATH=/home/ironie/HornetXII_sims/install/dave_interfaces:${AMENT_PREFIX_PATH} CMAKE_PREFIX_PATH=/home/ironie/HornetXII_sims/install/dave_interfaces:/home/ironie/dave_ws/install/multibeam_sonar_system:/home/ironie/dave_ws/install/dave_worlds:/home/ironie/dave_ws/install/dave_sensor_models:/home/ironie/dave_ws/install/dave_robot_models:/home/ironie/dave_ws/install/dave_object_models:/home/ironie/dave_ws/install/dave_multibeam_sonar_demo:/home/ironie/dave_ws/install/dave_interfaces:/home/ironie/dave_ws/install/dave_demos:/home/ironie/dave_ws/install/auv_controls:/home/ironie/testGazebo/install/simulator:/opt/ros/jazzy/opt/gz_sim_vendor:/opt/ros/jazzy/opt/gz_sensors_vendor:/opt/ros/jazzy/opt/gz_physics_vendor:/opt/ros/jazzy/opt/sdformat_vendor:/opt/ros/jazzy/opt/gz_gui_vendor:/opt/ros/jazzy/opt/gz_transport_vendor:/opt/ros/jazzy/opt/gz_rendering_vendor:/opt/ros/jazzy/opt/gz_plugin_vendor:/opt/ros/jazzy/opt/gz_fuel_tools_vendor:/opt/ros/jazzy/opt/gz_msgs_vendor:/opt/ros/jazzy/opt/gz_common_vendor:/opt/ros/jazzy/opt/gz_math_vendor:/opt/ros/jazzy/opt/gz_utils_vendor:/opt/ros/jazzy/opt/gz_tools_vendor:/opt/ros/jazzy/opt/gz_ogre_next_vendor:/opt/ros/jazzy/opt/gz_dartsim_vendor:/opt/ros/jazzy/opt/gz_cmake_vendor:/home/ironie/assignment3/install/assignment3:/opt/ros/jazzy DEBUGINFOD_URLS=https://debuginfod.ubuntu.com LD_LIBRARY_PATH=/home/ironie/HornetXII_sims/install/dave_interfaces/lib:${LD_LIBRARY_PATH} PYTHONPATH=/home/ironie/HornetXII_sims/install/dave_interfaces/lib/python3.12/site-packages:${PYTHONPATH} /usr/bin/cmake --build /home/ironie/HornetXII_sims/build/dave_gz_world_plugins -- -j12 -l12
[64.197s] DEBUG:colcon.colcon_core.event_handler.log_command:Invoking command in '/home/ironie/HornetXII_sims/build/dave_gz_world_plugins': AMENT_PREFIX_PATH=/home/ironie/HornetXII_sims/install/dave_interfaces:${AMENT_PREFIX_PATH} CMAKE_PREFIX_PATH=/home/ironie/HornetXII_sims/install/dave_interfaces:/home/ironie/dave_ws/install/multibeam_sonar_system:/home/ironie/dave_ws/install/dave_worlds:/home/ironie/dave_ws/install/dave_sensor_models:/home/ironie/dave_ws/install/dave_robot_models:/home/ironie/dave_ws/install/dave_object_models:/home/ironie/dave_ws/install/dave_multibeam_sonar_demo:/home/ironie/dave_ws/install/dave_interfaces:/home/ironie/dave_ws/install/dave_demos:/home/ironie/dave_ws/install/auv_controls:/home/ironie/testGazebo/install/simulator:/opt/ros/jazzy/opt/gz_sim_vendor:/opt/ros/jazzy/opt/gz_sensors_vendor:/opt/ros/jazzy/opt/gz_physics_vendor:/opt/ros/jazzy/opt/sdformat_vendor:/opt/ros/jazzy/opt/gz_gui_vendor:/opt/ros/jazzy/opt/gz_transport_vendor:/opt/ros/jazzy/opt/gz_rendering_vendor:/opt/ros/jazzy/opt/gz_plugin_vendor:/opt/ros/jazzy/opt/gz_fuel_tools_vendor:/opt/ros/jazzy/opt/gz_msgs_vendor:/opt/ros/jazzy/opt/gz_common_vendor:/opt/ros/jazzy/opt/gz_math_vendor:/opt/ros/jazzy/opt/gz_utils_vendor:/opt/ros/jazzy/opt/gz_tools_vendor:/opt/ros/jazzy/opt/gz_ogre_next_vendor:/opt/ros/jazzy/opt/gz_dartsim_vendor:/opt/ros/jazzy/opt/gz_cmake_vendor:/home/ironie/assignment3/install/assignment3:/opt/ros/jazzy DEBUGINFOD_URLS=https://debuginfod.ubuntu.com LD_LIBRARY_PATH=/home/ironie/HornetXII_sims/install/dave_interfaces/lib:${LD_LIBRARY_PATH} PYTHONPATH=/home/ironie/HornetXII_sims/install/dave_interfaces/lib/python3.12/site-packages:${PYTHONPATH} /usr/bin/cmake --install /home/ironie/HornetXII_sims/build/dave_gz_world_plugins
[64.554s] Level 1:colcon.colcon_core.environment:create_environment_scripts_only(dave_gz_world_plugins)
[64.555s] DEBUG:colcon.colcon_core.event_handler.log_command:Invoked command in '/home/ironie/HornetXII_sims/build/dave_gz_world_plugins' returned '0': AMENT_PREFIX_PATH=/home/ironie/HornetXII_sims/install/dave_interfaces:${AMENT_PREFIX_PATH} CMAKE_PREFIX_PATH=/home/ironie/HornetXII_sims/install/dave_interfaces:/home/ironie/dave_ws/install/multibeam_sonar_system:/home/ironie/dave_ws/install/dave_worlds:/home/ironie/dave_ws/install/dave_sensor_models:/home/ironie/dave_ws/install/dave_robot_models:/home/ironie/dave_ws/install/dave_object_models:/home/ironie/dave_ws/install/dave_multibeam_sonar_demo:/home/ironie/dave_ws/install/dave_interfaces:/home/ironie/dave_ws/install/dave_demos:/home/ironie/dave_ws/install/auv_controls:/home/ironie/testGazebo/install/simulator:/opt/ros/jazzy/opt/gz_sim_vendor:/opt/ros/jazzy/opt/gz_sensors_vendor:/opt/ros/jazzy/opt/gz_physics_vendor:/opt/ros/jazzy/opt/sdformat_vendor:/opt/ros/jazzy/opt/gz_gui_vendor:/opt/ros/jazzy/opt/gz_transport_vendor:/opt/ros/jazzy/opt/gz_rendering_vendor:/opt/ros/jazzy/opt/gz_plugin_vendor:/opt/ros/jazzy/opt/gz_fuel_tools_vendor:/opt/ros/jazzy/opt/gz_msgs_vendor:/opt/ros/jazzy/opt/gz_common_vendor:/opt/ros/jazzy/opt/gz_math_vendor:/opt/ros/jazzy/opt/gz_utils_vendor:/opt/ros/jazzy/opt/gz_tools_vendor:/opt/ros/jazzy/opt/gz_ogre_next_vendor:/opt/ros/jazzy/opt/gz_dartsim_vendor:/opt/ros/jazzy/opt/gz_cmake_vendor:/home/ironie/assignment3/install/assignment3:/opt/ros/jazzy DEBUGINFOD_URLS=https://debuginfod.ubuntu.com LD_LIBRARY_PATH=/home/ironie/HornetXII_sims/install/dave_interfaces/lib:${LD_LIBRARY_PATH} PYTHONPATH=/home/ironie/HornetXII_sims/install/dave_interfaces/lib/python3.12/site-packages:${PYTHONPATH} /usr/bin/cmake --install /home/ironie/HornetXII_sims/build/dave_gz_world_plugins
[64.555s] Level 1:colcon.colcon_core.environment:checking '/home/ironie/HornetXII_sims/install/dave_gz_world_plugins' for CMake module files
[64.555s] Level 1:colcon.colcon_core.environment:checking '/home/ironie/HornetXII_sims/install/dave_gz_world_plugins' for CMake config files
[64.556s] Level 1:colcon.colcon_core.shell:create_environment_hook('dave_gz_world_plugins', 'cmake_prefix_path')
[64.556s] INFO:colcon.colcon_core.shell:Creating environment hook '/home/ironie/HornetXII_sims/install/dave_gz_world_plugins/share/dave_gz_world_plugins/hook/cmake_prefix_path.ps1'
[64.557s] INFO:colcon.colcon_core.shell:Creating environment descriptor '/home/ironie/HornetXII_sims/install/dave_gz_world_plugins/share/dave_gz_world_plugins/hook/cmake_prefix_path.dsv'
[64.557s] INFO:colcon.colcon_core.shell:Creating environment hook '/home/ironie/HornetXII_sims/install/dave_gz_world_plugins/share/dave_gz_world_plugins/hook/cmake_prefix_path.sh'
[64.558s] Level 1:colcon.colcon_core.environment:checking '/home/ironie/HornetXII_sims/install/dave_gz_world_plugins/lib'
[64.558s] Level 1:colcon.colcon_core.shell:create_environment_hook('dave_gz_world_plugins', 'ld_library_path_lib')
[64.558s] INFO:colcon.colcon_core.shell:Creating environment hook '/home/ironie/HornetXII_sims/install/dave_gz_world_plugins/share/dave_gz_world_plugins/hook/ld_library_path_lib.ps1'
[64.558s] INFO:colcon.colcon_core.shell:Creating environment descriptor '/home/ironie/HornetXII_sims/install/dave_gz_world_plugins/share/dave_gz_world_plugins/hook/ld_library_path_lib.dsv'
[64.558s] INFO:colcon.colcon_core.shell:Creating environment hook '/home/ironie/HornetXII_sims/install/dave_gz_world_plugins/share/dave_gz_world_plugins/hook/ld_library_path_lib.sh'
[64.559s] Level 1:colcon.colcon_core.environment:checking '/home/ironie/HornetXII_sims/install/dave_gz_world_plugins/bin'
[64.559s] Level 1:colcon.colcon_core.environment:checking '/home/ironie/HornetXII_sims/install/dave_gz_world_plugins/lib/pkgconfig/dave_gz_world_plugins.pc'
[64.559s] Level 1:colcon.colcon_core.environment:checking '/home/ironie/HornetXII_sims/install/dave_gz_world_plugins/lib/python3.12/site-packages'
[64.560s] Level 1:colcon.colcon_core.environment:checking '/home/ironie/HornetXII_sims/install/dave_gz_world_plugins/bin'
[64.560s] INFO:colcon.colcon_core.shell:Creating package script '/home/ironie/HornetXII_sims/install/dave_gz_world_plugins/share/dave_gz_world_plugins/package.ps1'
[64.561s] INFO:colcon.colcon_core.shell:Creating package descriptor '/home/ironie/HornetXII_sims/install/dave_gz_world_plugins/share/dave_gz_world_plugins/package.dsv'
[64.561s] INFO:colcon.colcon_core.shell:Creating package script '/home/ironie/HornetXII_sims/install/dave_gz_world_plugins/share/dave_gz_world_plugins/package.sh'
[64.562s] INFO:colcon.colcon_core.shell:Creating package script '/home/ironie/HornetXII_sims/install/dave_gz_world_plugins/share/dave_gz_world_plugins/package.bash'
[64.562s] INFO:colcon.colcon_core.shell:Creating package script '/home/ironie/HornetXII_sims/install/dave_gz_world_plugins/share/dave_gz_world_plugins/package.zsh'
[64.562s] Level 1:colcon.colcon_core.environment:create_file_with_runtime_dependencies(/home/ironie/HornetXII_sims/install/dave_gz_world_plugins/share/colcon-core/packages/dave_gz_world_plugins)
[64.563s] Level 1:colcon.colcon_core.environment:create_environment_scripts_only(dave_gz_world_plugins)
[64.563s] Level 1:colcon.colcon_core.environment:checking '/home/ironie/HornetXII_sims/install/dave_gz_world_plugins' for CMake module files
[64.564s] Level 1:colcon.colcon_core.environment:checking '/home/ironie/HornetXII_sims/install/dave_gz_world_plugins' for CMake config files
[64.564s] Level 1:colcon.colcon_core.shell:create_environment_hook('dave_gz_world_plugins', 'cmake_prefix_path')
[64.564s] INFO:colcon.colcon_core.shell:Creating environment hook '/home/ironie/HornetXII_sims/install/dave_gz_world_plugins/share/dave_gz_world_plugins/hook/cmake_prefix_path.ps1'
[64.565s] INFO:colcon.colcon_core.shell:Creating environment descriptor '/home/ironie/HornetXII_sims/install/dave_gz_world_plugins/share/dave_gz_world_plugins/hook/cmake_prefix_path.dsv'
[64.566s] INFO:colcon.colcon_core.shell:Creating environment hook '/home/ironie/HornetXII_sims/install/dave_gz_world_plugins/share/dave_gz_world_plugins/hook/cmake_prefix_path.sh'
[64.567s] Level 1:colcon.colcon_core.environment:checking '/home/ironie/HornetXII_sims/install/dave_gz_world_plugins/lib'
[64.567s] Level 1:colcon.colcon_core.shell:create_environment_hook('dave_gz_world_plugins', 'ld_library_path_lib')
[64.568s] INFO:colcon.colcon_core.shell:Creating environment hook '/home/ironie/HornetXII_sims/install/dave_gz_world_plugins/share/dave_gz_world_plugins/hook/ld_library_path_lib.ps1'
[64.568s] INFO:colcon.colcon_core.shell:Creating environment descriptor '/home/ironie/HornetXII_sims/install/dave_gz_world_plugins/share/dave_gz_world_plugins/hook/ld_library_path_lib.dsv'
[64.569s] INFO:colcon.colcon_core.shell:Creating environment hook '/home/ironie/HornetXII_sims/install/dave_gz_world_plugins/share/dave_gz_world_plugins/hook/ld_library_path_lib.sh'
[64.570s] Level 1:colcon.colcon_core.environment:checking '/home/ironie/HornetXII_sims/install/dave_gz_world_plugins/bin'
[64.570s] Level 1:colcon.colcon_core.environment:checking '/home/ironie/HornetXII_sims/install/dave_gz_world_plugins/lib/pkgconfig/dave_gz_world_plugins.pc'
[64.570s] Level 1:colcon.colcon_core.environment:checking '/home/ironie/HornetXII_sims/install/dave_gz_world_plugins/lib/python3.12/site-packages'
[64.570s] Level 1:colcon.colcon_core.environment:checking '/home/ironie/HornetXII_sims/install/dave_gz_world_plugins/bin'
[64.570s] INFO:colcon.colcon_core.shell:Creating package script '/home/ironie/HornetXII_sims/install/dave_gz_world_plugins/share/dave_gz_world_plugins/package.ps1'
[64.571s] INFO:colcon.colcon_core.shell:Creating package descriptor '/home/ironie/HornetXII_sims/install/dave_gz_world_plugins/share/dave_gz_world_plugins/package.dsv'
[64.572s] INFO:colcon.colcon_core.shell:Creating package script '/home/ironie/HornetXII_sims/install/dave_gz_world_plugins/share/dave_gz_world_plugins/package.sh'
[64.572s] INFO:colcon.colcon_core.shell:Creating package script '/home/ironie/HornetXII_sims/install/dave_gz_world_plugins/share/dave_gz_world_plugins/package.bash'
[64.573s] INFO:colcon.colcon_core.shell:Creating package script '/home/ironie/HornetXII_sims/install/dave_gz_world_plugins/share/dave_gz_world_plugins/package.zsh'
[64.573s] Level 1:colcon.colcon_core.environment:create_file_with_runtime_dependencies(/home/ironie/HornetXII_sims/install/dave_gz_world_plugins/share/colcon-core/packages/dave_gz_world_plugins)
[64.573s] INFO:colcon.colcon_ros.task.ament_cmake.build:Building ROS package in '/home/ironie/HornetXII_sims/src/dave/gazebo/dave_ros_gz_plugins' with build type 'ament_cmake'
[64.574s] INFO:colcon.colcon_cmake.task.cmake.build:Building CMake package in '/home/ironie/HornetXII_sims/src/dave/gazebo/dave_ros_gz_plugins'
[64.574s] INFO:colcon.colcon_core.shell:Skip shell extension 'powershell' for command environment: Not usable outside of PowerShell
[64.574s] DEBUG:colcon.colcon_core.shell:Skip shell extension 'dsv' for command environment
[64.865s] DEBUG:colcon.colcon_core.event_handler.log_command:Invoking command in '/home/ironie/HornetXII_sims/build/dave_ros_gz_plugins': AMENT_PREFIX_PATH=/home/ironie/HornetXII_sims/install/dave_gz_world_plugins:/home/ironie/HornetXII_sims/install/dave_interfaces:${AMENT_PREFIX_PATH} CMAKE_PREFIX_PATH=/home/ironie/HornetXII_sims/install/dave_gz_world_plugins:/home/ironie/HornetXII_sims/install/dave_interfaces:/home/ironie/dave_ws/install/multibeam_sonar_system:/home/ironie/dave_ws/install/dave_worlds:/home/ironie/dave_ws/install/dave_sensor_models:/home/ironie/dave_ws/install/dave_robot_models:/home/ironie/dave_ws/install/dave_object_models:/home/ironie/dave_ws/install/dave_multibeam_sonar_demo:/home/ironie/dave_ws/install/dave_interfaces:/home/ironie/dave_ws/install/dave_demos:/home/ironie/dave_ws/install/auv_controls:/home/ironie/testGazebo/install/simulator:/opt/ros/jazzy/opt/gz_sim_vendor:/opt/ros/jazzy/opt/gz_sensors_vendor:/opt/ros/jazzy/opt/gz_physics_vendor:/opt/ros/jazzy/opt/sdformat_vendor:/opt/ros/jazzy/opt/gz_gui_vendor:/opt/ros/jazzy/opt/gz_transport_vendor:/opt/ros/jazzy/opt/gz_rendering_vendor:/opt/ros/jazzy/opt/gz_plugin_vendor:/opt/ros/jazzy/opt/gz_fuel_tools_vendor:/opt/ros/jazzy/opt/gz_msgs_vendor:/opt/ros/jazzy/opt/gz_common_vendor:/opt/ros/jazzy/opt/gz_math_vendor:/opt/ros/jazzy/opt/gz_utils_vendor:/opt/ros/jazzy/opt/gz_tools_vendor:/opt/ros/jazzy/opt/gz_ogre_next_vendor:/opt/ros/jazzy/opt/gz_dartsim_vendor:/opt/ros/jazzy/opt/gz_cmake_vendor:/home/ironie/assignment3/install/assignment3:/opt/ros/jazzy DEBUGINFOD_URLS=https://debuginfod.ubuntu.com LD_LIBRARY_PATH=/home/ironie/HornetXII_sims/install/dave_gz_world_plugins/lib:/home/ironie/HornetXII_sims/install/dave_interfaces/lib:${LD_LIBRARY_PATH} PYTHONPATH=/home/ironie/HornetXII_sims/install/dave_interfaces/lib/python3.12/site-packages:${PYTHONPATH} /usr/bin/cmake /home/ironie/HornetXII_sims/src/dave/gazebo/dave_ros_gz_plugins -DAMENT_CMAKE_SYMLINK_INSTALL=1 -DCMAKE_INSTALL_PREFIX=/home/ironie/HornetXII_sims/install/dave_ros_gz_plugins
[69.863s] DEBUG:colcon.colcon_core.event_handler.log_command:Invoked command in '/home/ironie/HornetXII_sims/build/dave_gz_sensor_plugins' returned '0': AMENT_PREFIX_PATH=/home/ironie/HornetXII_sims/install/dave_interfaces:${AMENT_PREFIX_PATH} CMAKE_PREFIX_PATH=/home/ironie/HornetXII_sims/install/dave_interfaces:/home/ironie/dave_ws/install/multibeam_sonar_system:/home/ironie/dave_ws/install/dave_worlds:/home/ironie/dave_ws/install/dave_sensor_models:/home/ironie/dave_ws/install/dave_robot_models:/home/ironie/dave_ws/install/dave_object_models:/home/ironie/dave_ws/install/dave_multibeam_sonar_demo:/home/ironie/dave_ws/install/dave_interfaces:/home/ironie/dave_ws/install/dave_demos:/home/ironie/dave_ws/install/auv_controls:/home/ironie/testGazebo/install/simulator:/opt/ros/jazzy/opt/gz_sim_vendor:/opt/ros/jazzy/opt/gz_sensors_vendor:/opt/ros/jazzy/opt/gz_physics_vendor:/opt/ros/jazzy/opt/sdformat_vendor:/opt/ros/jazzy/opt/gz_gui_vendor:/opt/ros/jazzy/opt/gz_transport_vendor:/opt/ros/jazzy/opt/gz_rendering_vendor:/opt/ros/jazzy/opt/gz_plugin_vendor:/opt/ros/jazzy/opt/gz_fuel_tools_vendor:/opt/ros/jazzy/opt/gz_msgs_vendor:/opt/ros/jazzy/opt/gz_common_vendor:/opt/ros/jazzy/opt/gz_math_vendor:/opt/ros/jazzy/opt/gz_utils_vendor:/opt/ros/jazzy/opt/gz_tools_vendor:/opt/ros/jazzy/opt/gz_ogre_next_vendor:/opt/ros/jazzy/opt/gz_dartsim_vendor:/opt/ros/jazzy/opt/gz_cmake_vendor:/home/ironie/assignment3/install/assignment3:/opt/ros/jazzy DEBUGINFOD_URLS=https://debuginfod.ubuntu.com LD_LIBRARY_PATH=/home/ironie/HornetXII_sims/install/dave_interfaces/lib:${LD_LIBRARY_PATH} PYTHONPATH=/home/ironie/HornetXII_sims/install/dave_interfaces/lib/python3.12/site-packages:${PYTHONPATH} /usr/bin/cmake --build /home/ironie/HornetXII_sims/build/dave_gz_sensor_plugins -- -j12 -l12
[69.865s] DEBUG:colcon.colcon_core.event_handler.log_command:Invoking command in '/home/ironie/HornetXII_sims/build/dave_gz_sensor_plugins': AMENT_PREFIX_PATH=/home/ironie/HornetXII_sims/install/dave_interfaces:${AMENT_PREFIX_PATH} CMAKE_PREFIX_PATH=/home/ironie/HornetXII_sims/install/dave_interfaces:/home/ironie/dave_ws/install/multibeam_sonar_system:/home/ironie/dave_ws/install/dave_worlds:/home/ironie/dave_ws/install/dave_sensor_models:/home/ironie/dave_ws/install/dave_robot_models:/home/ironie/dave_ws/install/dave_object_models:/home/ironie/dave_ws/install/dave_multibeam_sonar_demo:/home/ironie/dave_ws/install/dave_interfaces:/home/ironie/dave_ws/install/dave_demos:/home/ironie/dave_ws/install/auv_controls:/home/ironie/testGazebo/install/simulator:/opt/ros/jazzy/opt/gz_sim_vendor:/opt/ros/jazzy/opt/gz_sensors_vendor:/opt/ros/jazzy/opt/gz_physics_vendor:/opt/ros/jazzy/opt/sdformat_vendor:/opt/ros/jazzy/opt/gz_gui_vendor:/opt/ros/jazzy/opt/gz_transport_vendor:/opt/ros/jazzy/opt/gz_rendering_vendor:/opt/ros/jazzy/opt/gz_plugin_vendor:/opt/ros/jazzy/opt/gz_fuel_tools_vendor:/opt/ros/jazzy/opt/gz_msgs_vendor:/opt/ros/jazzy/opt/gz_common_vendor:/opt/ros/jazzy/opt/gz_math_vendor:/opt/ros/jazzy/opt/gz_utils_vendor:/opt/ros/jazzy/opt/gz_tools_vendor:/opt/ros/jazzy/opt/gz_ogre_next_vendor:/opt/ros/jazzy/opt/gz_dartsim_vendor:/opt/ros/jazzy/opt/gz_cmake_vendor:/home/ironie/assignment3/install/assignment3:/opt/ros/jazzy DEBUGINFOD_URLS=https://debuginfod.ubuntu.com LD_LIBRARY_PATH=/home/ironie/HornetXII_sims/install/dave_interfaces/lib:${LD_LIBRARY_PATH} PYTHONPATH=/home/ironie/HornetXII_sims/install/dave_interfaces/lib/python3.12/site-packages:${PYTHONPATH} /usr/bin/cmake --install /home/ironie/HornetXII_sims/build/dave_gz_sensor_plugins
[70.107s] Level 1:colcon.colcon_core.environment:create_environment_scripts_only(dave_gz_sensor_plugins)
[70.108s] DEBUG:colcon.colcon_core.event_handler.log_command:Invoked command in '/home/ironie/HornetXII_sims/build/dave_gz_sensor_plugins' returned '0': AMENT_PREFIX_PATH=/home/ironie/HornetXII_sims/install/dave_interfaces:${AMENT_PREFIX_PATH} CMAKE_PREFIX_PATH=/home/ironie/HornetXII_sims/install/dave_interfaces:/home/ironie/dave_ws/install/multibeam_sonar_system:/home/ironie/dave_ws/install/dave_worlds:/home/ironie/dave_ws/install/dave_sensor_models:/home/ironie/dave_ws/install/dave_robot_models:/home/ironie/dave_ws/install/dave_object_models:/home/ironie/dave_ws/install/dave_multibeam_sonar_demo:/home/ironie/dave_ws/install/dave_interfaces:/home/ironie/dave_ws/install/dave_demos:/home/ironie/dave_ws/install/auv_controls:/home/ironie/testGazebo/install/simulator:/opt/ros/jazzy/opt/gz_sim_vendor:/opt/ros/jazzy/opt/gz_sensors_vendor:/opt/ros/jazzy/opt/gz_physics_vendor:/opt/ros/jazzy/opt/sdformat_vendor:/opt/ros/jazzy/opt/gz_gui_vendor:/opt/ros/jazzy/opt/gz_transport_vendor:/opt/ros/jazzy/opt/gz_rendering_vendor:/opt/ros/jazzy/opt/gz_plugin_vendor:/opt/ros/jazzy/opt/gz_fuel_tools_vendor:/opt/ros/jazzy/opt/gz_msgs_vendor:/opt/ros/jazzy/opt/gz_common_vendor:/opt/ros/jazzy/opt/gz_math_vendor:/opt/ros/jazzy/opt/gz_utils_vendor:/opt/ros/jazzy/opt/gz_tools_vendor:/opt/ros/jazzy/opt/gz_ogre_next_vendor:/opt/ros/jazzy/opt/gz_dartsim_vendor:/opt/ros/jazzy/opt/gz_cmake_vendor:/home/ironie/assignment3/install/assignment3:/opt/ros/jazzy DEBUGINFOD_URLS=https://debuginfod.ubuntu.com LD_LIBRARY_PATH=/home/ironie/HornetXII_sims/install/dave_interfaces/lib:${LD_LIBRARY_PATH} PYTHONPATH=/home/ironie/HornetXII_sims/install/dave_interfaces/lib/python3.12/site-packages:${PYTHONPATH} /usr/bin/cmake --install /home/ironie/HornetXII_sims/build/dave_gz_sensor_plugins
[70.108s] Level 1:colcon.colcon_core.environment:checking '/home/ironie/HornetXII_sims/install/dave_gz_sensor_plugins' for CMake module files
[70.109s] Level 1:colcon.colcon_core.environment:checking '/home/ironie/HornetXII_sims/install/dave_gz_sensor_plugins' for CMake config files
[70.109s] Level 1:colcon.colcon_core.shell:create_environment_hook('dave_gz_sensor_plugins', 'cmake_prefix_path')
[70.109s] INFO:colcon.colcon_core.shell:Creating environment hook '/home/ironie/HornetXII_sims/install/dave_gz_sensor_plugins/share/dave_gz_sensor_plugins/hook/cmake_prefix_path.ps1'
[70.110s] INFO:colcon.colcon_core.shell:Creating environment descriptor '/home/ironie/HornetXII_sims/install/dave_gz_sensor_plugins/share/dave_gz_sensor_plugins/hook/cmake_prefix_path.dsv'
[70.110s] INFO:colcon.colcon_core.shell:Creating environment hook '/home/ironie/HornetXII_sims/install/dave_gz_sensor_plugins/share/dave_gz_sensor_plugins/hook/cmake_prefix_path.sh'
[70.111s] Level 1:colcon.colcon_core.environment:checking '/home/ironie/HornetXII_sims/install/dave_gz_sensor_plugins/lib'
[70.111s] Level 1:colcon.colcon_core.environment:checking '/home/ironie/HornetXII_sims/install/dave_gz_sensor_plugins/bin'
[70.111s] Level 1:colcon.colcon_core.environment:checking '/home/ironie/HornetXII_sims/install/dave_gz_sensor_plugins/lib/pkgconfig/dave_gz_sensor_plugins.pc'
[70.111s] Level 1:colcon.colcon_core.environment:checking '/home/ironie/HornetXII_sims/install/dave_gz_sensor_plugins/lib/python3.12/site-packages'
[70.111s] Level 1:colcon.colcon_core.environment:checking '/home/ironie/HornetXII_sims/install/dave_gz_sensor_plugins/bin'
[70.112s] INFO:colcon.colcon_core.shell:Creating package script '/home/ironie/HornetXII_sims/install/dave_gz_sensor_plugins/share/dave_gz_sensor_plugins/package.ps1'
[70.112s] INFO:colcon.colcon_core.shell:Creating package descriptor '/home/ironie/HornetXII_sims/install/dave_gz_sensor_plugins/share/dave_gz_sensor_plugins/package.dsv'
[70.112s] INFO:colcon.colcon_core.shell:Creating package script '/home/ironie/HornetXII_sims/install/dave_gz_sensor_plugins/share/dave_gz_sensor_plugins/package.sh'
[70.113s] INFO:colcon.colcon_core.shell:Creating package script '/home/ironie/HornetXII_sims/install/dave_gz_sensor_plugins/share/dave_gz_sensor_plugins/package.bash'
[70.113s] INFO:colcon.colcon_core.shell:Creating package script '/home/ironie/HornetXII_sims/install/dave_gz_sensor_plugins/share/dave_gz_sensor_plugins/package.zsh'
[70.113s] Level 1:colcon.colcon_core.environment:create_file_with_runtime_dependencies(/home/ironie/HornetXII_sims/install/dave_gz_sensor_plugins/share/colcon-core/packages/dave_gz_sensor_plugins)
[70.114s] Level 1:colcon.colcon_core.environment:create_environment_scripts_only(dave_gz_sensor_plugins)
[70.114s] Level 1:colcon.colcon_core.environment:checking '/home/ironie/HornetXII_sims/install/dave_gz_sensor_plugins' for CMake module files
[70.115s] Level 1:colcon.colcon_core.environment:checking '/home/ironie/HornetXII_sims/install/dave_gz_sensor_plugins' for CMake config files
[70.115s] Level 1:colcon.colcon_core.shell:create_environment_hook('dave_gz_sensor_plugins', 'cmake_prefix_path')
[70.116s] INFO:colcon.colcon_core.shell:Creating environment hook '/home/ironie/HornetXII_sims/install/dave_gz_sensor_plugins/share/dave_gz_sensor_plugins/hook/cmake_prefix_path.ps1'
[70.116s] INFO:colcon.colcon_core.shell:Creating environment descriptor '/home/ironie/HornetXII_sims/install/dave_gz_sensor_plugins/share/dave_gz_sensor_plugins/hook/cmake_prefix_path.dsv'
[70.117s] INFO:colcon.colcon_core.shell:Creating environment hook '/home/ironie/HornetXII_sims/install/dave_gz_sensor_plugins/share/dave_gz_sensor_plugins/hook/cmake_prefix_path.sh'
[70.117s] Level 1:colcon.colcon_core.environment:checking '/home/ironie/HornetXII_sims/install/dave_gz_sensor_plugins/lib'
[70.117s] Level 1:colcon.colcon_core.environment:checking '/home/ironie/HornetXII_sims/install/dave_gz_sensor_plugins/bin'
[70.118s] Level 1:colcon.colcon_core.environment:checking '/home/ironie/HornetXII_sims/install/dave_gz_sensor_plugins/lib/pkgconfig/dave_gz_sensor_plugins.pc'
[70.118s] Level 1:colcon.colcon_core.environment:checking '/home/ironie/HornetXII_sims/install/dave_gz_sensor_plugins/lib/python3.12/site-packages'
[70.118s] Level 1:colcon.colcon_core.environment:checking '/home/ironie/HornetXII_sims/install/dave_gz_sensor_plugins/bin'
[70.118s] INFO:colcon.colcon_core.shell:Creating package script '/home/ironie/HornetXII_sims/install/dave_gz_sensor_plugins/share/dave_gz_sensor_plugins/package.ps1'
[70.119s] INFO:colcon.colcon_core.shell:Creating package descriptor '/home/ironie/HornetXII_sims/install/dave_gz_sensor_plugins/share/dave_gz_sensor_plugins/package.dsv'
[70.120s] INFO:colcon.colcon_core.shell:Creating package script '/home/ironie/HornetXII_sims/install/dave_gz_sensor_plugins/share/dave_gz_sensor_plugins/package.sh'
[70.120s] INFO:colcon.colcon_core.shell:Creating package script '/home/ironie/HornetXII_sims/install/dave_gz_sensor_plugins/share/dave_gz_sensor_plugins/package.bash'
[70.121s] INFO:colcon.colcon_core.shell:Creating package script '/home/ironie/HornetXII_sims/install/dave_gz_sensor_plugins/share/dave_gz_sensor_plugins/package.zsh'
[70.121s] Level 1:colcon.colcon_core.environment:create_file_with_runtime_dependencies(/home/ironie/HornetXII_sims/install/dave_gz_sensor_plugins/share/colcon-core/packages/dave_gz_sensor_plugins)
[83.208s] DEBUG:colcon.colcon_core.event_handler.log_command:Invoked command in '/home/ironie/HornetXII_sims/build/dave_ros_gz_plugins' returned '0': AMENT_PREFIX_PATH=/home/ironie/HornetXII_sims/install/dave_gz_world_plugins:/home/ironie/HornetXII_sims/install/dave_interfaces:${AMENT_PREFIX_PATH} CMAKE_PREFIX_PATH=/home/ironie/HornetXII_sims/install/dave_gz_world_plugins:/home/ironie/HornetXII_sims/install/dave_interfaces:/home/ironie/dave_ws/install/multibeam_sonar_system:/home/ironie/dave_ws/install/dave_worlds:/home/ironie/dave_ws/install/dave_sensor_models:/home/ironie/dave_ws/install/dave_robot_models:/home/ironie/dave_ws/install/dave_object_models:/home/ironie/dave_ws/install/dave_multibeam_sonar_demo:/home/ironie/dave_ws/install/dave_interfaces:/home/ironie/dave_ws/install/dave_demos:/home/ironie/dave_ws/install/auv_controls:/home/ironie/testGazebo/install/simulator:/opt/ros/jazzy/opt/gz_sim_vendor:/opt/ros/jazzy/opt/gz_sensors_vendor:/opt/ros/jazzy/opt/gz_physics_vendor:/opt/ros/jazzy/opt/sdformat_vendor:/opt/ros/jazzy/opt/gz_gui_vendor:/opt/ros/jazzy/opt/gz_transport_vendor:/opt/ros/jazzy/opt/gz_rendering_vendor:/opt/ros/jazzy/opt/gz_plugin_vendor:/opt/ros/jazzy/opt/gz_fuel_tools_vendor:/opt/ros/jazzy/opt/gz_msgs_vendor:/opt/ros/jazzy/opt/gz_common_vendor:/opt/ros/jazzy/opt/gz_math_vendor:/opt/ros/jazzy/opt/gz_utils_vendor:/opt/ros/jazzy/opt/gz_tools_vendor:/opt/ros/jazzy/opt/gz_ogre_next_vendor:/opt/ros/jazzy/opt/gz_dartsim_vendor:/opt/ros/jazzy/opt/gz_cmake_vendor:/home/ironie/assignment3/install/assignment3:/opt/ros/jazzy DEBUGINFOD_URLS=https://debuginfod.ubuntu.com LD_LIBRARY_PATH=/home/ironie/HornetXII_sims/install/dave_gz_world_plugins/lib:/home/ironie/HornetXII_sims/install/dave_interfaces/lib:${LD_LIBRARY_PATH} PYTHONPATH=/home/ironie/HornetXII_sims/install/dave_interfaces/lib/python3.12/site-packages:${PYTHONPATH} /usr/bin/cmake /home/ironie/HornetXII_sims/src/dave/gazebo/dave_ros_gz_plugins -DAMENT_CMAKE_SYMLINK_INSTALL=1 -DCMAKE_INSTALL_PREFIX=/home/ironie/HornetXII_sims/install/dave_ros_gz_plugins
[83.211s] DEBUG:colcon.colcon_core.event_handler.log_command:Invoking command in '/home/ironie/HornetXII_sims/build/dave_ros_gz_plugins': AMENT_PREFIX_PATH=/home/ironie/HornetXII_sims/install/dave_gz_world_plugins:/home/ironie/HornetXII_sims/install/dave_interfaces:${AMENT_PREFIX_PATH} CMAKE_PREFIX_PATH=/home/ironie/HornetXII_sims/install/dave_gz_world_plugins:/home/ironie/HornetXII_sims/install/dave_interfaces:/home/ironie/dave_ws/install/multibeam_sonar_system:/home/ironie/dave_ws/install/dave_worlds:/home/ironie/dave_ws/install/dave_sensor_models:/home/ironie/dave_ws/install/dave_robot_models:/home/ironie/dave_ws/install/dave_object_models:/home/ironie/dave_ws/install/dave_multibeam_sonar_demo:/home/ironie/dave_ws/install/dave_interfaces:/home/ironie/dave_ws/install/dave_demos:/home/ironie/dave_ws/install/auv_controls:/home/ironie/testGazebo/install/simulator:/opt/ros/jazzy/opt/gz_sim_vendor:/opt/ros/jazzy/opt/gz_sensors_vendor:/opt/ros/jazzy/opt/gz_physics_vendor:/opt/ros/jazzy/opt/sdformat_vendor:/opt/ros/jazzy/opt/gz_gui_vendor:/opt/ros/jazzy/opt/gz_transport_vendor:/opt/ros/jazzy/opt/gz_rendering_vendor:/opt/ros/jazzy/opt/gz_plugin_vendor:/opt/ros/jazzy/opt/gz_fuel_tools_vendor:/opt/ros/jazzy/opt/gz_msgs_vendor:/opt/ros/jazzy/opt/gz_common_vendor:/opt/ros/jazzy/opt/gz_math_vendor:/opt/ros/jazzy/opt/gz_utils_vendor:/opt/ros/jazzy/opt/gz_tools_vendor:/opt/ros/jazzy/opt/gz_ogre_next_vendor:/opt/ros/jazzy/opt/gz_dartsim_vendor:/opt/ros/jazzy/opt/gz_cmake_vendor:/home/ironie/assignment3/install/assignment3:/opt/ros/jazzy DEBUGINFOD_URLS=https://debuginfod.ubuntu.com LD_LIBRARY_PATH=/home/ironie/HornetXII_sims/install/dave_gz_world_plugins/lib:/home/ironie/HornetXII_sims/install/dave_interfaces/lib:${LD_LIBRARY_PATH} PYTHONPATH=/home/ironie/HornetXII_sims/install/dave_interfaces/lib/python3.12/site-packages:${PYTHONPATH} /usr/bin/cmake --build /home/ironie/HornetXII_sims/build/dave_ros_gz_plugins -- -j12 -l12
[101.643s] DEBUG:colcon.colcon_core.event_handler.log_command:Invoked command in '/home/ironie/HornetXII_sims/build/dave_ros_gz_plugins' returned '0': AMENT_PREFIX_PATH=/home/ironie/HornetXII_sims/install/dave_gz_world_plugins:/home/ironie/HornetXII_sims/install/dave_interfaces:${AMENT_PREFIX_PATH} CMAKE_PREFIX_PATH=/home/ironie/HornetXII_sims/install/dave_gz_world_plugins:/home/ironie/HornetXII_sims/install/dave_interfaces:/home/ironie/dave_ws/install/multibeam_sonar_system:/home/ironie/dave_ws/install/dave_worlds:/home/ironie/dave_ws/install/dave_sensor_models:/home/ironie/dave_ws/install/dave_robot_models:/home/ironie/dave_ws/install/dave_object_models:/home/ironie/dave_ws/install/dave_multibeam_sonar_demo:/home/ironie/dave_ws/install/dave_interfaces:/home/ironie/dave_ws/install/dave_demos:/home/ironie/dave_ws/install/auv_controls:/home/ironie/testGazebo/install/simulator:/opt/ros/jazzy/opt/gz_sim_vendor:/opt/ros/jazzy/opt/gz_sensors_vendor:/opt/ros/jazzy/opt/gz_physics_vendor:/opt/ros/jazzy/opt/sdformat_vendor:/opt/ros/jazzy/opt/gz_gui_vendor:/opt/ros/jazzy/opt/gz_transport_vendor:/opt/ros/jazzy/opt/gz_rendering_vendor:/opt/ros/jazzy/opt/gz_plugin_vendor:/opt/ros/jazzy/opt/gz_fuel_tools_vendor:/opt/ros/jazzy/opt/gz_msgs_vendor:/opt/ros/jazzy/opt/gz_common_vendor:/opt/ros/jazzy/opt/gz_math_vendor:/opt/ros/jazzy/opt/gz_utils_vendor:/opt/ros/jazzy/opt/gz_tools_vendor:/opt/ros/jazzy/opt/gz_ogre_next_vendor:/opt/ros/jazzy/opt/gz_dartsim_vendor:/opt/ros/jazzy/opt/gz_cmake_vendor:/home/ironie/assignment3/install/assignment3:/opt/ros/jazzy DEBUGINFOD_URLS=https://debuginfod.ubuntu.com LD_LIBRARY_PATH=/home/ironie/HornetXII_sims/install/dave_gz_world_plugins/lib:/home/ironie/HornetXII_sims/install/dave_interfaces/lib:${LD_LIBRARY_PATH} PYTHONPATH=/home/ironie/HornetXII_sims/install/dave_interfaces/lib/python3.12/site-packages:${PYTHONPATH} /usr/bin/cmake --build /home/ironie/HornetXII_sims/build/dave_ros_gz_plugins -- -j12 -l12
[101.647s] DEBUG:colcon.colcon_core.event_handler.log_command:Invoking command in '/home/ironie/HornetXII_sims/build/dave_ros_gz_plugins': AMENT_PREFIX_PATH=/home/ironie/HornetXII_sims/install/dave_gz_world_plugins:/home/ironie/HornetXII_sims/install/dave_interfaces:${AMENT_PREFIX_PATH} CMAKE_PREFIX_PATH=/home/ironie/HornetXII_sims/install/dave_gz_world_plugins:/home/ironie/HornetXII_sims/install/dave_interfaces:/home/ironie/dave_ws/install/multibeam_sonar_system:/home/ironie/dave_ws/install/dave_worlds:/home/ironie/dave_ws/install/dave_sensor_models:/home/ironie/dave_ws/install/dave_robot_models:/home/ironie/dave_ws/install/dave_object_models:/home/ironie/dave_ws/install/dave_multibeam_sonar_demo:/home/ironie/dave_ws/install/dave_interfaces:/home/ironie/dave_ws/install/dave_demos:/home/ironie/dave_ws/install/auv_controls:/home/ironie/testGazebo/install/simulator:/opt/ros/jazzy/opt/gz_sim_vendor:/opt/ros/jazzy/opt/gz_sensors_vendor:/opt/ros/jazzy/opt/gz_physics_vendor:/opt/ros/jazzy/opt/sdformat_vendor:/opt/ros/jazzy/opt/gz_gui_vendor:/opt/ros/jazzy/opt/gz_transport_vendor:/opt/ros/jazzy/opt/gz_rendering_vendor:/opt/ros/jazzy/opt/gz_plugin_vendor:/opt/ros/jazzy/opt/gz_fuel_tools_vendor:/opt/ros/jazzy/opt/gz_msgs_vendor:/opt/ros/jazzy/opt/gz_common_vendor:/opt/ros/jazzy/opt/gz_math_vendor:/opt/ros/jazzy/opt/gz_utils_vendor:/opt/ros/jazzy/opt/gz_tools_vendor:/opt/ros/jazzy/opt/gz_ogre_next_vendor:/opt/ros/jazzy/opt/gz_dartsim_vendor:/opt/ros/jazzy/opt/gz_cmake_vendor:/home/ironie/assignment3/install/assignment3:/opt/ros/jazzy DEBUGINFOD_URLS=https://debuginfod.ubuntu.com LD_LIBRARY_PATH=/home/ironie/HornetXII_sims/install/dave_gz_world_plugins/lib:/home/ironie/HornetXII_sims/install/dave_interfaces/lib:${LD_LIBRARY_PATH} PYTHONPATH=/home/ironie/HornetXII_sims/install/dave_interfaces/lib/python3.12/site-packages:${PYTHONPATH} /usr/bin/cmake --install /home/ironie/HornetXII_sims/build/dave_ros_gz_plugins
[101.908s] Level 1:colcon.colcon_core.environment:create_environment_scripts_only(dave_ros_gz_plugins)
[101.908s] DEBUG:colcon.colcon_core.event_handler.log_command:Invoked command in '/home/ironie/HornetXII_sims/build/dave_ros_gz_plugins' returned '0': AMENT_PREFIX_PATH=/home/ironie/HornetXII_sims/install/dave_gz_world_plugins:/home/ironie/HornetXII_sims/install/dave_interfaces:${AMENT_PREFIX_PATH} CMAKE_PREFIX_PATH=/home/ironie/HornetXII_sims/install/dave_gz_world_plugins:/home/ironie/HornetXII_sims/install/dave_interfaces:/home/ironie/dave_ws/install/multibeam_sonar_system:/home/ironie/dave_ws/install/dave_worlds:/home/ironie/dave_ws/install/dave_sensor_models:/home/ironie/dave_ws/install/dave_robot_models:/home/ironie/dave_ws/install/dave_object_models:/home/ironie/dave_ws/install/dave_multibeam_sonar_demo:/home/ironie/dave_ws/install/dave_interfaces:/home/ironie/dave_ws/install/dave_demos:/home/ironie/dave_ws/install/auv_controls:/home/ironie/testGazebo/install/simulator:/opt/ros/jazzy/opt/gz_sim_vendor:/opt/ros/jazzy/opt/gz_sensors_vendor:/opt/ros/jazzy/opt/gz_physics_vendor:/opt/ros/jazzy/opt/sdformat_vendor:/opt/ros/jazzy/opt/gz_gui_vendor:/opt/ros/jazzy/opt/gz_transport_vendor:/opt/ros/jazzy/opt/gz_rendering_vendor:/opt/ros/jazzy/opt/gz_plugin_vendor:/opt/ros/jazzy/opt/gz_fuel_tools_vendor:/opt/ros/jazzy/opt/gz_msgs_vendor:/opt/ros/jazzy/opt/gz_common_vendor:/opt/ros/jazzy/opt/gz_math_vendor:/opt/ros/jazzy/opt/gz_utils_vendor:/opt/ros/jazzy/opt/gz_tools_vendor:/opt/ros/jazzy/opt/gz_ogre_next_vendor:/opt/ros/jazzy/opt/gz_dartsim_vendor:/opt/ros/jazzy/opt/gz_cmake_vendor:/home/ironie/assignment3/install/assignment3:/opt/ros/jazzy DEBUGINFOD_URLS=https://debuginfod.ubuntu.com LD_LIBRARY_PATH=/home/ironie/HornetXII_sims/install/dave_gz_world_plugins/lib:/home/ironie/HornetXII_sims/install/dave_interfaces/lib:${LD_LIBRARY_PATH} PYTHONPATH=/home/ironie/HornetXII_sims/install/dave_interfaces/lib/python3.12/site-packages:${PYTHONPATH} /usr/bin/cmake --install /home/ironie/HornetXII_sims/build/dave_ros_gz_plugins
[101.909s] Level 1:colcon.colcon_core.environment:checking '/home/ironie/HornetXII_sims/install/dave_ros_gz_plugins' for CMake module files
[101.910s] Level 1:colcon.colcon_core.environment:checking '/home/ironie/HornetXII_sims/install/dave_ros_gz_plugins' for CMake config files
[101.910s] Level 1:colcon.colcon_core.shell:create_environment_hook('dave_ros_gz_plugins', 'cmake_prefix_path')
[101.910s] INFO:colcon.colcon_core.shell:Creating environment hook '/home/ironie/HornetXII_sims/install/dave_ros_gz_plugins/share/dave_ros_gz_plugins/hook/cmake_prefix_path.ps1'
[101.912s] INFO:colcon.colcon_core.shell:Creating environment descriptor '/home/ironie/HornetXII_sims/install/dave_ros_gz_plugins/share/dave_ros_gz_plugins/hook/cmake_prefix_path.dsv'
[101.912s] INFO:colcon.colcon_core.shell:Creating environment hook '/home/ironie/HornetXII_sims/install/dave_ros_gz_plugins/share/dave_ros_gz_plugins/hook/cmake_prefix_path.sh'
[101.913s] Level 1:colcon.colcon_core.environment:checking '/home/ironie/HornetXII_sims/install/dave_ros_gz_plugins/lib'
[101.913s] Level 1:colcon.colcon_core.shell:create_environment_hook('dave_ros_gz_plugins', 'ld_library_path_lib')
[101.913s] INFO:colcon.colcon_core.shell:Creating environment hook '/home/ironie/HornetXII_sims/install/dave_ros_gz_plugins/share/dave_ros_gz_plugins/hook/ld_library_path_lib.ps1'
[101.914s] INFO:colcon.colcon_core.shell:Creating environment descriptor '/home/ironie/HornetXII_sims/install/dave_ros_gz_plugins/share/dave_ros_gz_plugins/hook/ld_library_path_lib.dsv'
[101.914s] INFO:colcon.colcon_core.shell:Creating environment hook '/home/ironie/HornetXII_sims/install/dave_ros_gz_plugins/share/dave_ros_gz_plugins/hook/ld_library_path_lib.sh'
[101.914s] Level 1:colcon.colcon_core.environment:checking '/home/ironie/HornetXII_sims/install/dave_ros_gz_plugins/bin'
[101.914s] Level 1:colcon.colcon_core.environment:checking '/home/ironie/HornetXII_sims/install/dave_ros_gz_plugins/lib/pkgconfig/dave_ros_gz_plugins.pc'
[101.915s] Level 1:colcon.colcon_core.environment:checking '/home/ironie/HornetXII_sims/install/dave_ros_gz_plugins/lib/python3.12/site-packages'
[101.915s] Level 1:colcon.colcon_core.environment:checking '/home/ironie/HornetXII_sims/install/dave_ros_gz_plugins/bin'
[101.915s] INFO:colcon.colcon_core.shell:Creating package script '/home/ironie/HornetXII_sims/install/dave_ros_gz_plugins/share/dave_ros_gz_plugins/package.ps1'
[101.916s] INFO:colcon.colcon_core.shell:Creating package descriptor '/home/ironie/HornetXII_sims/install/dave_ros_gz_plugins/share/dave_ros_gz_plugins/package.dsv'
[101.917s] INFO:colcon.colcon_core.shell:Creating package script '/home/ironie/HornetXII_sims/install/dave_ros_gz_plugins/share/dave_ros_gz_plugins/package.sh'
[101.917s] INFO:colcon.colcon_core.shell:Creating package script '/home/ironie/HornetXII_sims/install/dave_ros_gz_plugins/share/dave_ros_gz_plugins/package.bash'
[101.917s] INFO:colcon.colcon_core.shell:Creating package script '/home/ironie/HornetXII_sims/install/dave_ros_gz_plugins/share/dave_ros_gz_plugins/package.zsh'
[101.918s] Level 1:colcon.colcon_core.environment:create_file_with_runtime_dependencies(/home/ironie/HornetXII_sims/install/dave_ros_gz_plugins/share/colcon-core/packages/dave_ros_gz_plugins)
[101.919s] Level 1:colcon.colcon_core.environment:create_environment_scripts_only(dave_ros_gz_plugins)
[101.919s] Level 1:colcon.colcon_core.environment:checking '/home/ironie/HornetXII_sims/install/dave_ros_gz_plugins' for CMake module files
[101.920s] Level 1:colcon.colcon_core.environment:checking '/home/ironie/HornetXII_sims/install/dave_ros_gz_plugins' for CMake config files
[101.920s] Level 1:colcon.colcon_core.shell:create_environment_hook('dave_ros_gz_plugins', 'cmake_prefix_path')
[101.920s] INFO:colcon.colcon_core.shell:Creating environment hook '/home/ironie/HornetXII_sims/install/dave_ros_gz_plugins/share/dave_ros_gz_plugins/hook/cmake_prefix_path.ps1'
[101.921s] INFO:colcon.colcon_core.shell:Creating environment descriptor '/home/ironie/HornetXII_sims/install/dave_ros_gz_plugins/share/dave_ros_gz_plugins/hook/cmake_prefix_path.dsv'
[101.921s] INFO:colcon.colcon_core.shell:Creating environment hook '/home/ironie/HornetXII_sims/install/dave_ros_gz_plugins/share/dave_ros_gz_plugins/hook/cmake_prefix_path.sh'
[101.922s] Level 1:colcon.colcon_core.environment:checking '/home/ironie/HornetXII_sims/install/dave_ros_gz_plugins/lib'
[101.922s] Level 1:colcon.colcon_core.shell:create_environment_hook('dave_ros_gz_plugins', 'ld_library_path_lib')
[101.922s] INFO:colcon.colcon_core.shell:Creating environment hook '/home/ironie/HornetXII_sims/install/dave_ros_gz_plugins/share/dave_ros_gz_plugins/hook/ld_library_path_lib.ps1'
[101.922s] INFO:colcon.colcon_core.shell:Creating environment descriptor '/home/ironie/HornetXII_sims/install/dave_ros_gz_plugins/share/dave_ros_gz_plugins/hook/ld_library_path_lib.dsv'
[101.922s] INFO:colcon.colcon_core.shell:Creating environment hook '/home/ironie/HornetXII_sims/install/dave_ros_gz_plugins/share/dave_ros_gz_plugins/hook/ld_library_path_lib.sh'
[101.923s] Level 1:colcon.colcon_core.environment:checking '/home/ironie/HornetXII_sims/install/dave_ros_gz_plugins/bin'
[101.923s] Level 1:colcon.colcon_core.environment:checking '/home/ironie/HornetXII_sims/install/dave_ros_gz_plugins/lib/pkgconfig/dave_ros_gz_plugins.pc'
[101.923s] Level 1:colcon.colcon_core.environment:checking '/home/ironie/HornetXII_sims/install/dave_ros_gz_plugins/lib/python3.12/site-packages'
[101.923s] Level 1:colcon.colcon_core.environment:checking '/home/ironie/HornetXII_sims/install/dave_ros_gz_plugins/bin'
[101.923s] INFO:colcon.colcon_core.shell:Creating package script '/home/ironie/HornetXII_sims/install/dave_ros_gz_plugins/share/dave_ros_gz_plugins/package.ps1'
[101.924s] INFO:colcon.colcon_core.shell:Creating package descriptor '/home/ironie/HornetXII_sims/install/dave_ros_gz_plugins/share/dave_ros_gz_plugins/package.dsv'
[101.925s] INFO:colcon.colcon_core.shell:Creating package script '/home/ironie/HornetXII_sims/install/dave_ros_gz_plugins/share/dave_ros_gz_plugins/package.sh'
[101.925s] INFO:colcon.colcon_core.shell:Creating package script '/home/ironie/HornetXII_sims/install/dave_ros_gz_plugins/share/dave_ros_gz_plugins/package.bash'
[101.926s] INFO:colcon.colcon_core.shell:Creating package script '/home/ironie/HornetXII_sims/install/dave_ros_gz_plugins/share/dave_ros_gz_plugins/package.zsh'
[101.926s] Level 1:colcon.colcon_core.environment:create_file_with_runtime_dependencies(/home/ironie/HornetXII_sims/install/dave_ros_gz_plugins/share/colcon-core/packages/dave_ros_gz_plugins)
[101.926s] INFO:colcon.colcon_ros.task.ament_cmake.build:Building ROS package in '/home/ironie/HornetXII_sims/src/dave/gazebo/dave_gz_model_plugins' with build type 'ament_cmake'
[101.926s] INFO:colcon.colcon_cmake.task.cmake.build:Building CMake package in '/home/ironie/HornetXII_sims/src/dave/gazebo/dave_gz_model_plugins'
[101.927s] INFO:colcon.colcon_core.shell:Skip shell extension 'powershell' for command environment: Not usable outside of PowerShell
[101.927s] DEBUG:colcon.colcon_core.shell:Skip shell extension 'dsv' for command environment
[102.273s] DEBUG:colcon.colcon_core.event_handler.log_command:Invoking command in '/home/ironie/HornetXII_sims/build/dave_gz_model_plugins': AMENT_PREFIX_PATH=/home/ironie/HornetXII_sims/install/dave_ros_gz_plugins:/home/ironie/HornetXII_sims/install/dave_gz_world_plugins:/home/ironie/HornetXII_sims/install/dave_interfaces:${AMENT_PREFIX_PATH} CMAKE_PREFIX_PATH=/home/ironie/HornetXII_sims/install/dave_ros_gz_plugins:/home/ironie/HornetXII_sims/install/dave_gz_world_plugins:/home/ironie/HornetXII_sims/install/dave_interfaces:/home/ironie/dave_ws/install/multibeam_sonar_system:/home/ironie/dave_ws/install/dave_worlds:/home/ironie/dave_ws/install/dave_sensor_models:/home/ironie/dave_ws/install/dave_robot_models:/home/ironie/dave_ws/install/dave_object_models:/home/ironie/dave_ws/install/dave_multibeam_sonar_demo:/home/ironie/dave_ws/install/dave_interfaces:/home/ironie/dave_ws/install/dave_demos:/home/ironie/dave_ws/install/auv_controls:/home/ironie/testGazebo/install/simulator:/opt/ros/jazzy/opt/gz_sim_vendor:/opt/ros/jazzy/opt/gz_sensors_vendor:/opt/ros/jazzy/opt/gz_physics_vendor:/opt/ros/jazzy/opt/sdformat_vendor:/opt/ros/jazzy/opt/gz_gui_vendor:/opt/ros/jazzy/opt/gz_transport_vendor:/opt/ros/jazzy/opt/gz_rendering_vendor:/opt/ros/jazzy/opt/gz_plugin_vendor:/opt/ros/jazzy/opt/gz_fuel_tools_vendor:/opt/ros/jazzy/opt/gz_msgs_vendor:/opt/ros/jazzy/opt/gz_common_vendor:/opt/ros/jazzy/opt/gz_math_vendor:/opt/ros/jazzy/opt/gz_utils_vendor:/opt/ros/jazzy/opt/gz_tools_vendor:/opt/ros/jazzy/opt/gz_ogre_next_vendor:/opt/ros/jazzy/opt/gz_dartsim_vendor:/opt/ros/jazzy/opt/gz_cmake_vendor:/home/ironie/assignment3/install/assignment3:/opt/ros/jazzy DEBUGINFOD_URLS=https://debuginfod.ubuntu.com LD_LIBRARY_PATH=/home/ironie/HornetXII_sims/install/dave_ros_gz_plugins/lib:/home/ironie/HornetXII_sims/install/dave_gz_world_plugins/lib:/home/ironie/HornetXII_sims/install/dave_interfaces/lib:${LD_LIBRARY_PATH} PYTHONPATH=/home/ironie/HornetXII_sims/install/dave_interfaces/lib/python3.12/site-packages:${PYTHONPATH} /usr/bin/cmake /home/ironie/HornetXII_sims/src/dave/gazebo/dave_gz_model_plugins -DAMENT_CMAKE_SYMLINK_INSTALL=1 -DCMAKE_INSTALL_PREFIX=/home/ironie/HornetXII_sims/install/dave_gz_model_plugins
[119.848s] DEBUG:colcon.colcon_core.event_handler.log_command:Invoked command in '/home/ironie/HornetXII_sims/build/dave_gz_model_plugins' returned '0': AMENT_PREFIX_PATH=/home/ironie/HornetXII_sims/install/dave_ros_gz_plugins:/home/ironie/HornetXII_sims/install/dave_gz_world_plugins:/home/ironie/HornetXII_sims/install/dave_interfaces:${AMENT_PREFIX_PATH} CMAKE_PREFIX_PATH=/home/ironie/HornetXII_sims/install/dave_ros_gz_plugins:/home/ironie/HornetXII_sims/install/dave_gz_world_plugins:/home/ironie/HornetXII_sims/install/dave_interfaces:/home/ironie/dave_ws/install/multibeam_sonar_system:/home/ironie/dave_ws/install/dave_worlds:/home/ironie/dave_ws/install/dave_sensor_models:/home/ironie/dave_ws/install/dave_robot_models:/home/ironie/dave_ws/install/dave_object_models:/home/ironie/dave_ws/install/dave_multibeam_sonar_demo:/home/ironie/dave_ws/install/dave_interfaces:/home/ironie/dave_ws/install/dave_demos:/home/ironie/dave_ws/install/auv_controls:/home/ironie/testGazebo/install/simulator:/opt/ros/jazzy/opt/gz_sim_vendor:/opt/ros/jazzy/opt/gz_sensors_vendor:/opt/ros/jazzy/opt/gz_physics_vendor:/opt/ros/jazzy/opt/sdformat_vendor:/opt/ros/jazzy/opt/gz_gui_vendor:/opt/ros/jazzy/opt/gz_transport_vendor:/opt/ros/jazzy/opt/gz_rendering_vendor:/opt/ros/jazzy/opt/gz_plugin_vendor:/opt/ros/jazzy/opt/gz_fuel_tools_vendor:/opt/ros/jazzy/opt/gz_msgs_vendor:/opt/ros/jazzy/opt/gz_common_vendor:/opt/ros/jazzy/opt/gz_math_vendor:/opt/ros/jazzy/opt/gz_utils_vendor:/opt/ros/jazzy/opt/gz_tools_vendor:/opt/ros/jazzy/opt/gz_ogre_next_vendor:/opt/ros/jazzy/opt/gz_dartsim_vendor:/opt/ros/jazzy/opt/gz_cmake_vendor:/home/ironie/assignment3/install/assignment3:/opt/ros/jazzy DEBUGINFOD_URLS=https://debuginfod.ubuntu.com LD_LIBRARY_PATH=/home/ironie/HornetXII_sims/install/dave_ros_gz_plugins/lib:/home/ironie/HornetXII_sims/install/dave_gz_world_plugins/lib:/home/ironie/HornetXII_sims/install/dave_interfaces/lib:${LD_LIBRARY_PATH} PYTHONPATH=/home/ironie/HornetXII_sims/install/dave_interfaces/lib/python3.12/site-packages:${PYTHONPATH} /usr/bin/cmake /home/ironie/HornetXII_sims/src/dave/gazebo/dave_gz_model_plugins -DAMENT_CMAKE_SYMLINK_INSTALL=1 -DCMAKE_INSTALL_PREFIX=/home/ironie/HornetXII_sims/install/dave_gz_model_plugins
[119.849s] DEBUG:colcon.colcon_core.event_handler.log_command:Invoking command in '/home/ironie/HornetXII_sims/build/dave_gz_model_plugins': AMENT_PREFIX_PATH=/home/ironie/HornetXII_sims/install/dave_ros_gz_plugins:/home/ironie/HornetXII_sims/install/dave_gz_world_plugins:/home/ironie/HornetXII_sims/install/dave_interfaces:${AMENT_PREFIX_PATH} CMAKE_PREFIX_PATH=/home/ironie/HornetXII_sims/install/dave_ros_gz_plugins:/home/ironie/HornetXII_sims/install/dave_gz_world_plugins:/home/ironie/HornetXII_sims/install/dave_interfaces:/home/ironie/dave_ws/install/multibeam_sonar_system:/home/ironie/dave_ws/install/dave_worlds:/home/ironie/dave_ws/install/dave_sensor_models:/home/ironie/dave_ws/install/dave_robot_models:/home/ironie/dave_ws/install/dave_object_models:/home/ironie/dave_ws/install/dave_multibeam_sonar_demo:/home/ironie/dave_ws/install/dave_interfaces:/home/ironie/dave_ws/install/dave_demos:/home/ironie/dave_ws/install/auv_controls:/home/ironie/testGazebo/install/simulator:/opt/ros/jazzy/opt/gz_sim_vendor:/opt/ros/jazzy/opt/gz_sensors_vendor:/opt/ros/jazzy/opt/gz_physics_vendor:/opt/ros/jazzy/opt/sdformat_vendor:/opt/ros/jazzy/opt/gz_gui_vendor:/opt/ros/jazzy/opt/gz_transport_vendor:/opt/ros/jazzy/opt/gz_rendering_vendor:/opt/ros/jazzy/opt/gz_plugin_vendor:/opt/ros/jazzy/opt/gz_fuel_tools_vendor:/opt/ros/jazzy/opt/gz_msgs_vendor:/opt/ros/jazzy/opt/gz_common_vendor:/opt/ros/jazzy/opt/gz_math_vendor:/opt/ros/jazzy/opt/gz_utils_vendor:/opt/ros/jazzy/opt/gz_tools_vendor:/opt/ros/jazzy/opt/gz_ogre_next_vendor:/opt/ros/jazzy/opt/gz_dartsim_vendor:/opt/ros/jazzy/opt/gz_cmake_vendor:/home/ironie/assignment3/install/assignment3:/opt/ros/jazzy DEBUGINFOD_URLS=https://debuginfod.ubuntu.com LD_LIBRARY_PATH=/home/ironie/HornetXII_sims/install/dave_ros_gz_plugins/lib:/home/ironie/HornetXII_sims/install/dave_gz_world_plugins/lib:/home/ironie/HornetXII_sims/install/dave_interfaces/lib:${LD_LIBRARY_PATH} PYTHONPATH=/home/ironie/HornetXII_sims/install/dave_interfaces/lib/python3.12/site-packages:${PYTHONPATH} /usr/bin/cmake --build /home/ironie/HornetXII_sims/build/dave_gz_model_plugins -- -j12 -l12
[135.727s] DEBUG:colcon.colcon_core.event_handler.log_command:Invoked command in '/home/ironie/HornetXII_sims/build/dave_gz_model_plugins' returned '0': AMENT_PREFIX_PATH=/home/ironie/HornetXII_sims/install/dave_ros_gz_plugins:/home/ironie/HornetXII_sims/install/dave_gz_world_plugins:/home/ironie/HornetXII_sims/install/dave_interfaces:${AMENT_PREFIX_PATH} CMAKE_PREFIX_PATH=/home/ironie/HornetXII_sims/install/dave_ros_gz_plugins:/home/ironie/HornetXII_sims/install/dave_gz_world_plugins:/home/ironie/HornetXII_sims/install/dave_interfaces:/home/ironie/dave_ws/install/multibeam_sonar_system:/home/ironie/dave_ws/install/dave_worlds:/home/ironie/dave_ws/install/dave_sensor_models:/home/ironie/dave_ws/install/dave_robot_models:/home/ironie/dave_ws/install/dave_object_models:/home/ironie/dave_ws/install/dave_multibeam_sonar_demo:/home/ironie/dave_ws/install/dave_interfaces:/home/ironie/dave_ws/install/dave_demos:/home/ironie/dave_ws/install/auv_controls:/home/ironie/testGazebo/install/simulator:/opt/ros/jazzy/opt/gz_sim_vendor:/opt/ros/jazzy/opt/gz_sensors_vendor:/opt/ros/jazzy/opt/gz_physics_vendor:/opt/ros/jazzy/opt/sdformat_vendor:/opt/ros/jazzy/opt/gz_gui_vendor:/opt/ros/jazzy/opt/gz_transport_vendor:/opt/ros/jazzy/opt/gz_rendering_vendor:/opt/ros/jazzy/opt/gz_plugin_vendor:/opt/ros/jazzy/opt/gz_fuel_tools_vendor:/opt/ros/jazzy/opt/gz_msgs_vendor:/opt/ros/jazzy/opt/gz_common_vendor:/opt/ros/jazzy/opt/gz_math_vendor:/opt/ros/jazzy/opt/gz_utils_vendor:/opt/ros/jazzy/opt/gz_tools_vendor:/opt/ros/jazzy/opt/gz_ogre_next_vendor:/opt/ros/jazzy/opt/gz_dartsim_vendor:/opt/ros/jazzy/opt/gz_cmake_vendor:/home/ironie/assignment3/install/assignment3:/opt/ros/jazzy DEBUGINFOD_URLS=https://debuginfod.ubuntu.com LD_LIBRARY_PATH=/home/ironie/HornetXII_sims/install/dave_ros_gz_plugins/lib:/home/ironie/HornetXII_sims/install/dave_gz_world_plugins/lib:/home/ironie/HornetXII_sims/install/dave_interfaces/lib:${LD_LIBRARY_PATH} PYTHONPATH=/home/ironie/HornetXII_sims/install/dave_interfaces/lib/python3.12/site-packages:${PYTHONPATH} /usr/bin/cmake --build /home/ironie/HornetXII_sims/build/dave_gz_model_plugins -- -j12 -l12
[135.729s] DEBUG:colcon.colcon_core.event_handler.log_command:Invoking command in '/home/ironie/HornetXII_sims/build/dave_gz_model_plugins': AMENT_PREFIX_PATH=/home/ironie/HornetXII_sims/install/dave_ros_gz_plugins:/home/ironie/HornetXII_sims/install/dave_gz_world_plugins:/home/ironie/HornetXII_sims/install/dave_interfaces:${AMENT_PREFIX_PATH} CMAKE_PREFIX_PATH=/home/ironie/HornetXII_sims/install/dave_ros_gz_plugins:/home/ironie/HornetXII_sims/install/dave_gz_world_plugins:/home/ironie/HornetXII_sims/install/dave_interfaces:/home/ironie/dave_ws/install/multibeam_sonar_system:/home/ironie/dave_ws/install/dave_worlds:/home/ironie/dave_ws/install/dave_sensor_models:/home/ironie/dave_ws/install/dave_robot_models:/home/ironie/dave_ws/install/dave_object_models:/home/ironie/dave_ws/install/dave_multibeam_sonar_demo:/home/ironie/dave_ws/install/dave_interfaces:/home/ironie/dave_ws/install/dave_demos:/home/ironie/dave_ws/install/auv_controls:/home/ironie/testGazebo/install/simulator:/opt/ros/jazzy/opt/gz_sim_vendor:/opt/ros/jazzy/opt/gz_sensors_vendor:/opt/ros/jazzy/opt/gz_physics_vendor:/opt/ros/jazzy/opt/sdformat_vendor:/opt/ros/jazzy/opt/gz_gui_vendor:/opt/ros/jazzy/opt/gz_transport_vendor:/opt/ros/jazzy/opt/gz_rendering_vendor:/opt/ros/jazzy/opt/gz_plugin_vendor:/opt/ros/jazzy/opt/gz_fuel_tools_vendor:/opt/ros/jazzy/opt/gz_msgs_vendor:/opt/ros/jazzy/opt/gz_common_vendor:/opt/ros/jazzy/opt/gz_math_vendor:/opt/ros/jazzy/opt/gz_utils_vendor:/opt/ros/jazzy/opt/gz_tools_vendor:/opt/ros/jazzy/opt/gz_ogre_next_vendor:/opt/ros/jazzy/opt/gz_dartsim_vendor:/opt/ros/jazzy/opt/gz_cmake_vendor:/home/ironie/assignment3/install/assignment3:/opt/ros/jazzy DEBUGINFOD_URLS=https://debuginfod.ubuntu.com LD_LIBRARY_PATH=/home/ironie/HornetXII_sims/install/dave_ros_gz_plugins/lib:/home/ironie/HornetXII_sims/install/dave_gz_world_plugins/lib:/home/ironie/HornetXII_sims/install/dave_interfaces/lib:${LD_LIBRARY_PATH} PYTHONPATH=/home/ironie/HornetXII_sims/install/dave_interfaces/lib/python3.12/site-packages:${PYTHONPATH} /usr/bin/cmake --install /home/ironie/HornetXII_sims/build/dave_gz_model_plugins
[135.902s] Level 1:colcon.colcon_core.environment:create_environment_scripts_only(dave_gz_model_plugins)
[135.902s] Level 1:colcon.colcon_core.environment:checking '/home/ironie/HornetXII_sims/install/dave_gz_model_plugins' for CMake module files
[135.903s] DEBUG:colcon.colcon_core.event_handler.log_command:Invoked command in '/home/ironie/HornetXII_sims/build/dave_gz_model_plugins' returned '0': AMENT_PREFIX_PATH=/home/ironie/HornetXII_sims/install/dave_ros_gz_plugins:/home/ironie/HornetXII_sims/install/dave_gz_world_plugins:/home/ironie/HornetXII_sims/install/dave_interfaces:${AMENT_PREFIX_PATH} CMAKE_PREFIX_PATH=/home/ironie/HornetXII_sims/install/dave_ros_gz_plugins:/home/ironie/HornetXII_sims/install/dave_gz_world_plugins:/home/ironie/HornetXII_sims/install/dave_interfaces:/home/ironie/dave_ws/install/multibeam_sonar_system:/home/ironie/dave_ws/install/dave_worlds:/home/ironie/dave_ws/install/dave_sensor_models:/home/ironie/dave_ws/install/dave_robot_models:/home/ironie/dave_ws/install/dave_object_models:/home/ironie/dave_ws/install/dave_multibeam_sonar_demo:/home/ironie/dave_ws/install/dave_interfaces:/home/ironie/dave_ws/install/dave_demos:/home/ironie/dave_ws/install/auv_controls:/home/ironie/testGazebo/install/simulator:/opt/ros/jazzy/opt/gz_sim_vendor:/opt/ros/jazzy/opt/gz_sensors_vendor:/opt/ros/jazzy/opt/gz_physics_vendor:/opt/ros/jazzy/opt/sdformat_vendor:/opt/ros/jazzy/opt/gz_gui_vendor:/opt/ros/jazzy/opt/gz_transport_vendor:/opt/ros/jazzy/opt/gz_rendering_vendor:/opt/ros/jazzy/opt/gz_plugin_vendor:/opt/ros/jazzy/opt/gz_fuel_tools_vendor:/opt/ros/jazzy/opt/gz_msgs_vendor:/opt/ros/jazzy/opt/gz_common_vendor:/opt/ros/jazzy/opt/gz_math_vendor:/opt/ros/jazzy/opt/gz_utils_vendor:/opt/ros/jazzy/opt/gz_tools_vendor:/opt/ros/jazzy/opt/gz_ogre_next_vendor:/opt/ros/jazzy/opt/gz_dartsim_vendor:/opt/ros/jazzy/opt/gz_cmake_vendor:/home/ironie/assignment3/install/assignment3:/opt/ros/jazzy DEBUGINFOD_URLS=https://debuginfod.ubuntu.com LD_LIBRARY_PATH=/home/ironie/HornetXII_sims/install/dave_ros_gz_plugins/lib:/home/ironie/HornetXII_sims/install/dave_gz_world_plugins/lib:/home/ironie/HornetXII_sims/install/dave_interfaces/lib:${LD_LIBRARY_PATH} PYTHONPATH=/home/ironie/HornetXII_sims/install/dave_interfaces/lib/python3.12/site-packages:${PYTHONPATH} /usr/bin/cmake --install /home/ironie/HornetXII_sims/build/dave_gz_model_plugins
[135.903s] Level 1:colcon.colcon_core.environment:checking '/home/ironie/HornetXII_sims/install/dave_gz_model_plugins' for CMake config files
[135.903s] Level 1:colcon.colcon_core.shell:create_environment_hook('dave_gz_model_plugins', 'cmake_prefix_path')
[135.904s] INFO:colcon.colcon_core.shell:Creating environment hook '/home/ironie/HornetXII_sims/install/dave_gz_model_plugins/share/dave_gz_model_plugins/hook/cmake_prefix_path.ps1'
[135.904s] INFO:colcon.colcon_core.shell:Creating environment descriptor '/home/ironie/HornetXII_sims/install/dave_gz_model_plugins/share/dave_gz_model_plugins/hook/cmake_prefix_path.dsv'
[135.905s] INFO:colcon.colcon_core.shell:Creating environment hook '/home/ironie/HornetXII_sims/install/dave_gz_model_plugins/share/dave_gz_model_plugins/hook/cmake_prefix_path.sh'
[135.905s] Level 1:colcon.colcon_core.environment:checking '/home/ironie/HornetXII_sims/install/dave_gz_model_plugins/lib'
[135.905s] Level 1:colcon.colcon_core.environment:checking '/home/ironie/HornetXII_sims/install/dave_gz_model_plugins/bin'
[135.905s] Level 1:colcon.colcon_core.environment:checking '/home/ironie/HornetXII_sims/install/dave_gz_model_plugins/lib/pkgconfig/dave_gz_model_plugins.pc'
[135.905s] Level 1:colcon.colcon_core.environment:checking '/home/ironie/HornetXII_sims/install/dave_gz_model_plugins/lib/python3.12/site-packages'
[135.906s] Level 1:colcon.colcon_core.environment:checking '/home/ironie/HornetXII_sims/install/dave_gz_model_plugins/bin'
[135.906s] INFO:colcon.colcon_core.shell:Creating package script '/home/ironie/HornetXII_sims/install/dave_gz_model_plugins/share/dave_gz_model_plugins/package.ps1'
[135.906s] INFO:colcon.colcon_core.shell:Creating package descriptor '/home/ironie/HornetXII_sims/install/dave_gz_model_plugins/share/dave_gz_model_plugins/package.dsv'
[135.906s] INFO:colcon.colcon_core.shell:Creating package script '/home/ironie/HornetXII_sims/install/dave_gz_model_plugins/share/dave_gz_model_plugins/package.sh'
[135.907s] INFO:colcon.colcon_core.shell:Creating package script '/home/ironie/HornetXII_sims/install/dave_gz_model_plugins/share/dave_gz_model_plugins/package.bash'
[135.907s] INFO:colcon.colcon_core.shell:Creating package script '/home/ironie/HornetXII_sims/install/dave_gz_model_plugins/share/dave_gz_model_plugins/package.zsh'
[135.907s] Level 1:colcon.colcon_core.environment:create_file_with_runtime_dependencies(/home/ironie/HornetXII_sims/install/dave_gz_model_plugins/share/colcon-core/packages/dave_gz_model_plugins)
[135.908s] Level 1:colcon.colcon_core.environment:create_environment_scripts_only(dave_gz_model_plugins)
[135.908s] Level 1:colcon.colcon_core.environment:checking '/home/ironie/HornetXII_sims/install/dave_gz_model_plugins' for CMake module files
[135.909s] Level 1:colcon.colcon_core.environment:checking '/home/ironie/HornetXII_sims/install/dave_gz_model_plugins' for CMake config files
[135.909s] Level 1:colcon.colcon_core.shell:create_environment_hook('dave_gz_model_plugins', 'cmake_prefix_path')
[135.909s] INFO:colcon.colcon_core.shell:Creating environment hook '/home/ironie/HornetXII_sims/install/dave_gz_model_plugins/share/dave_gz_model_plugins/hook/cmake_prefix_path.ps1'
[135.910s] INFO:colcon.colcon_core.shell:Creating environment descriptor '/home/ironie/HornetXII_sims/install/dave_gz_model_plugins/share/dave_gz_model_plugins/hook/cmake_prefix_path.dsv'
[135.910s] INFO:colcon.colcon_core.shell:Creating environment hook '/home/ironie/HornetXII_sims/install/dave_gz_model_plugins/share/dave_gz_model_plugins/hook/cmake_prefix_path.sh'
[135.911s] Level 1:colcon.colcon_core.environment:checking '/home/ironie/HornetXII_sims/install/dave_gz_model_plugins/lib'
[135.911s] Level 1:colcon.colcon_core.environment:checking '/home/ironie/HornetXII_sims/install/dave_gz_model_plugins/bin'
[135.911s] Level 1:colcon.colcon_core.environment:checking '/home/ironie/HornetXII_sims/install/dave_gz_model_plugins/lib/pkgconfig/dave_gz_model_plugins.pc'
[135.911s] Level 1:colcon.colcon_core.environment:checking '/home/ironie/HornetXII_sims/install/dave_gz_model_plugins/lib/python3.12/site-packages'
[135.912s] Level 1:colcon.colcon_core.environment:checking '/home/ironie/HornetXII_sims/install/dave_gz_model_plugins/bin'
[135.912s] INFO:colcon.colcon_core.shell:Creating package script '/home/ironie/HornetXII_sims/install/dave_gz_model_plugins/share/dave_gz_model_plugins/package.ps1'
[135.912s] INFO:colcon.colcon_core.shell:Creating package descriptor '/home/ironie/HornetXII_sims/install/dave_gz_model_plugins/share/dave_gz_model_plugins/package.dsv'
[135.913s] INFO:colcon.colcon_core.shell:Creating package script '/home/ironie/HornetXII_sims/install/dave_gz_model_plugins/share/dave_gz_model_plugins/package.sh'
[135.913s] INFO:colcon.colcon_core.shell:Creating package script '/home/ironie/HornetXII_sims/install/dave_gz_model_plugins/share/dave_gz_model_plugins/package.bash'
[135.914s] INFO:colcon.colcon_core.shell:Creating package script '/home/ironie/HornetXII_sims/install/dave_gz_model_plugins/share/dave_gz_model_plugins/package.zsh'
[135.914s] Level 1:colcon.colcon_core.environment:create_file_with_runtime_dependencies(/home/ironie/HornetXII_sims/install/dave_gz_model_plugins/share/colcon-core/packages/dave_gz_model_plugins)
[135.914s] DEBUG:colcon.colcon_parallel_executor.executor.parallel:closing loop
[135.915s] DEBUG:colcon.colcon_parallel_executor.executor.parallel:loop closed
[135.915s] DEBUG:colcon.colcon_parallel_executor.executor.parallel:run_until_complete finished with '0'
[135.915s] DEBUG:colcon.colcon_core.event_reactor:joining thread
[135.964s] INFO:colcon.colcon_core.plugin_system:Skipping extension 'colcon_notification.desktop_notification.notify_send': Could not find 'notify-send'
[135.965s] INFO:colcon.colcon_core.plugin_system:Skipping extension 'colcon_notification.desktop_notification.terminal_notifier': Not used on non-Darwin systems
[135.965s] INFO:colcon.colcon_core.plugin_system:Skipping extension 'colcon_notification.desktop_notification.win32': Not used on non-Windows systems
[135.965s] INFO:colcon.colcon_notification.desktop_notification:Sending desktop notification using 'notify2'
[135.966s] DEBUG:colcon.colcon_notification.desktop_notification.notify2:Failed to initialize notify2: org.freedesktop.DBus.Error.ServiceUnknown: The name org.freedesktop.Notifications was not provided by any .service files
[135.966s] DEBUG:colcon.colcon_core.event_reactor:joined thread
[135.967s] INFO:colcon.colcon_core.shell:Creating prefix script '/home/ironie/HornetXII_sims/install/local_setup.ps1'
[135.968s] INFO:colcon.colcon_core.shell:Creating prefix util module '/home/ironie/HornetXII_sims/install/_local_setup_util_ps1.py'
[135.969s] INFO:colcon.colcon_core.shell:Creating prefix chain script '/home/ironie/HornetXII_sims/install/setup.ps1'
[135.970s] INFO:colcon.colcon_core.shell:Creating prefix script '/home/ironie/HornetXII_sims/install/local_setup.sh'
[135.970s] INFO:colcon.colcon_core.shell:Creating prefix util module '/home/ironie/HornetXII_sims/install/_local_setup_util_sh.py'
[135.971s] INFO:colcon.colcon_core.shell:Creating prefix chain script '/home/ironie/HornetXII_sims/install/setup.sh'
[135.973s] INFO:colcon.colcon_core.shell:Creating prefix script '/home/ironie/HornetXII_sims/install/local_setup.bash'
[135.973s] INFO:colcon.colcon_core.shell:Creating prefix chain script '/home/ironie/HornetXII_sims/install/setup.bash'
[135.974s] INFO:colcon.colcon_core.shell:Creating prefix script '/home/ironie/HornetXII_sims/install/local_setup.zsh'
[135.974s] INFO:colcon.colcon_core.shell:Creating prefix chain script '/home/ironie/HornetXII_sims/install/setup.zsh'
