[0.311s] DEBUG:colcon:Command line arguments: ['/usr/bin/colcon', 'build', '--symlink-install']
[0.311s] DEBUG:colcon:Parsed command line arguments: Namespace(log_base=None, log_level=None, verb_name='build', build_base='build', install_base='install', merge_install=False, symlink_install=True, test_result_base=None, continue_on_error=False, executor='parallel', parallel_workers=12, event_handlers=None, ignore_user_meta=False, metas=['./colcon.meta'], base_paths=['.'], packages_ignore=None, packages_ignore_regex=None, paths=None, packages_up_to=None, packages_up_to_regex=None, packages_above=None, packages_above_and_dependencies=None, packages_above_depth=None, packages_select_by_dep=None, packages_skip_by_dep=None, packages_skip_up_to=None, packages_select_build_failed=False, packages_skip_build_finished=False, packages_select_test_failures=False, packages_skip_test_passed=False, packages_select=None, packages_skip=None, packages_select_regex=None, packages_skip_regex=None, packages_start=None, packages_end=None, allow_overriding=[], cmake_args=None, cmake_target=None, cmake_target_skip_unavailable=False, cmake_clean_cache=False, cmake_clean_first=False, cmake_force_configure=False, ament_cmake_args=None, catkin_cmake_args=None, catkin_skip_building_tests=False, mixin_files=None, mixin=None, verb_parser=<colcon_mixin.mixin.mixin_argument.MixinArgumentDecorator object at 0x718f0f27bfe0>, verb_extension=<colcon_core.verb.build.BuildVerb object at 0x718f0f219d60>, main=<bound method BuildVerb.main of <colcon_core.verb.build.BuildVerb object at 0x718f0f219d60>>, mixin_verb=('build',))
[0.399s] Level 1:colcon.colcon_core.package_discovery:discover_packages(colcon_meta) check parameters
[0.399s] Level 1:colcon.colcon_core.package_discovery:discover_packages(recursive) check parameters
[0.399s] Level 1:colcon.colcon_core.package_discovery:discover_packages(ignore) check parameters
[0.399s] Level 1:colcon.colcon_core.package_discovery:discover_packages(path) check parameters
[0.399s] Level 1:colcon.colcon_core.package_discovery:discover_packages(colcon_meta) discover
[0.399s] Level 1:colcon.colcon_core.package_discovery:discover_packages(recursive) discover
[0.399s] INFO:colcon.colcon_core.package_discovery:Crawling recursively for packages in '/home/ironie/HornetXII_sims'
[0.400s] Level 1:colcon.colcon_core.package_identification:_identify(.) by extensions ['ignore', 'ignore_ament_install']
[0.400s] Level 1:colcon.colcon_core.package_identification:_identify(.) by extension 'ignore'
[0.400s] Level 1:colcon.colcon_core.package_identification:_identify(.) by extension 'ignore_ament_install'
[0.400s] Level 1:colcon.colcon_core.package_identification:_identify(.) by extensions ['colcon_pkg']
[0.400s] Level 1:colcon.colcon_core.package_identification:_identify(.) by extension 'colcon_pkg'
[0.400s] Level 1:colcon.colcon_core.package_identification:_identify(.) by extensions ['colcon_meta']
[0.400s] Level 1:colcon.colcon_core.package_identification:_identify(.) by extension 'colcon_meta'
[0.400s] Level 1:colcon.colcon_core.package_identification:_identify(.) by extensions ['ros']
[0.400s] Level 1:colcon.colcon_core.package_identification:_identify(.) by extension 'ros'
[0.430s] Level 1:colcon.colcon_core.package_identification:_identify(.) by extensions ['cmake', 'python']
[0.430s] Level 1:colcon.colcon_core.package_identification:_identify(.) by extension 'cmake'
[0.430s] Level 1:colcon.colcon_core.package_identification:_identify(.) by extension 'python'
[0.430s] Level 1:colcon.colcon_core.package_identification:_identify(.) by extensions ['python_setup_py']
[0.430s] Level 1:colcon.colcon_core.package_identification:_identify(.) by extension 'python_setup_py'
[0.430s] Level 1:colcon.colcon_core.package_identification:_identify(build) by extensions ['ignore', 'ignore_ament_install']
[0.430s] Level 1:colcon.colcon_core.package_identification:_identify(build) by extension 'ignore'
[0.430s] Level 1:colcon.colcon_core.package_identification:_identify(build) ignored
[0.430s] Level 1:colcon.colcon_core.package_identification:_identify(install) by extensions ['ignore', 'ignore_ament_install']
[0.430s] Level 1:colcon.colcon_core.package_identification:_identify(install) by extension 'ignore'
[0.431s] Level 1:colcon.colcon_core.package_identification:_identify(install) ignored
[0.431s] Level 1:colcon.colcon_core.package_identification:_identify(log) by extensions ['ignore', 'ignore_ament_install']
[0.431s] Level 1:colcon.colcon_core.package_identification:_identify(log) by extension 'ignore'
[0.431s] Level 1:colcon.colcon_core.package_identification:_identify(log) ignored
[0.431s] Level 1:colcon.colcon_core.package_identification:_identify(src) by extensions ['ignore', 'ignore_ament_install']
[0.431s] Level 1:colcon.colcon_core.package_identification:_identify(src) by extension 'ignore'
[0.431s] Level 1:colcon.colcon_core.package_identification:_identify(src) by extension 'ignore_ament_install'
[0.431s] Level 1:colcon.colcon_core.package_identification:_identify(src) by extensions ['colcon_pkg']
[0.431s] Level 1:colcon.colcon_core.package_identification:_identify(src) by extension 'colcon_pkg'
[0.431s] Level 1:colcon.colcon_core.package_identification:_identify(src) by extensions ['colcon_meta']
[0.431s] Level 1:colcon.colcon_core.package_identification:_identify(src) by extension 'colcon_meta'
[0.431s] Level 1:colcon.colcon_core.package_identification:_identify(src) by extensions ['ros']
[0.431s] Level 1:colcon.colcon_core.package_identification:_identify(src) by extension 'ros'
[0.431s] Level 1:colcon.colcon_core.package_identification:_identify(src) by extensions ['cmake', 'python']
[0.431s] Level 1:colcon.colcon_core.package_identification:_identify(src) by extension 'cmake'
[0.432s] Level 1:colcon.colcon_core.package_identification:_identify(src) by extension 'python'
[0.432s] Level 1:colcon.colcon_core.package_identification:_identify(src) by extensions ['python_setup_py']
[0.432s] Level 1:colcon.colcon_core.package_identification:_identify(src) by extension 'python_setup_py'
[0.432s] Level 1:colcon.colcon_core.package_identification:_identify(src/auv_controls) by extensions ['ignore', 'ignore_ament_install']
[0.432s] Level 1:colcon.colcon_core.package_identification:_identify(src/auv_controls) by extension 'ignore'
[0.432s] Level 1:colcon.colcon_core.package_identification:_identify(src/auv_controls) by extension 'ignore_ament_install'
[0.432s] Level 1:colcon.colcon_core.package_identification:_identify(src/auv_controls) by extensions ['colcon_pkg']
[0.432s] Level 1:colcon.colcon_core.package_identification:_identify(src/auv_controls) by extension 'colcon_pkg'
[0.432s] Level 1:colcon.colcon_core.package_identification:_identify(src/auv_controls) by extensions ['colcon_meta']
[0.432s] Level 1:colcon.colcon_core.package_identification:_identify(src/auv_controls) by extension 'colcon_meta'
[0.432s] Level 1:colcon.colcon_core.package_identification:_identify(src/auv_controls) by extensions ['ros']
[0.432s] Level 1:colcon.colcon_core.package_identification:_identify(src/auv_controls) by extension 'ros'
[0.436s] DEBUG:colcon.colcon_core.package_identification:Package 'src/auv_controls' with type 'ros.ament_cmake' and name 'auv_controls'
[0.436s] Level 1:colcon.colcon_core.package_identification:_identify(src/auv_sims) by extensions ['ignore', 'ignore_ament_install']
[0.436s] Level 1:colcon.colcon_core.package_identification:_identify(src/auv_sims) by extension 'ignore'
[0.436s] Level 1:colcon.colcon_core.package_identification:_identify(src/auv_sims) by extension 'ignore_ament_install'
[0.437s] Level 1:colcon.colcon_core.package_identification:_identify(src/auv_sims) by extensions ['colcon_pkg']
[0.437s] Level 1:colcon.colcon_core.package_identification:_identify(src/auv_sims) by extension 'colcon_pkg'
[0.437s] Level 1:colcon.colcon_core.package_identification:_identify(src/auv_sims) by extensions ['colcon_meta']
[0.437s] Level 1:colcon.colcon_core.package_identification:_identify(src/auv_sims) by extension 'colcon_meta'
[0.437s] Level 1:colcon.colcon_core.package_identification:_identify(src/auv_sims) by extensions ['ros']
[0.437s] Level 1:colcon.colcon_core.package_identification:_identify(src/auv_sims) by extension 'ros'
[0.438s] DEBUG:colcon.colcon_core.package_identification:Package 'src/auv_sims' with type 'ros.ament_cmake' and name 'auv_sims'
[0.438s] Level 1:colcon.colcon_core.package_identification:_identify(src/dave) by extensions ['ignore', 'ignore_ament_install']
[0.438s] Level 1:colcon.colcon_core.package_identification:_identify(src/dave) by extension 'ignore'
[0.438s] Level 1:colcon.colcon_core.package_identification:_identify(src/dave) by extension 'ignore_ament_install'
[0.438s] Level 1:colcon.colcon_core.package_identification:_identify(src/dave) by extensions ['colcon_pkg']
[0.438s] Level 1:colcon.colcon_core.package_identification:_identify(src/dave) by extension 'colcon_pkg'
[0.438s] Level 1:colcon.colcon_core.package_identification:_identify(src/dave) by extensions ['colcon_meta']
[0.438s] Level 1:colcon.colcon_core.package_identification:_identify(src/dave) by extension 'colcon_meta'
[0.438s] Level 1:colcon.colcon_core.package_identification:_identify(src/dave) by extensions ['ros']
[0.439s] Level 1:colcon.colcon_core.package_identification:_identify(src/dave) by extension 'ros'
[0.439s] Level 1:colcon.colcon_core.package_identification:_identify(src/dave) by extensions ['cmake', 'python']
[0.439s] Level 1:colcon.colcon_core.package_identification:_identify(src/dave) by extension 'cmake'
[0.439s] Level 1:colcon.colcon_core.package_identification:_identify(src/dave) by extension 'python'
[0.439s] Level 1:colcon.colcon_core.package_identification:_identify(src/dave) by extensions ['python_setup_py']
[0.439s] Level 1:colcon.colcon_core.package_identification:_identify(src/dave) by extension 'python_setup_py'
[0.440s] Level 1:colcon.colcon_core.package_identification:_identify(src/dave/dave_interfaces) by extensions ['ignore', 'ignore_ament_install']
[0.440s] Level 1:colcon.colcon_core.package_identification:_identify(src/dave/dave_interfaces) by extension 'ignore'
[0.440s] Level 1:colcon.colcon_core.package_identification:_identify(src/dave/dave_interfaces) by extension 'ignore_ament_install'
[0.440s] Level 1:colcon.colcon_core.package_identification:_identify(src/dave/dave_interfaces) by extensions ['colcon_pkg']
[0.440s] Level 1:colcon.colcon_core.package_identification:_identify(src/dave/dave_interfaces) by extension 'colcon_pkg'
[0.440s] Level 1:colcon.colcon_core.package_identification:_identify(src/dave/dave_interfaces) by extensions ['colcon_meta']
[0.440s] Level 1:colcon.colcon_core.package_identification:_identify(src/dave/dave_interfaces) by extension 'colcon_meta'
[0.440s] Level 1:colcon.colcon_core.package_identification:_identify(src/dave/dave_interfaces) by extensions ['ros']
[0.440s] Level 1:colcon.colcon_core.package_identification:_identify(src/dave/dave_interfaces) by extension 'ros'
[0.441s] DEBUG:colcon.colcon_core.package_identification:Package 'src/dave/dave_interfaces' with type 'ros.ament_cmake' and name 'dave_interfaces'
[0.442s] Level 1:colcon.colcon_core.package_identification:_identify(src/dave/examples) by extensions ['ignore', 'ignore_ament_install']
[0.442s] Level 1:colcon.colcon_core.package_identification:_identify(src/dave/examples) by extension 'ignore'
[0.442s] Level 1:colcon.colcon_core.package_identification:_identify(src/dave/examples) by extension 'ignore_ament_install'
[0.442s] Level 1:colcon.colcon_core.package_identification:_identify(src/dave/examples) by extensions ['colcon_pkg']
[0.442s] Level 1:colcon.colcon_core.package_identification:_identify(src/dave/examples) by extension 'colcon_pkg'
[0.442s] Level 1:colcon.colcon_core.package_identification:_identify(src/dave/examples) by extensions ['colcon_meta']
[0.442s] Level 1:colcon.colcon_core.package_identification:_identify(src/dave/examples) by extension 'colcon_meta'
[0.442s] Level 1:colcon.colcon_core.package_identification:_identify(src/dave/examples) by extensions ['ros']
[0.442s] Level 1:colcon.colcon_core.package_identification:_identify(src/dave/examples) by extension 'ros'
[0.442s] Level 1:colcon.colcon_core.package_identification:_identify(src/dave/examples) by extensions ['cmake', 'python']
[0.442s] Level 1:colcon.colcon_core.package_identification:_identify(src/dave/examples) by extension 'cmake'
[0.442s] Level 1:colcon.colcon_core.package_identification:_identify(src/dave/examples) by extension 'python'
[0.443s] Level 1:colcon.colcon_core.package_identification:_identify(src/dave/examples) by extensions ['python_setup_py']
[0.443s] Level 1:colcon.colcon_core.package_identification:_identify(src/dave/examples) by extension 'python_setup_py'
[0.443s] Level 1:colcon.colcon_core.package_identification:_identify(src/dave/examples/community) by extensions ['ignore', 'ignore_ament_install']
[0.443s] Level 1:colcon.colcon_core.package_identification:_identify(src/dave/examples/community) by extension 'ignore'
[0.443s] Level 1:colcon.colcon_core.package_identification:_identify(src/dave/examples/community) by extension 'ignore_ament_install'
[0.443s] Level 1:colcon.colcon_core.package_identification:_identify(src/dave/examples/community) by extensions ['colcon_pkg']
[0.443s] Level 1:colcon.colcon_core.package_identification:_identify(src/dave/examples/community) by extension 'colcon_pkg'
[0.443s] Level 1:colcon.colcon_core.package_identification:_identify(src/dave/examples/community) by extensions ['colcon_meta']
[0.444s] Level 1:colcon.colcon_core.package_identification:_identify(src/dave/examples/community) by extension 'colcon_meta'
[0.444s] Level 1:colcon.colcon_core.package_identification:_identify(src/dave/examples/community) by extensions ['ros']
[0.444s] Level 1:colcon.colcon_core.package_identification:_identify(src/dave/examples/community) by extension 'ros'
[0.444s] Level 1:colcon.colcon_core.package_identification:_identify(src/dave/examples/community) by extensions ['cmake', 'python']
[0.444s] Level 1:colcon.colcon_core.package_identification:_identify(src/dave/examples/community) by extension 'cmake'
[0.444s] Level 1:colcon.colcon_core.package_identification:_identify(src/dave/examples/community) by extension 'python'
[0.444s] Level 1:colcon.colcon_core.package_identification:_identify(src/dave/examples/community) by extensions ['python_setup_py']
[0.444s] Level 1:colcon.colcon_core.package_identification:_identify(src/dave/examples/community) by extension 'python_setup_py'
[0.445s] Level 1:colcon.colcon_core.package_identification:_identify(src/dave/examples/dave_demos) by extensions ['ignore', 'ignore_ament_install']
[0.445s] Level 1:colcon.colcon_core.package_identification:_identify(src/dave/examples/dave_demos) by extension 'ignore'
[0.445s] Level 1:colcon.colcon_core.package_identification:_identify(src/dave/examples/dave_demos) by extension 'ignore_ament_install'
[0.445s] Level 1:colcon.colcon_core.package_identification:_identify(src/dave/examples/dave_demos) by extensions ['colcon_pkg']
[0.445s] Level 1:colcon.colcon_core.package_identification:_identify(src/dave/examples/dave_demos) by extension 'colcon_pkg'
[0.445s] Level 1:colcon.colcon_core.package_identification:_identify(src/dave/examples/dave_demos) by extensions ['colcon_meta']
[0.445s] Level 1:colcon.colcon_core.package_identification:_identify(src/dave/examples/dave_demos) by extension 'colcon_meta'
[0.445s] Level 1:colcon.colcon_core.package_identification:_identify(src/dave/examples/dave_demos) by extensions ['ros']
[0.445s] Level 1:colcon.colcon_core.package_identification:_identify(src/dave/examples/dave_demos) by extension 'ros'
[0.447s] DEBUG:colcon.colcon_core.package_identification:Package 'src/dave/examples/dave_demos' with type 'ros.ament_cmake' and name 'dave_demos'
[0.447s] Level 1:colcon.colcon_core.package_identification:_identify(src/dave/extras) by extensions ['ignore', 'ignore_ament_install']
[0.448s] Level 1:colcon.colcon_core.package_identification:_identify(src/dave/extras) by extension 'ignore'
[0.448s] Level 1:colcon.colcon_core.package_identification:_identify(src/dave/extras) by extension 'ignore_ament_install'
[0.448s] Level 1:colcon.colcon_core.package_identification:_identify(src/dave/extras) by extensions ['colcon_pkg']
[0.448s] Level 1:colcon.colcon_core.package_identification:_identify(src/dave/extras) by extension 'colcon_pkg'
[0.448s] Level 1:colcon.colcon_core.package_identification:_identify(src/dave/extras) by extensions ['colcon_meta']
[0.448s] Level 1:colcon.colcon_core.package_identification:_identify(src/dave/extras) by extension 'colcon_meta'
[0.448s] Level 1:colcon.colcon_core.package_identification:_identify(src/dave/extras) by extensions ['ros']
[0.448s] Level 1:colcon.colcon_core.package_identification:_identify(src/dave/extras) by extension 'ros'
[0.448s] Level 1:colcon.colcon_core.package_identification:_identify(src/dave/extras) by extensions ['cmake', 'python']
[0.448s] Level 1:colcon.colcon_core.package_identification:_identify(src/dave/extras) by extension 'cmake'
[0.448s] Level 1:colcon.colcon_core.package_identification:_identify(src/dave/extras) by extension 'python'
[0.448s] Level 1:colcon.colcon_core.package_identification:_identify(src/dave/extras) by extensions ['python_setup_py']
[0.449s] Level 1:colcon.colcon_core.package_identification:_identify(src/dave/extras) by extension 'python_setup_py'
[0.449s] Level 1:colcon.colcon_core.package_identification:_identify(src/dave/extras/lint_local) by extensions ['ignore', 'ignore_ament_install']
[0.449s] Level 1:colcon.colcon_core.package_identification:_identify(src/dave/extras/lint_local) by extension 'ignore'
[0.449s] Level 1:colcon.colcon_core.package_identification:_identify(src/dave/extras/lint_local) by extension 'ignore_ament_install'
[0.449s] Level 1:colcon.colcon_core.package_identification:_identify(src/dave/extras/lint_local) by extensions ['colcon_pkg']
[0.449s] Level 1:colcon.colcon_core.package_identification:_identify(src/dave/extras/lint_local) by extension 'colcon_pkg'
[0.449s] Level 1:colcon.colcon_core.package_identification:_identify(src/dave/extras/lint_local) by extensions ['colcon_meta']
[0.449s] Level 1:colcon.colcon_core.package_identification:_identify(src/dave/extras/lint_local) by extension 'colcon_meta'
[0.449s] Level 1:colcon.colcon_core.package_identification:_identify(src/dave/extras/lint_local) by extensions ['ros']
[0.450s] Level 1:colcon.colcon_core.package_identification:_identify(src/dave/extras/lint_local) by extension 'ros'
[0.450s] Level 1:colcon.colcon_core.package_identification:_identify(src/dave/extras/lint_local) by extensions ['cmake', 'python']
[0.450s] Level 1:colcon.colcon_core.package_identification:_identify(src/dave/extras/lint_local) by extension 'cmake'
[0.450s] Level 1:colcon.colcon_core.package_identification:_identify(src/dave/extras/lint_local) by extension 'python'
[0.450s] Level 1:colcon.colcon_core.package_identification:_identify(src/dave/extras/lint_local) by extensions ['python_setup_py']
[0.450s] Level 1:colcon.colcon_core.package_identification:_identify(src/dave/extras/lint_local) by extension 'python_setup_py'
[0.450s] Level 1:colcon.colcon_core.package_identification:_identify(src/dave/extras/repos) by extensions ['ignore', 'ignore_ament_install']
[0.450s] Level 1:colcon.colcon_core.package_identification:_identify(src/dave/extras/repos) by extension 'ignore'
[0.451s] Level 1:colcon.colcon_core.package_identification:_identify(src/dave/extras/repos) by extension 'ignore_ament_install'
[0.451s] Level 1:colcon.colcon_core.package_identification:_identify(src/dave/extras/repos) by extensions ['colcon_pkg']
[0.451s] Level 1:colcon.colcon_core.package_identification:_identify(src/dave/extras/repos) by extension 'colcon_pkg'
[0.451s] Level 1:colcon.colcon_core.package_identification:_identify(src/dave/extras/repos) by extensions ['colcon_meta']
[0.451s] Level 1:colcon.colcon_core.package_identification:_identify(src/dave/extras/repos) by extension 'colcon_meta'
[0.451s] Level 1:colcon.colcon_core.package_identification:_identify(src/dave/extras/repos) by extensions ['ros']
[0.451s] Level 1:colcon.colcon_core.package_identification:_identify(src/dave/extras/repos) by extension 'ros'
[0.451s] Level 1:colcon.colcon_core.package_identification:_identify(src/dave/extras/repos) by extensions ['cmake', 'python']
[0.451s] Level 1:colcon.colcon_core.package_identification:_identify(src/dave/extras/repos) by extension 'cmake'
[0.451s] Level 1:colcon.colcon_core.package_identification:_identify(src/dave/extras/repos) by extension 'python'
[0.451s] Level 1:colcon.colcon_core.package_identification:_identify(src/dave/extras/repos) by extensions ['python_setup_py']
[0.451s] Level 1:colcon.colcon_core.package_identification:_identify(src/dave/extras/repos) by extension 'python_setup_py'
[0.452s] Level 1:colcon.colcon_core.package_identification:_identify(src/dave/gazebo) by extensions ['ignore', 'ignore_ament_install']
[0.452s] Level 1:colcon.colcon_core.package_identification:_identify(src/dave/gazebo) by extension 'ignore'
[0.452s] Level 1:colcon.colcon_core.package_identification:_identify(src/dave/gazebo) by extension 'ignore_ament_install'
[0.452s] Level 1:colcon.colcon_core.package_identification:_identify(src/dave/gazebo) by extensions ['colcon_pkg']
[0.452s] Level 1:colcon.colcon_core.package_identification:_identify(src/dave/gazebo) by extension 'colcon_pkg'
[0.452s] Level 1:colcon.colcon_core.package_identification:_identify(src/dave/gazebo) by extensions ['colcon_meta']
[0.452s] Level 1:colcon.colcon_core.package_identification:_identify(src/dave/gazebo) by extension 'colcon_meta'
[0.452s] Level 1:colcon.colcon_core.package_identification:_identify(src/dave/gazebo) by extensions ['ros']
[0.452s] Level 1:colcon.colcon_core.package_identification:_identify(src/dave/gazebo) by extension 'ros'
[0.453s] Level 1:colcon.colcon_core.package_identification:_identify(src/dave/gazebo) by extensions ['cmake', 'python']
[0.453s] Level 1:colcon.colcon_core.package_identification:_identify(src/dave/gazebo) by extension 'cmake'
[0.453s] Level 1:colcon.colcon_core.package_identification:_identify(src/dave/gazebo) by extension 'python'
[0.453s] Level 1:colcon.colcon_core.package_identification:_identify(src/dave/gazebo) by extensions ['python_setup_py']
[0.453s] Level 1:colcon.colcon_core.package_identification:_identify(src/dave/gazebo) by extension 'python_setup_py'
[0.453s] Level 1:colcon.colcon_core.package_identification:_identify(src/dave/gazebo/dave_gz_model_plugins) by extensions ['ignore', 'ignore_ament_install']
[0.453s] Level 1:colcon.colcon_core.package_identification:_identify(src/dave/gazebo/dave_gz_model_plugins) by extension 'ignore'
[0.453s] Level 1:colcon.colcon_core.package_identification:_identify(src/dave/gazebo/dave_gz_model_plugins) by extension 'ignore_ament_install'
[0.454s] Level 1:colcon.colcon_core.package_identification:_identify(src/dave/gazebo/dave_gz_model_plugins) by extensions ['colcon_pkg']
[0.454s] Level 1:colcon.colcon_core.package_identification:_identify(src/dave/gazebo/dave_gz_model_plugins) by extension 'colcon_pkg'
[0.454s] Level 1:colcon.colcon_core.package_identification:_identify(src/dave/gazebo/dave_gz_model_plugins) by extensions ['colcon_meta']
[0.454s] Level 1:colcon.colcon_core.package_identification:_identify(src/dave/gazebo/dave_gz_model_plugins) by extension 'colcon_meta'
[0.454s] Level 1:colcon.colcon_core.package_identification:_identify(src/dave/gazebo/dave_gz_model_plugins) by extensions ['ros']
[0.454s] Level 1:colcon.colcon_core.package_identification:_identify(src/dave/gazebo/dave_gz_model_plugins) by extension 'ros'
[0.455s] DEBUG:colcon.colcon_core.package_identification:Package 'src/dave/gazebo/dave_gz_model_plugins' with type 'ros.ament_cmake' and name 'dave_gz_model_plugins'
[0.456s] Level 1:colcon.colcon_core.package_identification:_identify(src/dave/gazebo/dave_gz_multibeam_sonar) by extensions ['ignore', 'ignore_ament_install']
[0.456s] Level 1:colcon.colcon_core.package_identification:_identify(src/dave/gazebo/dave_gz_multibeam_sonar) by extension 'ignore'
[0.457s] Level 1:colcon.colcon_core.package_identification:_identify(src/dave/gazebo/dave_gz_multibeam_sonar) by extension 'ignore_ament_install'
[0.457s] Level 1:colcon.colcon_core.package_identification:_identify(src/dave/gazebo/dave_gz_multibeam_sonar) by extensions ['colcon_pkg']
[0.457s] Level 1:colcon.colcon_core.package_identification:_identify(src/dave/gazebo/dave_gz_multibeam_sonar) by extension 'colcon_pkg'
[0.457s] Level 1:colcon.colcon_core.package_identification:_identify(src/dave/gazebo/dave_gz_multibeam_sonar) by extensions ['colcon_meta']
[0.457s] Level 1:colcon.colcon_core.package_identification:_identify(src/dave/gazebo/dave_gz_multibeam_sonar) by extension 'colcon_meta'
[0.457s] Level 1:colcon.colcon_core.package_identification:_identify(src/dave/gazebo/dave_gz_multibeam_sonar) by extensions ['ros']
[0.457s] Level 1:colcon.colcon_core.package_identification:_identify(src/dave/gazebo/dave_gz_multibeam_sonar) by extension 'ros'
[0.457s] Level 1:colcon.colcon_core.package_identification:_identify(src/dave/gazebo/dave_gz_multibeam_sonar) by extensions ['cmake', 'python']
[0.457s] Level 1:colcon.colcon_core.package_identification:_identify(src/dave/gazebo/dave_gz_multibeam_sonar) by extension 'cmake'
[0.458s] Level 1:colcon.colcon_core.package_identification:_identify(src/dave/gazebo/dave_gz_multibeam_sonar) by extension 'python'
[0.458s] Level 1:colcon.colcon_core.package_identification:_identify(src/dave/gazebo/dave_gz_multibeam_sonar) by extensions ['python_setup_py']
[0.458s] Level 1:colcon.colcon_core.package_identification:_identify(src/dave/gazebo/dave_gz_multibeam_sonar) by extension 'python_setup_py'
[0.458s] Level 1:colcon.colcon_core.package_identification:_identify(src/dave/gazebo/dave_gz_multibeam_sonar/multibeam_sonar) by extensions ['ignore', 'ignore_ament_install']
[0.458s] Level 1:colcon.colcon_core.package_identification:_identify(src/dave/gazebo/dave_gz_multibeam_sonar/multibeam_sonar) by extension 'ignore'
[0.458s] Level 1:colcon.colcon_core.package_identification:_identify(src/dave/gazebo/dave_gz_multibeam_sonar/multibeam_sonar) by extension 'ignore_ament_install'
[0.459s] Level 1:colcon.colcon_core.package_identification:_identify(src/dave/gazebo/dave_gz_multibeam_sonar/multibeam_sonar) by extensions ['colcon_pkg']
[0.459s] Level 1:colcon.colcon_core.package_identification:_identify(src/dave/gazebo/dave_gz_multibeam_sonar/multibeam_sonar) by extension 'colcon_pkg'
[0.459s] Level 1:colcon.colcon_core.package_identification:_identify(src/dave/gazebo/dave_gz_multibeam_sonar/multibeam_sonar) by extensions ['colcon_meta']
[0.459s] Level 1:colcon.colcon_core.package_identification:_identify(src/dave/gazebo/dave_gz_multibeam_sonar/multibeam_sonar) by extension 'colcon_meta'
[0.459s] Level 1:colcon.colcon_core.package_identification:_identify(src/dave/gazebo/dave_gz_multibeam_sonar/multibeam_sonar) by extensions ['ros']
[0.459s] Level 1:colcon.colcon_core.package_identification:_identify(src/dave/gazebo/dave_gz_multibeam_sonar/multibeam_sonar) by extension 'ros'
[0.461s] DEBUG:colcon.colcon_core.package_identification:Package 'src/dave/gazebo/dave_gz_multibeam_sonar/multibeam_sonar' with type 'ros.ament_cmake' and name 'multibeam_sonar'
[0.462s] Level 1:colcon.colcon_core.package_identification:_identify(src/dave/gazebo/dave_gz_multibeam_sonar/multibeam_sonar_demo) by extensions ['ignore', 'ignore_ament_install']
[0.462s] Level 1:colcon.colcon_core.package_identification:_identify(src/dave/gazebo/dave_gz_multibeam_sonar/multibeam_sonar_demo) by extension 'ignore'
[0.462s] Level 1:colcon.colcon_core.package_identification:_identify(src/dave/gazebo/dave_gz_multibeam_sonar/multibeam_sonar_demo) by extension 'ignore_ament_install'
[0.462s] Level 1:colcon.colcon_core.package_identification:_identify(src/dave/gazebo/dave_gz_multibeam_sonar/multibeam_sonar_demo) by extensions ['colcon_pkg']
[0.462s] Level 1:colcon.colcon_core.package_identification:_identify(src/dave/gazebo/dave_gz_multibeam_sonar/multibeam_sonar_demo) by extension 'colcon_pkg'
[0.462s] Level 1:colcon.colcon_core.package_identification:_identify(src/dave/gazebo/dave_gz_multibeam_sonar/multibeam_sonar_demo) by extensions ['colcon_meta']
[0.463s] Level 1:colcon.colcon_core.package_identification:_identify(src/dave/gazebo/dave_gz_multibeam_sonar/multibeam_sonar_demo) by extension 'colcon_meta'
[0.463s] Level 1:colcon.colcon_core.package_identification:_identify(src/dave/gazebo/dave_gz_multibeam_sonar/multibeam_sonar_demo) by extensions ['ros']
[0.463s] Level 1:colcon.colcon_core.package_identification:_identify(src/dave/gazebo/dave_gz_multibeam_sonar/multibeam_sonar_demo) by extension 'ros'
[0.463s] DEBUG:colcon.colcon_core.package_identification:Package 'src/dave/gazebo/dave_gz_multibeam_sonar/multibeam_sonar_demo' with type 'ros.ament_cmake' and name 'dave_multibeam_sonar_demo'
[0.464s] Level 1:colcon.colcon_core.package_identification:_identify(src/dave/gazebo/dave_gz_multibeam_sonar/multibeam_sonar_system) by extensions ['ignore', 'ignore_ament_install']
[0.464s] Level 1:colcon.colcon_core.package_identification:_identify(src/dave/gazebo/dave_gz_multibeam_sonar/multibeam_sonar_system) by extension 'ignore'
[0.464s] Level 1:colcon.colcon_core.package_identification:_identify(src/dave/gazebo/dave_gz_multibeam_sonar/multibeam_sonar_system) by extension 'ignore_ament_install'
[0.464s] Level 1:colcon.colcon_core.package_identification:_identify(src/dave/gazebo/dave_gz_multibeam_sonar/multibeam_sonar_system) by extensions ['colcon_pkg']
[0.464s] Level 1:colcon.colcon_core.package_identification:_identify(src/dave/gazebo/dave_gz_multibeam_sonar/multibeam_sonar_system) by extension 'colcon_pkg'
[0.464s] Level 1:colcon.colcon_core.package_identification:_identify(src/dave/gazebo/dave_gz_multibeam_sonar/multibeam_sonar_system) by extensions ['colcon_meta']
[0.464s] Level 1:colcon.colcon_core.package_identification:_identify(src/dave/gazebo/dave_gz_multibeam_sonar/multibeam_sonar_system) by extension 'colcon_meta'
[0.464s] Level 1:colcon.colcon_core.package_identification:_identify(src/dave/gazebo/dave_gz_multibeam_sonar/multibeam_sonar_system) by extensions ['ros']
[0.464s] Level 1:colcon.colcon_core.package_identification:_identify(src/dave/gazebo/dave_gz_multibeam_sonar/multibeam_sonar_system) by extension 'ros'
[0.465s] DEBUG:colcon.colcon_core.package_identification:Package 'src/dave/gazebo/dave_gz_multibeam_sonar/multibeam_sonar_system' with type 'ros.ament_cmake' and name 'multibeam_sonar_system'
[0.465s] Level 1:colcon.colcon_core.package_identification:_identify(src/dave/gazebo/dave_gz_sensor_plugins) by extensions ['ignore', 'ignore_ament_install']
[0.466s] Level 1:colcon.colcon_core.package_identification:_identify(src/dave/gazebo/dave_gz_sensor_plugins) by extension 'ignore'
[0.466s] Level 1:colcon.colcon_core.package_identification:_identify(src/dave/gazebo/dave_gz_sensor_plugins) by extension 'ignore_ament_install'
[0.466s] Level 1:colcon.colcon_core.package_identification:_identify(src/dave/gazebo/dave_gz_sensor_plugins) by extensions ['colcon_pkg']
[0.466s] Level 1:colcon.colcon_core.package_identification:_identify(src/dave/gazebo/dave_gz_sensor_plugins) by extension 'colcon_pkg'
[0.466s] Level 1:colcon.colcon_core.package_identification:_identify(src/dave/gazebo/dave_gz_sensor_plugins) by extensions ['colcon_meta']
[0.466s] Level 1:colcon.colcon_core.package_identification:_identify(src/dave/gazebo/dave_gz_sensor_plugins) by extension 'colcon_meta'
[0.466s] Level 1:colcon.colcon_core.package_identification:_identify(src/dave/gazebo/dave_gz_sensor_plugins) by extensions ['ros']
[0.466s] Level 1:colcon.colcon_core.package_identification:_identify(src/dave/gazebo/dave_gz_sensor_plugins) by extension 'ros'
[0.467s] DEBUG:colcon.colcon_core.package_identification:Package 'src/dave/gazebo/dave_gz_sensor_plugins' with type 'ros.ament_cmake' and name 'dave_gz_sensor_plugins'
[0.468s] Level 1:colcon.colcon_core.package_identification:_identify(src/dave/gazebo/dave_gz_world_plugins) by extensions ['ignore', 'ignore_ament_install']
[0.468s] Level 1:colcon.colcon_core.package_identification:_identify(src/dave/gazebo/dave_gz_world_plugins) by extension 'ignore'
[0.468s] Level 1:colcon.colcon_core.package_identification:_identify(src/dave/gazebo/dave_gz_world_plugins) by extension 'ignore_ament_install'
[0.468s] Level 1:colcon.colcon_core.package_identification:_identify(src/dave/gazebo/dave_gz_world_plugins) by extensions ['colcon_pkg']
[0.468s] Level 1:colcon.colcon_core.package_identification:_identify(src/dave/gazebo/dave_gz_world_plugins) by extension 'colcon_pkg'
[0.468s] Level 1:colcon.colcon_core.package_identification:_identify(src/dave/gazebo/dave_gz_world_plugins) by extensions ['colcon_meta']
[0.468s] Level 1:colcon.colcon_core.package_identification:_identify(src/dave/gazebo/dave_gz_world_plugins) by extension 'colcon_meta'
[0.468s] Level 1:colcon.colcon_core.package_identification:_identify(src/dave/gazebo/dave_gz_world_plugins) by extensions ['ros']
[0.468s] Level 1:colcon.colcon_core.package_identification:_identify(src/dave/gazebo/dave_gz_world_plugins) by extension 'ros'
[0.469s] DEBUG:colcon.colcon_core.package_identification:Package 'src/dave/gazebo/dave_gz_world_plugins' with type 'ros.ament_cmake' and name 'dave_gz_world_plugins'
[0.469s] Level 1:colcon.colcon_core.package_identification:_identify(src/dave/gazebo/dave_ros_gz_plugins) by extensions ['ignore', 'ignore_ament_install']
[0.470s] Level 1:colcon.colcon_core.package_identification:_identify(src/dave/gazebo/dave_ros_gz_plugins) by extension 'ignore'
[0.470s] Level 1:colcon.colcon_core.package_identification:_identify(src/dave/gazebo/dave_ros_gz_plugins) by extension 'ignore_ament_install'
[0.470s] Level 1:colcon.colcon_core.package_identification:_identify(src/dave/gazebo/dave_ros_gz_plugins) by extensions ['colcon_pkg']
[0.470s] Level 1:colcon.colcon_core.package_identification:_identify(src/dave/gazebo/dave_ros_gz_plugins) by extension 'colcon_pkg'
[0.470s] Level 1:colcon.colcon_core.package_identification:_identify(src/dave/gazebo/dave_ros_gz_plugins) by extensions ['colcon_meta']
[0.470s] Level 1:colcon.colcon_core.package_identification:_identify(src/dave/gazebo/dave_ros_gz_plugins) by extension 'colcon_meta'
[0.470s] Level 1:colcon.colcon_core.package_identification:_identify(src/dave/gazebo/dave_ros_gz_plugins) by extensions ['ros']
[0.470s] Level 1:colcon.colcon_core.package_identification:_identify(src/dave/gazebo/dave_ros_gz_plugins) by extension 'ros'
[0.471s] DEBUG:colcon.colcon_core.package_identification:Package 'src/dave/gazebo/dave_ros_gz_plugins' with type 'ros.ament_cmake' and name 'dave_ros_gz_plugins'
[0.471s] Level 1:colcon.colcon_core.package_identification:_identify(src/dave/models) by extensions ['ignore', 'ignore_ament_install']
[0.472s] Level 1:colcon.colcon_core.package_identification:_identify(src/dave/models) by extension 'ignore'
[0.472s] Level 1:colcon.colcon_core.package_identification:_identify(src/dave/models) by extension 'ignore_ament_install'
[0.472s] Level 1:colcon.colcon_core.package_identification:_identify(src/dave/models) by extensions ['colcon_pkg']
[0.472s] Level 1:colcon.colcon_core.package_identification:_identify(src/dave/models) by extension 'colcon_pkg'
[0.472s] Level 1:colcon.colcon_core.package_identification:_identify(src/dave/models) by extensions ['colcon_meta']
[0.472s] Level 1:colcon.colcon_core.package_identification:_identify(src/dave/models) by extension 'colcon_meta'
[0.472s] Level 1:colcon.colcon_core.package_identification:_identify(src/dave/models) by extensions ['ros']
[0.472s] Level 1:colcon.colcon_core.package_identification:_identify(src/dave/models) by extension 'ros'
[0.472s] Level 1:colcon.colcon_core.package_identification:_identify(src/dave/models) by extensions ['cmake', 'python']
[0.473s] Level 1:colcon.colcon_core.package_identification:_identify(src/dave/models) by extension 'cmake'
[0.473s] Level 1:colcon.colcon_core.package_identification:_identify(src/dave/models) by extension 'python'
[0.473s] Level 1:colcon.colcon_core.package_identification:_identify(src/dave/models) by extensions ['python_setup_py']
[0.473s] Level 1:colcon.colcon_core.package_identification:_identify(src/dave/models) by extension 'python_setup_py'
[0.473s] Level 1:colcon.colcon_core.package_identification:_identify(src/dave/models/dave_object_models) by extensions ['ignore', 'ignore_ament_install']
[0.473s] Level 1:colcon.colcon_core.package_identification:_identify(src/dave/models/dave_object_models) by extension 'ignore'
[0.473s] Level 1:colcon.colcon_core.package_identification:_identify(src/dave/models/dave_object_models) by extension 'ignore_ament_install'
[0.473s] Level 1:colcon.colcon_core.package_identification:_identify(src/dave/models/dave_object_models) by extensions ['colcon_pkg']
[0.473s] Level 1:colcon.colcon_core.package_identification:_identify(src/dave/models/dave_object_models) by extension 'colcon_pkg'
[0.474s] Level 1:colcon.colcon_core.package_identification:_identify(src/dave/models/dave_object_models) by extensions ['colcon_meta']
[0.474s] Level 1:colcon.colcon_core.package_identification:_identify(src/dave/models/dave_object_models) by extension 'colcon_meta'
[0.474s] Level 1:colcon.colcon_core.package_identification:_identify(src/dave/models/dave_object_models) by extensions ['ros']
[0.474s] Level 1:colcon.colcon_core.package_identification:_identify(src/dave/models/dave_object_models) by extension 'ros'
[0.474s] DEBUG:colcon.colcon_core.package_identification:Package 'src/dave/models/dave_object_models' with type 'ros.ament_cmake' and name 'dave_object_models'
[0.475s] Level 1:colcon.colcon_core.package_identification:_identify(src/dave/models/dave_robot_models) by extensions ['ignore', 'ignore_ament_install']
[0.475s] Level 1:colcon.colcon_core.package_identification:_identify(src/dave/models/dave_robot_models) by extension 'ignore'
[0.475s] Level 1:colcon.colcon_core.package_identification:_identify(src/dave/models/dave_robot_models) by extension 'ignore_ament_install'
[0.475s] Level 1:colcon.colcon_core.package_identification:_identify(src/dave/models/dave_robot_models) by extensions ['colcon_pkg']
[0.475s] Level 1:colcon.colcon_core.package_identification:_identify(src/dave/models/dave_robot_models) by extension 'colcon_pkg'
[0.475s] Level 1:colcon.colcon_core.package_identification:_identify(src/dave/models/dave_robot_models) by extensions ['colcon_meta']
[0.475s] Level 1:colcon.colcon_core.package_identification:_identify(src/dave/models/dave_robot_models) by extension 'colcon_meta'
[0.475s] Level 1:colcon.colcon_core.package_identification:_identify(src/dave/models/dave_robot_models) by extensions ['ros']
[0.475s] Level 1:colcon.colcon_core.package_identification:_identify(src/dave/models/dave_robot_models) by extension 'ros'
[0.476s] DEBUG:colcon.colcon_core.package_identification:Package 'src/dave/models/dave_robot_models' with type 'ros.ament_cmake' and name 'dave_robot_models'
[0.477s] Level 1:colcon.colcon_core.package_identification:_identify(src/dave/models/dave_sensor_models) by extensions ['ignore', 'ignore_ament_install']
[0.477s] Level 1:colcon.colcon_core.package_identification:_identify(src/dave/models/dave_sensor_models) by extension 'ignore'
[0.477s] Level 1:colcon.colcon_core.package_identification:_identify(src/dave/models/dave_sensor_models) by extension 'ignore_ament_install'
[0.477s] Level 1:colcon.colcon_core.package_identification:_identify(src/dave/models/dave_sensor_models) by extensions ['colcon_pkg']
[0.477s] Level 1:colcon.colcon_core.package_identification:_identify(src/dave/models/dave_sensor_models) by extension 'colcon_pkg'
[0.477s] Level 1:colcon.colcon_core.package_identification:_identify(src/dave/models/dave_sensor_models) by extensions ['colcon_meta']
[0.477s] Level 1:colcon.colcon_core.package_identification:_identify(src/dave/models/dave_sensor_models) by extension 'colcon_meta'
[0.477s] Level 1:colcon.colcon_core.package_identification:_identify(src/dave/models/dave_sensor_models) by extensions ['ros']
[0.478s] Level 1:colcon.colcon_core.package_identification:_identify(src/dave/models/dave_sensor_models) by extension 'ros'
[0.478s] DEBUG:colcon.colcon_core.package_identification:Package 'src/dave/models/dave_sensor_models' with type 'ros.ament_cmake' and name 'dave_sensor_models'
[0.478s] Level 1:colcon.colcon_core.package_identification:_identify(src/dave/models/dave_worlds) by extensions ['ignore', 'ignore_ament_install']
[0.479s] Level 1:colcon.colcon_core.package_identification:_identify(src/dave/models/dave_worlds) by extension 'ignore'
[0.479s] Level 1:colcon.colcon_core.package_identification:_identify(src/dave/models/dave_worlds) by extension 'ignore_ament_install'
[0.479s] Level 1:colcon.colcon_core.package_identification:_identify(src/dave/models/dave_worlds) by extensions ['colcon_pkg']
[0.479s] Level 1:colcon.colcon_core.package_identification:_identify(src/dave/models/dave_worlds) by extension 'colcon_pkg'
[0.479s] Level 1:colcon.colcon_core.package_identification:_identify(src/dave/models/dave_worlds) by extensions ['colcon_meta']
[0.479s] Level 1:colcon.colcon_core.package_identification:_identify(src/dave/models/dave_worlds) by extension 'colcon_meta'
[0.479s] Level 1:colcon.colcon_core.package_identification:_identify(src/dave/models/dave_worlds) by extensions ['ros']
[0.479s] Level 1:colcon.colcon_core.package_identification:_identify(src/dave/models/dave_worlds) by extension 'ros'
[0.480s] DEBUG:colcon.colcon_core.package_identification:Package 'src/dave/models/dave_worlds' with type 'ros.ament_cmake' and name 'dave_worlds'
[0.480s] Level 1:colcon.colcon_core.package_discovery:discover_packages(recursive) using defaults
[0.480s] Level 1:colcon.colcon_core.package_discovery:discover_packages(ignore) discover
[0.480s] Level 1:colcon.colcon_core.package_discovery:discover_packages(ignore) using defaults
[0.480s] Level 1:colcon.colcon_core.package_discovery:discover_packages(path) discover
[0.480s] Level 1:colcon.colcon_core.package_discovery:discover_packages(path) using defaults
[0.514s] Level 1:colcon.colcon_core.package_discovery:discover_packages(prefix_path) check parameters
[0.514s] Level 1:colcon.colcon_core.package_discovery:discover_packages(prefix_path) discover
[0.518s] WARNING:colcon.colcon_core.prefix_path.colcon:The path '/home/ironie/dave_ws/install' in the environment variable COLCON_PREFIX_PATH doesn't exist
[0.518s] WARNING:colcon.colcon_ros.prefix_path.ament:The path '/home/ironie/HornetXII_sims/install/multibeam_sonar_system' in the environment variable AMENT_PREFIX_PATH doesn't exist
[0.518s] WARNING:colcon.colcon_ros.prefix_path.ament:The path '/home/ironie/HornetXII_sims/install/multibeam_sonar' in the environment variable AMENT_PREFIX_PATH doesn't exist
[0.518s] WARNING:colcon.colcon_ros.prefix_path.ament:The path '/home/ironie/HornetXII_sims/install/dave_worlds' in the environment variable AMENT_PREFIX_PATH doesn't exist
[0.518s] WARNING:colcon.colcon_ros.prefix_path.ament:The path '/home/ironie/HornetXII_sims/install/dave_sensor_models' in the environment variable AMENT_PREFIX_PATH doesn't exist
[0.518s] WARNING:colcon.colcon_ros.prefix_path.ament:The path '/home/ironie/HornetXII_sims/install/dave_gz_model_plugins' in the environment variable AMENT_PREFIX_PATH doesn't exist
[0.518s] WARNING:colcon.colcon_ros.prefix_path.ament:The path '/home/ironie/HornetXII_sims/install/dave_ros_gz_plugins' in the environment variable AMENT_PREFIX_PATH doesn't exist
[0.518s] WARNING:colcon.colcon_ros.prefix_path.ament:The path '/home/ironie/HornetXII_sims/install/dave_robot_models' in the environment variable AMENT_PREFIX_PATH doesn't exist
[0.519s] WARNING:colcon.colcon_ros.prefix_path.ament:The path '/home/ironie/HornetXII_sims/install/dave_object_models' in the environment variable AMENT_PREFIX_PATH doesn't exist
[0.519s] WARNING:colcon.colcon_ros.prefix_path.ament:The path '/home/ironie/HornetXII_sims/install/dave_multibeam_sonar_demo' in the environment variable AMENT_PREFIX_PATH doesn't exist
[0.519s] WARNING:colcon.colcon_ros.prefix_path.ament:The path '/home/ironie/HornetXII_sims/install/dave_gz_world_plugins' in the environment variable AMENT_PREFIX_PATH doesn't exist
[0.519s] WARNING:colcon.colcon_ros.prefix_path.ament:The path '/home/ironie/HornetXII_sims/install/dave_gz_sensor_plugins' in the environment variable AMENT_PREFIX_PATH doesn't exist
[0.519s] WARNING:colcon.colcon_ros.prefix_path.ament:The path '/home/ironie/HornetXII_sims/install/dave_interfaces' in the environment variable AMENT_PREFIX_PATH doesn't exist
[0.519s] WARNING:colcon.colcon_ros.prefix_path.ament:The path '/home/ironie/HornetXII_sims/install/dave_demos' in the environment variable AMENT_PREFIX_PATH doesn't exist
[0.519s] WARNING:colcon.colcon_ros.prefix_path.ament:The path '/home/ironie/HornetXII_sims/install/auv_controls' in the environment variable AMENT_PREFIX_PATH doesn't exist
[0.519s] WARNING:colcon.colcon_ros.prefix_path.ament:The path '/home/ironie/dave_ws/install/multibeam_sonar_system' in the environment variable AMENT_PREFIX_PATH doesn't exist
[0.519s] WARNING:colcon.colcon_ros.prefix_path.ament:The path '/home/ironie/dave_ws/install/dave_worlds' in the environment variable AMENT_PREFIX_PATH doesn't exist
[0.520s] WARNING:colcon.colcon_ros.prefix_path.ament:The path '/home/ironie/dave_ws/install/dave_sensor_models' in the environment variable AMENT_PREFIX_PATH doesn't exist
[0.520s] WARNING:colcon.colcon_ros.prefix_path.ament:The path '/home/ironie/dave_ws/install/dave_robot_models' in the environment variable AMENT_PREFIX_PATH doesn't exist
[0.520s] WARNING:colcon.colcon_ros.prefix_path.ament:The path '/home/ironie/dave_ws/install/dave_object_models' in the environment variable AMENT_PREFIX_PATH doesn't exist
[0.520s] WARNING:colcon.colcon_ros.prefix_path.ament:The path '/home/ironie/dave_ws/install/dave_multibeam_sonar_demo' in the environment variable AMENT_PREFIX_PATH doesn't exist
[0.520s] WARNING:colcon.colcon_ros.prefix_path.ament:The path '/home/ironie/dave_ws/install/dave_interfaces' in the environment variable AMENT_PREFIX_PATH doesn't exist
[0.520s] WARNING:colcon.colcon_ros.prefix_path.ament:The path '/home/ironie/dave_ws/install/dave_demos' in the environment variable AMENT_PREFIX_PATH doesn't exist
[0.520s] WARNING:colcon.colcon_ros.prefix_path.ament:The path '/home/ironie/dave_ws/install/auv_controls' in the environment variable AMENT_PREFIX_PATH doesn't exist
[0.522s] WARNING:colcon.colcon_ros.prefix_path.catkin:The path '/home/ironie/HornetXII_sims/install/multibeam_sonar_system' in the environment variable CMAKE_PREFIX_PATH doesn't exist
[0.522s] WARNING:colcon.colcon_ros.prefix_path.catkin:The path '/home/ironie/HornetXII_sims/install/multibeam_sonar' in the environment variable CMAKE_PREFIX_PATH doesn't exist
[0.522s] WARNING:colcon.colcon_ros.prefix_path.catkin:The path '/home/ironie/HornetXII_sims/install/dave_worlds' in the environment variable CMAKE_PREFIX_PATH doesn't exist
[0.522s] WARNING:colcon.colcon_ros.prefix_path.catkin:The path '/home/ironie/HornetXII_sims/install/dave_sensor_models' in the environment variable CMAKE_PREFIX_PATH doesn't exist
[0.522s] WARNING:colcon.colcon_ros.prefix_path.catkin:The path '/home/ironie/HornetXII_sims/install/dave_gz_model_plugins' in the environment variable CMAKE_PREFIX_PATH doesn't exist
[0.522s] WARNING:colcon.colcon_ros.prefix_path.catkin:The path '/home/ironie/HornetXII_sims/install/dave_ros_gz_plugins' in the environment variable CMAKE_PREFIX_PATH doesn't exist
[0.522s] WARNING:colcon.colcon_ros.prefix_path.catkin:The path '/home/ironie/HornetXII_sims/install/dave_robot_models' in the environment variable CMAKE_PREFIX_PATH doesn't exist
[0.522s] WARNING:colcon.colcon_ros.prefix_path.catkin:The path '/home/ironie/HornetXII_sims/install/dave_object_models' in the environment variable CMAKE_PREFIX_PATH doesn't exist
[0.523s] WARNING:colcon.colcon_ros.prefix_path.catkin:The path '/home/ironie/HornetXII_sims/install/dave_multibeam_sonar_demo' in the environment variable CMAKE_PREFIX_PATH doesn't exist
[0.523s] WARNING:colcon.colcon_ros.prefix_path.catkin:The path '/home/ironie/HornetXII_sims/install/dave_gz_world_plugins' in the environment variable CMAKE_PREFIX_PATH doesn't exist
[0.523s] WARNING:colcon.colcon_ros.prefix_path.catkin:The path '/home/ironie/HornetXII_sims/install/dave_gz_sensor_plugins' in the environment variable CMAKE_PREFIX_PATH doesn't exist
[0.523s] WARNING:colcon.colcon_ros.prefix_path.catkin:The path '/home/ironie/HornetXII_sims/install/dave_interfaces' in the environment variable CMAKE_PREFIX_PATH doesn't exist
[0.523s] WARNING:colcon.colcon_ros.prefix_path.catkin:The path '/home/ironie/HornetXII_sims/install/dave_demos' in the environment variable CMAKE_PREFIX_PATH doesn't exist
[0.523s] WARNING:colcon.colcon_ros.prefix_path.catkin:The path '/home/ironie/HornetXII_sims/install/auv_controls' in the environment variable CMAKE_PREFIX_PATH doesn't exist
[0.523s] WARNING:colcon.colcon_ros.prefix_path.catkin:The path '/home/ironie/dave_ws/install/multibeam_sonar_system' in the environment variable CMAKE_PREFIX_PATH doesn't exist
[0.523s] WARNING:colcon.colcon_ros.prefix_path.catkin:The path '/home/ironie/dave_ws/install/dave_worlds' in the environment variable CMAKE_PREFIX_PATH doesn't exist
[0.523s] WARNING:colcon.colcon_ros.prefix_path.catkin:The path '/home/ironie/dave_ws/install/dave_sensor_models' in the environment variable CMAKE_PREFIX_PATH doesn't exist
[0.523s] WARNING:colcon.colcon_ros.prefix_path.catkin:The path '/home/ironie/dave_ws/install/dave_robot_models' in the environment variable CMAKE_PREFIX_PATH doesn't exist
[0.524s] WARNING:colcon.colcon_ros.prefix_path.catkin:The path '/home/ironie/dave_ws/install/dave_object_models' in the environment variable CMAKE_PREFIX_PATH doesn't exist
[0.524s] WARNING:colcon.colcon_ros.prefix_path.catkin:The path '/home/ironie/dave_ws/install/dave_multibeam_sonar_demo' in the environment variable CMAKE_PREFIX_PATH doesn't exist
[0.524s] WARNING:colcon.colcon_ros.prefix_path.catkin:The path '/home/ironie/dave_ws/install/dave_interfaces' in the environment variable CMAKE_PREFIX_PATH doesn't exist
[0.524s] WARNING:colcon.colcon_ros.prefix_path.catkin:The path '/home/ironie/dave_ws/install/dave_demos' in the environment variable CMAKE_PREFIX_PATH doesn't exist
[0.524s] WARNING:colcon.colcon_ros.prefix_path.catkin:The path '/home/ironie/dave_ws/install/auv_controls' in the environment variable CMAKE_PREFIX_PATH doesn't exist
[0.526s] DEBUG:colcon.colcon_installed_package_information.package_discovery:Found 0 installed packages in /home/ironie/HornetXII_sims/install
[0.528s] DEBUG:colcon.colcon_installed_package_information.package_discovery:Found 1 installed packages in /home/ironie/testGazebo/install
[0.529s] DEBUG:colcon.colcon_installed_package_information.package_discovery:Found 1 installed packages in /home/ironie/assignment3/install
[0.535s] DEBUG:colcon.colcon_installed_package_information.package_discovery:Found 421 installed packages in /opt/ros/jazzy
[0.536s] Level 1:colcon.colcon_core.package_discovery:discover_packages(prefix_path) using defaults
[0.707s] Level 5:colcon.colcon_core.verb:set package 'auv_controls' build argument 'cmake_args' from command line to 'None'
[0.707s] Level 5:colcon.colcon_core.verb:set package 'auv_controls' build argument 'cmake_target' from command line to 'None'
[0.707s] Level 5:colcon.colcon_core.verb:set package 'auv_controls' build argument 'cmake_target_skip_unavailable' from command line to 'False'
[0.707s] Level 5:colcon.colcon_core.verb:set package 'auv_controls' build argument 'cmake_clean_cache' from command line to 'False'
[0.707s] Level 5:colcon.colcon_core.verb:set package 'auv_controls' build argument 'cmake_clean_first' from command line to 'False'
[0.707s] Level 5:colcon.colcon_core.verb:set package 'auv_controls' build argument 'cmake_force_configure' from command line to 'False'
[0.707s] Level 5:colcon.colcon_core.verb:set package 'auv_controls' build argument 'ament_cmake_args' from command line to 'None'
[0.707s] Level 5:colcon.colcon_core.verb:set package 'auv_controls' build argument 'catkin_cmake_args' from command line to 'None'
[0.707s] Level 5:colcon.colcon_core.verb:set package 'auv_controls' build argument 'catkin_skip_building_tests' from command line to 'False'
[0.707s] DEBUG:colcon.colcon_core.verb:Building package 'auv_controls' with the following arguments: {'ament_cmake_args': None, 'build_base': '/home/ironie/HornetXII_sims/build/auv_controls', 'catkin_cmake_args': None, 'catkin_skip_building_tests': False, 'cmake_args': None, 'cmake_clean_cache': False, 'cmake_clean_first': False, 'cmake_force_configure': False, 'cmake_target': None, 'cmake_target_skip_unavailable': False, 'install_base': '/home/ironie/HornetXII_sims/install/auv_controls', 'merge_install': False, 'path': '/home/ironie/HornetXII_sims/src/auv_controls', 'symlink_install': True, 'test_result_base': None}
[0.707s] Level 5:colcon.colcon_core.verb:set package 'auv_sims' build argument 'cmake_args' from command line to 'None'
[0.707s] Level 5:colcon.colcon_core.verb:set package 'auv_sims' build argument 'cmake_target' from command line to 'None'
[0.707s] Level 5:colcon.colcon_core.verb:set package 'auv_sims' build argument 'cmake_target_skip_unavailable' from command line to 'False'
[0.707s] Level 5:colcon.colcon_core.verb:set package 'auv_sims' build argument 'cmake_clean_cache' from command line to 'False'
[0.707s] Level 5:colcon.colcon_core.verb:set package 'auv_sims' build argument 'cmake_clean_first' from command line to 'False'
[0.707s] Level 5:colcon.colcon_core.verb:set package 'auv_sims' build argument 'cmake_force_configure' from command line to 'False'
[0.707s] Level 5:colcon.colcon_core.verb:set package 'auv_sims' build argument 'ament_cmake_args' from command line to 'None'
[0.707s] Level 5:colcon.colcon_core.verb:set package 'auv_sims' build argument 'catkin_cmake_args' from command line to 'None'
[0.707s] Level 5:colcon.colcon_core.verb:set package 'auv_sims' build argument 'catkin_skip_building_tests' from command line to 'False'
[0.707s] DEBUG:colcon.colcon_core.verb:Building package 'auv_sims' with the following arguments: {'ament_cmake_args': None, 'build_base': '/home/ironie/HornetXII_sims/build/auv_sims', 'catkin_cmake_args': None, 'catkin_skip_building_tests': False, 'cmake_args': None, 'cmake_clean_cache': False, 'cmake_clean_first': False, 'cmake_force_configure': False, 'cmake_target': None, 'cmake_target_skip_unavailable': False, 'install_base': '/home/ironie/HornetXII_sims/install/auv_sims', 'merge_install': False, 'path': '/home/ironie/HornetXII_sims/src/auv_sims', 'symlink_install': True, 'test_result_base': None}
[0.708s] Level 5:colcon.colcon_core.verb:set package 'dave_demos' build argument 'cmake_args' from command line to 'None'
[0.708s] Level 5:colcon.colcon_core.verb:set package 'dave_demos' build argument 'cmake_target' from command line to 'None'
[0.708s] Level 5:colcon.colcon_core.verb:set package 'dave_demos' build argument 'cmake_target_skip_unavailable' from command line to 'False'
[0.708s] Level 5:colcon.colcon_core.verb:set package 'dave_demos' build argument 'cmake_clean_cache' from command line to 'False'
[0.708s] Level 5:colcon.colcon_core.verb:set package 'dave_demos' build argument 'cmake_clean_first' from command line to 'False'
[0.708s] Level 5:colcon.colcon_core.verb:set package 'dave_demos' build argument 'cmake_force_configure' from command line to 'False'
[0.708s] Level 5:colcon.colcon_core.verb:set package 'dave_demos' build argument 'ament_cmake_args' from command line to 'None'
[0.708s] Level 5:colcon.colcon_core.verb:set package 'dave_demos' build argument 'catkin_cmake_args' from command line to 'None'
[0.708s] Level 5:colcon.colcon_core.verb:set package 'dave_demos' build argument 'catkin_skip_building_tests' from command line to 'False'
[0.708s] DEBUG:colcon.colcon_core.verb:Building package 'dave_demos' with the following arguments: {'ament_cmake_args': None, 'build_base': '/home/ironie/HornetXII_sims/build/dave_demos', 'catkin_cmake_args': None, 'catkin_skip_building_tests': False, 'cmake_args': None, 'cmake_clean_cache': False, 'cmake_clean_first': False, 'cmake_force_configure': False, 'cmake_target': None, 'cmake_target_skip_unavailable': False, 'install_base': '/home/ironie/HornetXII_sims/install/dave_demos', 'merge_install': False, 'path': '/home/ironie/HornetXII_sims/src/dave/examples/dave_demos', 'symlink_install': True, 'test_result_base': None}
[0.708s] Level 5:colcon.colcon_core.verb:set package 'dave_interfaces' build argument 'cmake_args' from command line to 'None'
[0.708s] Level 5:colcon.colcon_core.verb:set package 'dave_interfaces' build argument 'cmake_target' from command line to 'None'
[0.708s] Level 5:colcon.colcon_core.verb:set package 'dave_interfaces' build argument 'cmake_target_skip_unavailable' from command line to 'False'
[0.708s] Level 5:colcon.colcon_core.verb:set package 'dave_interfaces' build argument 'cmake_clean_cache' from command line to 'False'
[0.708s] Level 5:colcon.colcon_core.verb:set package 'dave_interfaces' build argument 'cmake_clean_first' from command line to 'False'
[0.708s] Level 5:colcon.colcon_core.verb:set package 'dave_interfaces' build argument 'cmake_force_configure' from command line to 'False'
[0.708s] Level 5:colcon.colcon_core.verb:set package 'dave_interfaces' build argument 'ament_cmake_args' from command line to 'None'
[0.708s] Level 5:colcon.colcon_core.verb:set package 'dave_interfaces' build argument 'catkin_cmake_args' from command line to 'None'
[0.708s] Level 5:colcon.colcon_core.verb:set package 'dave_interfaces' build argument 'catkin_skip_building_tests' from command line to 'False'
[0.708s] DEBUG:colcon.colcon_core.verb:Building package 'dave_interfaces' with the following arguments: {'ament_cmake_args': None, 'build_base': '/home/ironie/HornetXII_sims/build/dave_interfaces', 'catkin_cmake_args': None, 'catkin_skip_building_tests': False, 'cmake_args': None, 'cmake_clean_cache': False, 'cmake_clean_first': False, 'cmake_force_configure': False, 'cmake_target': None, 'cmake_target_skip_unavailable': False, 'install_base': '/home/ironie/HornetXII_sims/install/dave_interfaces', 'merge_install': False, 'path': '/home/ironie/HornetXII_sims/src/dave/dave_interfaces', 'symlink_install': True, 'test_result_base': None}
[0.709s] Level 5:colcon.colcon_core.verb:set package 'dave_multibeam_sonar_demo' build argument 'cmake_args' from command line to 'None'
[0.709s] Level 5:colcon.colcon_core.verb:set package 'dave_multibeam_sonar_demo' build argument 'cmake_target' from command line to 'None'
[0.709s] Level 5:colcon.colcon_core.verb:set package 'dave_multibeam_sonar_demo' build argument 'cmake_target_skip_unavailable' from command line to 'False'
[0.709s] Level 5:colcon.colcon_core.verb:set package 'dave_multibeam_sonar_demo' build argument 'cmake_clean_cache' from command line to 'False'
[0.709s] Level 5:colcon.colcon_core.verb:set package 'dave_multibeam_sonar_demo' build argument 'cmake_clean_first' from command line to 'False'
[0.709s] Level 5:colcon.colcon_core.verb:set package 'dave_multibeam_sonar_demo' build argument 'cmake_force_configure' from command line to 'False'
[0.709s] Level 5:colcon.colcon_core.verb:set package 'dave_multibeam_sonar_demo' build argument 'ament_cmake_args' from command line to 'None'
[0.709s] Level 5:colcon.colcon_core.verb:set package 'dave_multibeam_sonar_demo' build argument 'catkin_cmake_args' from command line to 'None'
[0.709s] Level 5:colcon.colcon_core.verb:set package 'dave_multibeam_sonar_demo' build argument 'catkin_skip_building_tests' from command line to 'False'
[0.709s] DEBUG:colcon.colcon_core.verb:Building package 'dave_multibeam_sonar_demo' with the following arguments: {'ament_cmake_args': None, 'build_base': '/home/ironie/HornetXII_sims/build/dave_multibeam_sonar_demo', 'catkin_cmake_args': None, 'catkin_skip_building_tests': False, 'cmake_args': None, 'cmake_clean_cache': False, 'cmake_clean_first': False, 'cmake_force_configure': False, 'cmake_target': None, 'cmake_target_skip_unavailable': False, 'install_base': '/home/ironie/HornetXII_sims/install/dave_multibeam_sonar_demo', 'merge_install': False, 'path': '/home/ironie/HornetXII_sims/src/dave/gazebo/dave_gz_multibeam_sonar/multibeam_sonar_demo', 'symlink_install': True, 'test_result_base': None}
[0.709s] Level 5:colcon.colcon_core.verb:set package 'dave_object_models' build argument 'cmake_args' from command line to 'None'
[0.709s] Level 5:colcon.colcon_core.verb:set package 'dave_object_models' build argument 'cmake_target' from command line to 'None'
[0.709s] Level 5:colcon.colcon_core.verb:set package 'dave_object_models' build argument 'cmake_target_skip_unavailable' from command line to 'False'
[0.709s] Level 5:colcon.colcon_core.verb:set package 'dave_object_models' build argument 'cmake_clean_cache' from command line to 'False'
[0.709s] Level 5:colcon.colcon_core.verb:set package 'dave_object_models' build argument 'cmake_clean_first' from command line to 'False'
[0.709s] Level 5:colcon.colcon_core.verb:set package 'dave_object_models' build argument 'cmake_force_configure' from command line to 'False'
[0.709s] Level 5:colcon.colcon_core.verb:set package 'dave_object_models' build argument 'ament_cmake_args' from command line to 'None'
[0.709s] Level 5:colcon.colcon_core.verb:set package 'dave_object_models' build argument 'catkin_cmake_args' from command line to 'None'
[0.709s] Level 5:colcon.colcon_core.verb:set package 'dave_object_models' build argument 'catkin_skip_building_tests' from command line to 'False'
[0.709s] DEBUG:colcon.colcon_core.verb:Building package 'dave_object_models' with the following arguments: {'ament_cmake_args': None, 'build_base': '/home/ironie/HornetXII_sims/build/dave_object_models', 'catkin_cmake_args': None, 'catkin_skip_building_tests': False, 'cmake_args': None, 'cmake_clean_cache': False, 'cmake_clean_first': False, 'cmake_force_configure': False, 'cmake_target': None, 'cmake_target_skip_unavailable': False, 'install_base': '/home/ironie/HornetXII_sims/install/dave_object_models', 'merge_install': False, 'path': '/home/ironie/HornetXII_sims/src/dave/models/dave_object_models', 'symlink_install': True, 'test_result_base': None}
[0.710s] Level 5:colcon.colcon_core.verb:set package 'dave_robot_models' build argument 'cmake_args' from command line to 'None'
[0.710s] Level 5:colcon.colcon_core.verb:set package 'dave_robot_models' build argument 'cmake_target' from command line to 'None'
[0.710s] Level 5:colcon.colcon_core.verb:set package 'dave_robot_models' build argument 'cmake_target_skip_unavailable' from command line to 'False'
[0.710s] Level 5:colcon.colcon_core.verb:set package 'dave_robot_models' build argument 'cmake_clean_cache' from command line to 'False'
[0.710s] Level 5:colcon.colcon_core.verb:set package 'dave_robot_models' build argument 'cmake_clean_first' from command line to 'False'
[0.710s] Level 5:colcon.colcon_core.verb:set package 'dave_robot_models' build argument 'cmake_force_configure' from command line to 'False'
[0.710s] Level 5:colcon.colcon_core.verb:set package 'dave_robot_models' build argument 'ament_cmake_args' from command line to 'None'
[0.710s] Level 5:colcon.colcon_core.verb:set package 'dave_robot_models' build argument 'catkin_cmake_args' from command line to 'None'
[0.710s] Level 5:colcon.colcon_core.verb:set package 'dave_robot_models' build argument 'catkin_skip_building_tests' from command line to 'False'
[0.710s] DEBUG:colcon.colcon_core.verb:Building package 'dave_robot_models' with the following arguments: {'ament_cmake_args': None, 'build_base': '/home/ironie/HornetXII_sims/build/dave_robot_models', 'catkin_cmake_args': None, 'catkin_skip_building_tests': False, 'cmake_args': None, 'cmake_clean_cache': False, 'cmake_clean_first': False, 'cmake_force_configure': False, 'cmake_target': None, 'cmake_target_skip_unavailable': False, 'install_base': '/home/ironie/HornetXII_sims/install/dave_robot_models', 'merge_install': False, 'path': '/home/ironie/HornetXII_sims/src/dave/models/dave_robot_models', 'symlink_install': True, 'test_result_base': None}
[0.710s] Level 5:colcon.colcon_core.verb:set package 'dave_sensor_models' build argument 'cmake_args' from command line to 'None'
[0.710s] Level 5:colcon.colcon_core.verb:set package 'dave_sensor_models' build argument 'cmake_target' from command line to 'None'
[0.710s] Level 5:colcon.colcon_core.verb:set package 'dave_sensor_models' build argument 'cmake_target_skip_unavailable' from command line to 'False'
[0.710s] Level 5:colcon.colcon_core.verb:set package 'dave_sensor_models' build argument 'cmake_clean_cache' from command line to 'False'
[0.710s] Level 5:colcon.colcon_core.verb:set package 'dave_sensor_models' build argument 'cmake_clean_first' from command line to 'False'
[0.710s] Level 5:colcon.colcon_core.verb:set package 'dave_sensor_models' build argument 'cmake_force_configure' from command line to 'False'
[0.710s] Level 5:colcon.colcon_core.verb:set package 'dave_sensor_models' build argument 'ament_cmake_args' from command line to 'None'
[0.710s] Level 5:colcon.colcon_core.verb:set package 'dave_sensor_models' build argument 'catkin_cmake_args' from command line to 'None'
[0.710s] Level 5:colcon.colcon_core.verb:set package 'dave_sensor_models' build argument 'catkin_skip_building_tests' from command line to 'False'
[0.710s] DEBUG:colcon.colcon_core.verb:Building package 'dave_sensor_models' with the following arguments: {'ament_cmake_args': None, 'build_base': '/home/ironie/HornetXII_sims/build/dave_sensor_models', 'catkin_cmake_args': None, 'catkin_skip_building_tests': False, 'cmake_args': None, 'cmake_clean_cache': False, 'cmake_clean_first': False, 'cmake_force_configure': False, 'cmake_target': None, 'cmake_target_skip_unavailable': False, 'install_base': '/home/ironie/HornetXII_sims/install/dave_sensor_models', 'merge_install': False, 'path': '/home/ironie/HornetXII_sims/src/dave/models/dave_sensor_models', 'symlink_install': True, 'test_result_base': None}
[0.710s] Level 5:colcon.colcon_core.verb:set package 'dave_worlds' build argument 'cmake_args' from command line to 'None'
[0.710s] Level 5:colcon.colcon_core.verb:set package 'dave_worlds' build argument 'cmake_target' from command line to 'None'
[0.710s] Level 5:colcon.colcon_core.verb:set package 'dave_worlds' build argument 'cmake_target_skip_unavailable' from command line to 'False'
[0.711s] Level 5:colcon.colcon_core.verb:set package 'dave_worlds' build argument 'cmake_clean_cache' from command line to 'False'
[0.711s] Level 5:colcon.colcon_core.verb:set package 'dave_worlds' build argument 'cmake_clean_first' from command line to 'False'
[0.711s] Level 5:colcon.colcon_core.verb:set package 'dave_worlds' build argument 'cmake_force_configure' from command line to 'False'
[0.711s] Level 5:colcon.colcon_core.verb:set package 'dave_worlds' build argument 'ament_cmake_args' from command line to 'None'
[0.711s] Level 5:colcon.colcon_core.verb:set package 'dave_worlds' build argument 'catkin_cmake_args' from command line to 'None'
[0.711s] Level 5:colcon.colcon_core.verb:set package 'dave_worlds' build argument 'catkin_skip_building_tests' from command line to 'False'
[0.711s] DEBUG:colcon.colcon_core.verb:Building package 'dave_worlds' with the following arguments: {'ament_cmake_args': None, 'build_base': '/home/ironie/HornetXII_sims/build/dave_worlds', 'catkin_cmake_args': None, 'catkin_skip_building_tests': False, 'cmake_args': None, 'cmake_clean_cache': False, 'cmake_clean_first': False, 'cmake_force_configure': False, 'cmake_target': None, 'cmake_target_skip_unavailable': False, 'install_base': '/home/ironie/HornetXII_sims/install/dave_worlds', 'merge_install': False, 'path': '/home/ironie/HornetXII_sims/src/dave/models/dave_worlds', 'symlink_install': True, 'test_result_base': None}
[0.711s] Level 5:colcon.colcon_core.verb:set package 'multibeam_sonar_system' build argument 'cmake_args' from command line to 'None'
[0.711s] Level 5:colcon.colcon_core.verb:set package 'multibeam_sonar_system' build argument 'cmake_target' from command line to 'None'
[0.711s] Level 5:colcon.colcon_core.verb:set package 'multibeam_sonar_system' build argument 'cmake_target_skip_unavailable' from command line to 'False'
[0.711s] Level 5:colcon.colcon_core.verb:set package 'multibeam_sonar_system' build argument 'cmake_clean_cache' from command line to 'False'
[0.711s] Level 5:colcon.colcon_core.verb:set package 'multibeam_sonar_system' build argument 'cmake_clean_first' from command line to 'False'
[0.711s] Level 5:colcon.colcon_core.verb:set package 'multibeam_sonar_system' build argument 'cmake_force_configure' from command line to 'False'
[0.711s] Level 5:colcon.colcon_core.verb:set package 'multibeam_sonar_system' build argument 'ament_cmake_args' from command line to 'None'
[0.711s] Level 5:colcon.colcon_core.verb:set package 'multibeam_sonar_system' build argument 'catkin_cmake_args' from command line to 'None'
[0.711s] Level 5:colcon.colcon_core.verb:set package 'multibeam_sonar_system' build argument 'catkin_skip_building_tests' from command line to 'False'
[0.711s] DEBUG:colcon.colcon_core.verb:Building package 'multibeam_sonar_system' with the following arguments: {'ament_cmake_args': None, 'build_base': '/home/ironie/HornetXII_sims/build/multibeam_sonar_system', 'catkin_cmake_args': None, 'catkin_skip_building_tests': False, 'cmake_args': None, 'cmake_clean_cache': False, 'cmake_clean_first': False, 'cmake_force_configure': False, 'cmake_target': None, 'cmake_target_skip_unavailable': False, 'install_base': '/home/ironie/HornetXII_sims/install/multibeam_sonar_system', 'merge_install': False, 'path': '/home/ironie/HornetXII_sims/src/dave/gazebo/dave_gz_multibeam_sonar/multibeam_sonar_system', 'symlink_install': True, 'test_result_base': None}
[0.711s] Level 5:colcon.colcon_core.verb:set package 'dave_gz_sensor_plugins' build argument 'cmake_args' from command line to 'None'
[0.711s] Level 5:colcon.colcon_core.verb:set package 'dave_gz_sensor_plugins' build argument 'cmake_target' from command line to 'None'
[0.711s] Level 5:colcon.colcon_core.verb:set package 'dave_gz_sensor_plugins' build argument 'cmake_target_skip_unavailable' from command line to 'False'
[0.711s] Level 5:colcon.colcon_core.verb:set package 'dave_gz_sensor_plugins' build argument 'cmake_clean_cache' from command line to 'False'
[0.711s] Level 5:colcon.colcon_core.verb:set package 'dave_gz_sensor_plugins' build argument 'cmake_clean_first' from command line to 'False'
[0.711s] Level 5:colcon.colcon_core.verb:set package 'dave_gz_sensor_plugins' build argument 'cmake_force_configure' from command line to 'False'
[0.711s] Level 5:colcon.colcon_core.verb:set package 'dave_gz_sensor_plugins' build argument 'ament_cmake_args' from command line to 'None'
[0.712s] Level 5:colcon.colcon_core.verb:set package 'dave_gz_sensor_plugins' build argument 'catkin_cmake_args' from command line to 'None'
[0.712s] Level 5:colcon.colcon_core.verb:set package 'dave_gz_sensor_plugins' build argument 'catkin_skip_building_tests' from command line to 'False'
[0.712s] DEBUG:colcon.colcon_core.verb:Building package 'dave_gz_sensor_plugins' with the following arguments: {'ament_cmake_args': None, 'build_base': '/home/ironie/HornetXII_sims/build/dave_gz_sensor_plugins', 'catkin_cmake_args': None, 'catkin_skip_building_tests': False, 'cmake_args': None, 'cmake_clean_cache': False, 'cmake_clean_first': False, 'cmake_force_configure': False, 'cmake_target': None, 'cmake_target_skip_unavailable': False, 'install_base': '/home/ironie/HornetXII_sims/install/dave_gz_sensor_plugins', 'merge_install': False, 'path': '/home/ironie/HornetXII_sims/src/dave/gazebo/dave_gz_sensor_plugins', 'symlink_install': True, 'test_result_base': None}
[0.712s] Level 5:colcon.colcon_core.verb:set package 'dave_gz_world_plugins' build argument 'cmake_args' from command line to 'None'
[0.712s] Level 5:colcon.colcon_core.verb:set package 'dave_gz_world_plugins' build argument 'cmake_target' from command line to 'None'
[0.712s] Level 5:colcon.colcon_core.verb:set package 'dave_gz_world_plugins' build argument 'cmake_target_skip_unavailable' from command line to 'False'
[0.712s] Level 5:colcon.colcon_core.verb:set package 'dave_gz_world_plugins' build argument 'cmake_clean_cache' from command line to 'False'
[0.712s] Level 5:colcon.colcon_core.verb:set package 'dave_gz_world_plugins' build argument 'cmake_clean_first' from command line to 'False'
[0.712s] Level 5:colcon.colcon_core.verb:set package 'dave_gz_world_plugins' build argument 'cmake_force_configure' from command line to 'False'
[0.712s] Level 5:colcon.colcon_core.verb:set package 'dave_gz_world_plugins' build argument 'ament_cmake_args' from command line to 'None'
[0.712s] Level 5:colcon.colcon_core.verb:set package 'dave_gz_world_plugins' build argument 'catkin_cmake_args' from command line to 'None'
[0.712s] Level 5:colcon.colcon_core.verb:set package 'dave_gz_world_plugins' build argument 'catkin_skip_building_tests' from command line to 'False'
[0.713s] DEBUG:colcon.colcon_core.verb:Building package 'dave_gz_world_plugins' with the following arguments: {'ament_cmake_args': None, 'build_base': '/home/ironie/HornetXII_sims/build/dave_gz_world_plugins', 'catkin_cmake_args': None, 'catkin_skip_building_tests': False, 'cmake_args': None, 'cmake_clean_cache': False, 'cmake_clean_first': False, 'cmake_force_configure': False, 'cmake_target': None, 'cmake_target_skip_unavailable': False, 'install_base': '/home/ironie/HornetXII_sims/install/dave_gz_world_plugins', 'merge_install': False, 'path': '/home/ironie/HornetXII_sims/src/dave/gazebo/dave_gz_world_plugins', 'symlink_install': True, 'test_result_base': None}
[0.713s] Level 5:colcon.colcon_core.verb:set package 'multibeam_sonar' build argument 'cmake_args' from command line to 'None'
[0.713s] Level 5:colcon.colcon_core.verb:set package 'multibeam_sonar' build argument 'cmake_target' from command line to 'None'
[0.713s] Level 5:colcon.colcon_core.verb:set package 'multibeam_sonar' build argument 'cmake_target_skip_unavailable' from command line to 'False'
[0.713s] Level 5:colcon.colcon_core.verb:set package 'multibeam_sonar' build argument 'cmake_clean_cache' from command line to 'False'
[0.713s] Level 5:colcon.colcon_core.verb:set package 'multibeam_sonar' build argument 'cmake_clean_first' from command line to 'False'
[0.713s] Level 5:colcon.colcon_core.verb:set package 'multibeam_sonar' build argument 'cmake_force_configure' from command line to 'False'
[0.713s] Level 5:colcon.colcon_core.verb:set package 'multibeam_sonar' build argument 'ament_cmake_args' from command line to 'None'
[0.713s] Level 5:colcon.colcon_core.verb:set package 'multibeam_sonar' build argument 'catkin_cmake_args' from command line to 'None'
[0.713s] Level 5:colcon.colcon_core.verb:set package 'multibeam_sonar' build argument 'catkin_skip_building_tests' from command line to 'False'
[0.713s] DEBUG:colcon.colcon_core.verb:Building package 'multibeam_sonar' with the following arguments: {'ament_cmake_args': None, 'build_base': '/home/ironie/HornetXII_sims/build/multibeam_sonar', 'catkin_cmake_args': None, 'catkin_skip_building_tests': False, 'cmake_args': None, 'cmake_clean_cache': False, 'cmake_clean_first': False, 'cmake_force_configure': False, 'cmake_target': None, 'cmake_target_skip_unavailable': False, 'install_base': '/home/ironie/HornetXII_sims/install/multibeam_sonar', 'merge_install': False, 'path': '/home/ironie/HornetXII_sims/src/dave/gazebo/dave_gz_multibeam_sonar/multibeam_sonar', 'symlink_install': True, 'test_result_base': None}
[0.714s] Level 5:colcon.colcon_core.verb:set package 'dave_ros_gz_plugins' build argument 'cmake_args' from command line to 'None'
[0.714s] Level 5:colcon.colcon_core.verb:set package 'dave_ros_gz_plugins' build argument 'cmake_target' from command line to 'None'
[0.714s] Level 5:colcon.colcon_core.verb:set package 'dave_ros_gz_plugins' build argument 'cmake_target_skip_unavailable' from command line to 'False'
[0.714s] Level 5:colcon.colcon_core.verb:set package 'dave_ros_gz_plugins' build argument 'cmake_clean_cache' from command line to 'False'
[0.714s] Level 5:colcon.colcon_core.verb:set package 'dave_ros_gz_plugins' build argument 'cmake_clean_first' from command line to 'False'
[0.714s] Level 5:colcon.colcon_core.verb:set package 'dave_ros_gz_plugins' build argument 'cmake_force_configure' from command line to 'False'
[0.714s] Level 5:colcon.colcon_core.verb:set package 'dave_ros_gz_plugins' build argument 'ament_cmake_args' from command line to 'None'
[0.714s] Level 5:colcon.colcon_core.verb:set package 'dave_ros_gz_plugins' build argument 'catkin_cmake_args' from command line to 'None'
[0.714s] Level 5:colcon.colcon_core.verb:set package 'dave_ros_gz_plugins' build argument 'catkin_skip_building_tests' from command line to 'False'
[0.714s] DEBUG:colcon.colcon_core.verb:Building package 'dave_ros_gz_plugins' with the following arguments: {'ament_cmake_args': None, 'build_base': '/home/ironie/HornetXII_sims/build/dave_ros_gz_plugins', 'catkin_cmake_args': None, 'catkin_skip_building_tests': False, 'cmake_args': None, 'cmake_clean_cache': False, 'cmake_clean_first': False, 'cmake_force_configure': False, 'cmake_target': None, 'cmake_target_skip_unavailable': False, 'install_base': '/home/ironie/HornetXII_sims/install/dave_ros_gz_plugins', 'merge_install': False, 'path': '/home/ironie/HornetXII_sims/src/dave/gazebo/dave_ros_gz_plugins', 'symlink_install': True, 'test_result_base': None}
[0.715s] Level 5:colcon.colcon_core.verb:set package 'dave_gz_model_plugins' build argument 'cmake_args' from command line to 'None'
[0.715s] Level 5:colcon.colcon_core.verb:set package 'dave_gz_model_plugins' build argument 'cmake_target' from command line to 'None'
[0.715s] Level 5:colcon.colcon_core.verb:set package 'dave_gz_model_plugins' build argument 'cmake_target_skip_unavailable' from command line to 'False'
[0.715s] Level 5:colcon.colcon_core.verb:set package 'dave_gz_model_plugins' build argument 'cmake_clean_cache' from command line to 'False'
[0.715s] Level 5:colcon.colcon_core.verb:set package 'dave_gz_model_plugins' build argument 'cmake_clean_first' from command line to 'False'
[0.715s] Level 5:colcon.colcon_core.verb:set package 'dave_gz_model_plugins' build argument 'cmake_force_configure' from command line to 'False'
[0.715s] Level 5:colcon.colcon_core.verb:set package 'dave_gz_model_plugins' build argument 'ament_cmake_args' from command line to 'None'
[0.715s] Level 5:colcon.colcon_core.verb:set package 'dave_gz_model_plugins' build argument 'catkin_cmake_args' from command line to 'None'
[0.715s] Level 5:colcon.colcon_core.verb:set package 'dave_gz_model_plugins' build argument 'catkin_skip_building_tests' from command line to 'False'
[0.715s] DEBUG:colcon.colcon_core.verb:Building package 'dave_gz_model_plugins' with the following arguments: {'ament_cmake_args': None, 'build_base': '/home/ironie/HornetXII_sims/build/dave_gz_model_plugins', 'catkin_cmake_args': None, 'catkin_skip_building_tests': False, 'cmake_args': None, 'cmake_clean_cache': False, 'cmake_clean_first': False, 'cmake_force_configure': False, 'cmake_target': None, 'cmake_target_skip_unavailable': False, 'install_base': '/home/ironie/HornetXII_sims/install/dave_gz_model_plugins', 'merge_install': False, 'path': '/home/ironie/HornetXII_sims/src/dave/gazebo/dave_gz_model_plugins', 'symlink_install': True, 'test_result_base': None}
[0.715s] INFO:colcon.colcon_core.executor:Executing jobs using 'parallel' executor
[0.716s] DEBUG:colcon.colcon_parallel_executor.executor.parallel:run_until_complete
[0.716s] INFO:colcon.colcon_ros.task.ament_cmake.build:Building ROS package in '/home/ironie/HornetXII_sims/src/dave/dave_interfaces' with build type 'ament_cmake'
[0.717s] INFO:colcon.colcon_cmake.task.cmake.build:Building CMake package in '/home/ironie/HornetXII_sims/src/dave/dave_interfaces'
[0.724s] INFO:colcon.colcon_core.plugin_system:Skipping extension 'colcon_core.shell.bat': Not used on non-Windows systems
[0.724s] INFO:colcon.colcon_core.shell:Skip shell extension 'powershell' for command environment: Not usable outside of PowerShell
[0.724s] DEBUG:colcon.colcon_core.shell:Skip shell extension 'dsv' for command environment
[0.730s] INFO:colcon.colcon_ros.task.ament_cmake.build:Building ROS package in '/home/ironie/HornetXII_sims/src/auv_controls' with build type 'ament_cmake'
[0.730s] INFO:colcon.colcon_cmake.task.cmake.build:Building CMake package in '/home/ironie/HornetXII_sims/src/auv_controls'
[0.730s] INFO:colcon.colcon_core.shell:Skip shell extension 'powershell' for command environment: Not usable outside of PowerShell
[0.730s] DEBUG:colcon.colcon_core.shell:Skip shell extension 'dsv' for command environment
[0.737s] INFO:colcon.colcon_ros.task.ament_cmake.build:Building ROS package in '/home/ironie/HornetXII_sims/src/auv_sims' with build type 'ament_cmake'
[0.737s] INFO:colcon.colcon_cmake.task.cmake.build:Building CMake package in '/home/ironie/HornetXII_sims/src/auv_sims'
[0.737s] INFO:colcon.colcon_core.shell:Skip shell extension 'powershell' for command environment: Not usable outside of PowerShell
[0.737s] DEBUG:colcon.colcon_core.shell:Skip shell extension 'dsv' for command environment
[0.743s] INFO:colcon.colcon_ros.task.ament_cmake.build:Building ROS package in '/home/ironie/HornetXII_sims/src/dave/examples/dave_demos' with build type 'ament_cmake'
[0.743s] INFO:colcon.colcon_cmake.task.cmake.build:Building CMake package in '/home/ironie/HornetXII_sims/src/dave/examples/dave_demos'
[0.743s] INFO:colcon.colcon_core.shell:Skip shell extension 'powershell' for command environment: Not usable outside of PowerShell
[0.744s] DEBUG:colcon.colcon_core.shell:Skip shell extension 'dsv' for command environment
[0.748s] INFO:colcon.colcon_ros.task.ament_cmake.build:Building ROS package in '/home/ironie/HornetXII_sims/src/dave/gazebo/dave_gz_multibeam_sonar/multibeam_sonar_demo' with build type 'ament_cmake'
[0.749s] INFO:colcon.colcon_cmake.task.cmake.build:Building CMake package in '/home/ironie/HornetXII_sims/src/dave/gazebo/dave_gz_multibeam_sonar/multibeam_sonar_demo'
[0.749s] INFO:colcon.colcon_core.shell:Skip shell extension 'powershell' for command environment: Not usable outside of PowerShell
[0.749s] DEBUG:colcon.colcon_core.shell:Skip shell extension 'dsv' for command environment
[0.754s] INFO:colcon.colcon_ros.task.ament_cmake.build:Building ROS package in '/home/ironie/HornetXII_sims/src/dave/models/dave_object_models' with build type 'ament_cmake'
[0.754s] INFO:colcon.colcon_cmake.task.cmake.build:Building CMake package in '/home/ironie/HornetXII_sims/src/dave/models/dave_object_models'
[0.754s] INFO:colcon.colcon_core.shell:Skip shell extension 'powershell' for command environment: Not usable outside of PowerShell
[0.755s] DEBUG:colcon.colcon_core.shell:Skip shell extension 'dsv' for command environment
[0.760s] INFO:colcon.colcon_ros.task.ament_cmake.build:Building ROS package in '/home/ironie/HornetXII_sims/src/dave/models/dave_robot_models' with build type 'ament_cmake'
[0.760s] INFO:colcon.colcon_cmake.task.cmake.build:Building CMake package in '/home/ironie/HornetXII_sims/src/dave/models/dave_robot_models'
[0.760s] INFO:colcon.colcon_core.shell:Skip shell extension 'powershell' for command environment: Not usable outside of PowerShell
[0.761s] DEBUG:colcon.colcon_core.shell:Skip shell extension 'dsv' for command environment
[0.768s] INFO:colcon.colcon_ros.task.ament_cmake.build:Building ROS package in '/home/ironie/HornetXII_sims/src/dave/models/dave_sensor_models' with build type 'ament_cmake'
[0.768s] INFO:colcon.colcon_cmake.task.cmake.build:Building CMake package in '/home/ironie/HornetXII_sims/src/dave/models/dave_sensor_models'
[0.768s] INFO:colcon.colcon_core.shell:Skip shell extension 'powershell' for command environment: Not usable outside of PowerShell
[0.769s] DEBUG:colcon.colcon_core.shell:Skip shell extension 'dsv' for command environment
[0.772s] INFO:colcon.colcon_ros.task.ament_cmake.build:Building ROS package in '/home/ironie/HornetXII_sims/src/dave/models/dave_worlds' with build type 'ament_cmake'
[0.773s] INFO:colcon.colcon_cmake.task.cmake.build:Building CMake package in '/home/ironie/HornetXII_sims/src/dave/models/dave_worlds'
[0.773s] INFO:colcon.colcon_core.shell:Skip shell extension 'powershell' for command environment: Not usable outside of PowerShell
[0.773s] DEBUG:colcon.colcon_core.shell:Skip shell extension 'dsv' for command environment
[0.779s] INFO:colcon.colcon_ros.task.ament_cmake.build:Building ROS package in '/home/ironie/HornetXII_sims/src/dave/gazebo/dave_gz_multibeam_sonar/multibeam_sonar_system' with build type 'ament_cmake'
[0.779s] INFO:colcon.colcon_cmake.task.cmake.build:Building CMake package in '/home/ironie/HornetXII_sims/src/dave/gazebo/dave_gz_multibeam_sonar/multibeam_sonar_system'
[0.779s] INFO:colcon.colcon_core.shell:Skip shell extension 'powershell' for command environment: Not usable outside of PowerShell
[0.780s] DEBUG:colcon.colcon_core.shell:Skip shell extension 'dsv' for command environment
[0.790s] DEBUG:colcon.colcon_core.event_handler.log_command:Invoking command in '/home/ironie/HornetXII_sims/build/dave_interfaces': CMAKE_PREFIX_PATH=${CMAKE_PREFIX_PATH}:/home/ironie/assignment3/install/assignment3:/opt/ros/jazzy DEBUGINFOD_URLS=https://debuginfod.ubuntu.com /usr/bin/cmake /home/ironie/HornetXII_sims/src/dave/dave_interfaces -DAMENT_CMAKE_SYMLINK_INSTALL=1 -DCMAKE_INSTALL_PREFIX=/home/ironie/HornetXII_sims/install/dave_interfaces
[0.800s] DEBUG:colcon.colcon_core.event_handler.log_command:Invoking command in '/home/ironie/HornetXII_sims/build/auv_controls': CMAKE_PREFIX_PATH=${CMAKE_PREFIX_PATH}:/home/ironie/assignment3/install/assignment3:/opt/ros/jazzy DEBUGINFOD_URLS=https://debuginfod.ubuntu.com /usr/bin/cmake /home/ironie/HornetXII_sims/src/auv_controls -DAMENT_CMAKE_SYMLINK_INSTALL=1 -DCMAKE_INSTALL_PREFIX=/home/ironie/HornetXII_sims/install/auv_controls
[0.805s] DEBUG:colcon.colcon_core.event_handler.log_command:Invoking command in '/home/ironie/HornetXII_sims/build/auv_sims': CMAKE_PREFIX_PATH=${CMAKE_PREFIX_PATH}:/home/ironie/assignment3/install/assignment3:/opt/ros/jazzy DEBUGINFOD_URLS=https://debuginfod.ubuntu.com /usr/bin/cmake /home/ironie/HornetXII_sims/src/auv_sims -DAMENT_CMAKE_SYMLINK_INSTALL=1 -DCMAKE_INSTALL_PREFIX=/home/ironie/HornetXII_sims/install/auv_sims
[0.810s] DEBUG:colcon.colcon_core.event_handler.log_command:Invoking command in '/home/ironie/HornetXII_sims/build/dave_demos': CMAKE_PREFIX_PATH=${CMAKE_PREFIX_PATH}:/home/ironie/assignment3/install/assignment3:/opt/ros/jazzy DEBUGINFOD_URLS=https://debuginfod.ubuntu.com /usr/bin/cmake /home/ironie/HornetXII_sims/src/dave/examples/dave_demos -DAMENT_CMAKE_SYMLINK_INSTALL=1 -DCMAKE_INSTALL_PREFIX=/home/ironie/HornetXII_sims/install/dave_demos
[0.814s] DEBUG:colcon.colcon_core.event_handler.log_command:Invoking command in '/home/ironie/HornetXII_sims/build/dave_multibeam_sonar_demo': CMAKE_PREFIX_PATH=${CMAKE_PREFIX_PATH}:/home/ironie/assignment3/install/assignment3:/opt/ros/jazzy DEBUGINFOD_URLS=https://debuginfod.ubuntu.com /usr/bin/cmake /home/ironie/HornetXII_sims/src/dave/gazebo/dave_gz_multibeam_sonar/multibeam_sonar_demo -DAMENT_CMAKE_SYMLINK_INSTALL=1 -DCMAKE_INSTALL_PREFIX=/home/ironie/HornetXII_sims/install/dave_multibeam_sonar_demo
[0.817s] DEBUG:colcon.colcon_core.event_handler.log_command:Invoking command in '/home/ironie/HornetXII_sims/build/dave_object_models': CMAKE_PREFIX_PATH=${CMAKE_PREFIX_PATH}:/home/ironie/assignment3/install/assignment3:/opt/ros/jazzy DEBUGINFOD_URLS=https://debuginfod.ubuntu.com /usr/bin/cmake /home/ironie/HornetXII_sims/src/dave/models/dave_object_models -DAMENT_CMAKE_SYMLINK_INSTALL=1 -DCMAKE_INSTALL_PREFIX=/home/ironie/HornetXII_sims/install/dave_object_models
[0.822s] DEBUG:colcon.colcon_core.event_handler.log_command:Invoking command in '/home/ironie/HornetXII_sims/build/dave_robot_models': CMAKE_PREFIX_PATH=${CMAKE_PREFIX_PATH}:/home/ironie/assignment3/install/assignment3:/opt/ros/jazzy DEBUGINFOD_URLS=https://debuginfod.ubuntu.com /usr/bin/cmake /home/ironie/HornetXII_sims/src/dave/models/dave_robot_models -DAMENT_CMAKE_SYMLINK_INSTALL=1 -DCMAKE_INSTALL_PREFIX=/home/ironie/HornetXII_sims/install/dave_robot_models
[0.826s] DEBUG:colcon.colcon_core.event_handler.log_command:Invoking command in '/home/ironie/HornetXII_sims/build/dave_sensor_models': CMAKE_PREFIX_PATH=${CMAKE_PREFIX_PATH}:/home/ironie/assignment3/install/assignment3:/opt/ros/jazzy DEBUGINFOD_URLS=https://debuginfod.ubuntu.com /usr/bin/cmake /home/ironie/HornetXII_sims/src/dave/models/dave_sensor_models -DAMENT_CMAKE_SYMLINK_INSTALL=1 -DCMAKE_INSTALL_PREFIX=/home/ironie/HornetXII_sims/install/dave_sensor_models
[0.848s] DEBUG:colcon.colcon_core.event_handler.log_command:Invoking command in '/home/ironie/HornetXII_sims/build/dave_worlds': CMAKE_PREFIX_PATH=${CMAKE_PREFIX_PATH}:/home/ironie/assignment3/install/assignment3:/opt/ros/jazzy DEBUGINFOD_URLS=https://debuginfod.ubuntu.com /usr/bin/cmake /home/ironie/HornetXII_sims/src/dave/models/dave_worlds -DAMENT_CMAKE_SYMLINK_INSTALL=1 -DCMAKE_INSTALL_PREFIX=/home/ironie/HornetXII_sims/install/dave_worlds
[0.855s] DEBUG:colcon.colcon_core.event_handler.log_command:Invoking command in '/home/ironie/HornetXII_sims/build/multibeam_sonar_system': CMAKE_PREFIX_PATH=${CMAKE_PREFIX_PATH}:/home/ironie/assignment3/install/assignment3:/opt/ros/jazzy DEBUGINFOD_URLS=https://debuginfod.ubuntu.com /usr/bin/cmake /home/ironie/HornetXII_sims/src/dave/gazebo/dave_gz_multibeam_sonar/multibeam_sonar_system -DAMENT_CMAKE_SYMLINK_INSTALL=1 -DCMAKE_INSTALL_PREFIX=/home/ironie/HornetXII_sims/install/multibeam_sonar_system
[4.393s] DEBUG:colcon.colcon_core.event_handler.log_command:Invoked command in '/home/ironie/HornetXII_sims/build/dave_sensor_models' returned '0': CMAKE_PREFIX_PATH=${CMAKE_PREFIX_PATH}:/home/ironie/assignment3/install/assignment3:/opt/ros/jazzy DEBUGINFOD_URLS=https://debuginfod.ubuntu.com /usr/bin/cmake /home/ironie/HornetXII_sims/src/dave/models/dave_sensor_models -DAMENT_CMAKE_SYMLINK_INSTALL=1 -DCMAKE_INSTALL_PREFIX=/home/ironie/HornetXII_sims/install/dave_sensor_models
[4.396s] DEBUG:colcon.colcon_core.event_handler.log_command:Invoking command in '/home/ironie/HornetXII_sims/build/dave_sensor_models': CMAKE_PREFIX_PATH=${CMAKE_PREFIX_PATH}:/home/ironie/assignment3/install/assignment3:/opt/ros/jazzy DEBUGINFOD_URLS=https://debuginfod.ubuntu.com /usr/bin/cmake --build /home/ironie/HornetXII_sims/build/dave_sensor_models -- -j12 -l12
[4.405s] DEBUG:colcon.colcon_core.event_handler.log_command:Invoked command in '/home/ironie/HornetXII_sims/build/dave_demos' returned '0': CMAKE_PREFIX_PATH=${CMAKE_PREFIX_PATH}:/home/ironie/assignment3/install/assignment3:/opt/ros/jazzy DEBUGINFOD_URLS=https://debuginfod.ubuntu.com /usr/bin/cmake /home/ironie/HornetXII_sims/src/dave/examples/dave_demos -DAMENT_CMAKE_SYMLINK_INSTALL=1 -DCMAKE_INSTALL_PREFIX=/home/ironie/HornetXII_sims/install/dave_demos
[4.406s] DEBUG:colcon.colcon_core.event_handler.log_command:Invoking command in '/home/ironie/HornetXII_sims/build/dave_demos': CMAKE_PREFIX_PATH=${CMAKE_PREFIX_PATH}:/home/ironie/assignment3/install/assignment3:/opt/ros/jazzy DEBUGINFOD_URLS=https://debuginfod.ubuntu.com /usr/bin/cmake --build /home/ironie/HornetXII_sims/build/dave_demos -- -j12 -l12
[4.546s] DEBUG:colcon.colcon_core.event_handler.log_command:Invoked command in '/home/ironie/HornetXII_sims/build/dave_worlds' returned '0': CMAKE_PREFIX_PATH=${CMAKE_PREFIX_PATH}:/home/ironie/assignment3/install/assignment3:/opt/ros/jazzy DEBUGINFOD_URLS=https://debuginfod.ubuntu.com /usr/bin/cmake /home/ironie/HornetXII_sims/src/dave/models/dave_worlds -DAMENT_CMAKE_SYMLINK_INSTALL=1 -DCMAKE_INSTALL_PREFIX=/home/ironie/HornetXII_sims/install/dave_worlds
[4.550s] DEBUG:colcon.colcon_core.event_handler.log_command:Invoking command in '/home/ironie/HornetXII_sims/build/dave_worlds': CMAKE_PREFIX_PATH=${CMAKE_PREFIX_PATH}:/home/ironie/assignment3/install/assignment3:/opt/ros/jazzy DEBUGINFOD_URLS=https://debuginfod.ubuntu.com /usr/bin/cmake --build /home/ironie/HornetXII_sims/build/dave_worlds -- -j12 -l12
[4.551s] DEBUG:colcon.colcon_core.event_handler.log_command:Invoked command in '/home/ironie/HornetXII_sims/build/dave_sensor_models' returned '0': CMAKE_PREFIX_PATH=${CMAKE_PREFIX_PATH}:/home/ironie/assignment3/install/assignment3:/opt/ros/jazzy DEBUGINFOD_URLS=https://debuginfod.ubuntu.com /usr/bin/cmake --build /home/ironie/HornetXII_sims/build/dave_sensor_models -- -j12 -l12
[4.565s] DEBUG:colcon.colcon_core.event_handler.log_command:Invoking command in '/home/ironie/HornetXII_sims/build/dave_sensor_models': CMAKE_PREFIX_PATH=${CMAKE_PREFIX_PATH}:/home/ironie/assignment3/install/assignment3:/opt/ros/jazzy DEBUGINFOD_URLS=https://debuginfod.ubuntu.com /usr/bin/cmake --install /home/ironie/HornetXII_sims/build/dave_sensor_models
[4.566s] DEBUG:colcon.colcon_core.event_handler.log_command:Invoked command in '/home/ironie/HornetXII_sims/build/dave_demos' returned '0': CMAKE_PREFIX_PATH=${CMAKE_PREFIX_PATH}:/home/ironie/assignment3/install/assignment3:/opt/ros/jazzy DEBUGINFOD_URLS=https://debuginfod.ubuntu.com /usr/bin/cmake --build /home/ironie/HornetXII_sims/build/dave_demos -- -j12 -l12
[4.568s] DEBUG:colcon.colcon_core.event_handler.log_command:Invoking command in '/home/ironie/HornetXII_sims/build/dave_demos': CMAKE_PREFIX_PATH=${CMAKE_PREFIX_PATH}:/home/ironie/assignment3/install/assignment3:/opt/ros/jazzy DEBUGINFOD_URLS=https://debuginfod.ubuntu.com /usr/bin/cmake --install /home/ironie/HornetXII_sims/build/dave_demos
[4.616s] DEBUG:colcon.colcon_core.event_handler.log_command:Invoked command in '/home/ironie/HornetXII_sims/build/dave_worlds' returned '0': CMAKE_PREFIX_PATH=${CMAKE_PREFIX_PATH}:/home/ironie/assignment3/install/assignment3:/opt/ros/jazzy DEBUGINFOD_URLS=https://debuginfod.ubuntu.com /usr/bin/cmake --build /home/ironie/HornetXII_sims/build/dave_worlds -- -j12 -l12
[4.617s] DEBUG:colcon.colcon_core.event_handler.log_command:Invoking command in '/home/ironie/HornetXII_sims/build/dave_worlds': CMAKE_PREFIX_PATH=${CMAKE_PREFIX_PATH}:/home/ironie/assignment3/install/assignment3:/opt/ros/jazzy DEBUGINFOD_URLS=https://debuginfod.ubuntu.com /usr/bin/cmake --install /home/ironie/HornetXII_sims/build/dave_worlds
[4.623s] DEBUG:colcon.colcon_core.event_handler.log_command:Invoked command in '/home/ironie/HornetXII_sims/build/dave_object_models' returned '0': CMAKE_PREFIX_PATH=${CMAKE_PREFIX_PATH}:/home/ironie/assignment3/install/assignment3:/opt/ros/jazzy DEBUGINFOD_URLS=https://debuginfod.ubuntu.com /usr/bin/cmake /home/ironie/HornetXII_sims/src/dave/models/dave_object_models -DAMENT_CMAKE_SYMLINK_INSTALL=1 -DCMAKE_INSTALL_PREFIX=/home/ironie/HornetXII_sims/install/dave_object_models
[4.623s] DEBUG:colcon.colcon_core.event_handler.log_command:Invoking command in '/home/ironie/HornetXII_sims/build/dave_object_models': CMAKE_PREFIX_PATH=${CMAKE_PREFIX_PATH}:/home/ironie/assignment3/install/assignment3:/opt/ros/jazzy DEBUGINFOD_URLS=https://debuginfod.ubuntu.com /usr/bin/cmake --build /home/ironie/HornetXII_sims/build/dave_object_models -- -j12 -l12
[4.668s] DEBUG:colcon.colcon_core.event_handler.log_command:Invoked command in '/home/ironie/HornetXII_sims/build/dave_robot_models' returned '0': CMAKE_PREFIX_PATH=${CMAKE_PREFIX_PATH}:/home/ironie/assignment3/install/assignment3:/opt/ros/jazzy DEBUGINFOD_URLS=https://debuginfod.ubuntu.com /usr/bin/cmake /home/ironie/HornetXII_sims/src/dave/models/dave_robot_models -DAMENT_CMAKE_SYMLINK_INSTALL=1 -DCMAKE_INSTALL_PREFIX=/home/ironie/HornetXII_sims/install/dave_robot_models
[4.673s] DEBUG:colcon.colcon_core.event_handler.log_command:Invoking command in '/home/ironie/HornetXII_sims/build/dave_robot_models': CMAKE_PREFIX_PATH=${CMAKE_PREFIX_PATH}:/home/ironie/assignment3/install/assignment3:/opt/ros/jazzy DEBUGINFOD_URLS=https://debuginfod.ubuntu.com /usr/bin/cmake --build /home/ironie/HornetXII_sims/build/dave_robot_models -- -j12 -l12
[4.830s] Level 1:colcon.colcon_core.environment:create_environment_scripts_only(dave_demos)
[4.832s] DEBUG:colcon.colcon_core.event_handler.log_command:Invoked command in '/home/ironie/HornetXII_sims/build/dave_demos' returned '0': CMAKE_PREFIX_PATH=${CMAKE_PREFIX_PATH}:/home/ironie/assignment3/install/assignment3:/opt/ros/jazzy DEBUGINFOD_URLS=https://debuginfod.ubuntu.com /usr/bin/cmake --install /home/ironie/HornetXII_sims/build/dave_demos
[4.844s] Level 1:colcon.colcon_core.environment:checking '/home/ironie/HornetXII_sims/install/dave_demos' for CMake module files
[4.845s] Level 1:colcon.colcon_core.environment:checking '/home/ironie/HornetXII_sims/install/dave_demos' for CMake config files
[4.847s] Level 1:colcon.colcon_core.shell:create_environment_hook('dave_demos', 'cmake_prefix_path')
[4.847s] INFO:colcon.colcon_core.shell:Creating environment hook '/home/ironie/HornetXII_sims/install/dave_demos/share/dave_demos/hook/cmake_prefix_path.ps1'
[4.849s] INFO:colcon.colcon_core.shell:Creating environment descriptor '/home/ironie/HornetXII_sims/install/dave_demos/share/dave_demos/hook/cmake_prefix_path.dsv'
[4.851s] INFO:colcon.colcon_core.shell:Creating environment hook '/home/ironie/HornetXII_sims/install/dave_demos/share/dave_demos/hook/cmake_prefix_path.sh'
[4.852s] Level 1:colcon.colcon_core.environment:checking '/home/ironie/HornetXII_sims/install/dave_demos/bin'
[4.853s] Level 1:colcon.colcon_core.environment:checking '/home/ironie/HornetXII_sims/install/dave_demos/lib/pkgconfig/dave_demos.pc'
[4.853s] Level 1:colcon.colcon_core.environment:checking '/home/ironie/HornetXII_sims/install/dave_demos/lib/python3.12/site-packages'
[4.853s] Level 1:colcon.colcon_core.environment:checking '/home/ironie/HornetXII_sims/install/dave_demos/bin'
[4.854s] INFO:colcon.colcon_core.shell:Creating package script '/home/ironie/HornetXII_sims/install/dave_demos/share/dave_demos/package.ps1'
[4.856s] INFO:colcon.colcon_core.shell:Creating package descriptor '/home/ironie/HornetXII_sims/install/dave_demos/share/dave_demos/package.dsv'
[4.858s] INFO:colcon.colcon_core.shell:Creating package script '/home/ironie/HornetXII_sims/install/dave_demos/share/dave_demos/package.sh'
[4.859s] INFO:colcon.colcon_core.shell:Creating package script '/home/ironie/HornetXII_sims/install/dave_demos/share/dave_demos/package.bash'
[4.860s] INFO:colcon.colcon_core.shell:Creating package script '/home/ironie/HornetXII_sims/install/dave_demos/share/dave_demos/package.zsh'
[4.862s] Level 1:colcon.colcon_core.environment:create_file_with_runtime_dependencies(/home/ironie/HornetXII_sims/install/dave_demos/share/colcon-core/packages/dave_demos)
[4.864s] Level 1:colcon.colcon_core.environment:create_environment_scripts_only(dave_demos)
[4.864s] Level 1:colcon.colcon_core.environment:checking '/home/ironie/HornetXII_sims/install/dave_demos' for CMake module files
[4.865s] Level 1:colcon.colcon_core.environment:checking '/home/ironie/HornetXII_sims/install/dave_demos' for CMake config files
[4.866s] Level 1:colcon.colcon_core.shell:create_environment_hook('dave_demos', 'cmake_prefix_path')
[4.866s] INFO:colcon.colcon_core.shell:Creating environment hook '/home/ironie/HornetXII_sims/install/dave_demos/share/dave_demos/hook/cmake_prefix_path.ps1'
[4.867s] INFO:colcon.colcon_core.shell:Creating environment descriptor '/home/ironie/HornetXII_sims/install/dave_demos/share/dave_demos/hook/cmake_prefix_path.dsv'
[4.867s] INFO:colcon.colcon_core.shell:Creating environment hook '/home/ironie/HornetXII_sims/install/dave_demos/share/dave_demos/hook/cmake_prefix_path.sh'
[4.868s] Level 1:colcon.colcon_core.environment:checking '/home/ironie/HornetXII_sims/install/dave_demos/bin'
[4.868s] Level 1:colcon.colcon_core.environment:checking '/home/ironie/HornetXII_sims/install/dave_demos/lib/pkgconfig/dave_demos.pc'
[4.869s] Level 1:colcon.colcon_core.environment:checking '/home/ironie/HornetXII_sims/install/dave_demos/lib/python3.12/site-packages'
[4.869s] Level 1:colcon.colcon_core.environment:checking '/home/ironie/HornetXII_sims/install/dave_demos/bin'
[4.869s] INFO:colcon.colcon_core.shell:Creating package script '/home/ironie/HornetXII_sims/install/dave_demos/share/dave_demos/package.ps1'
[4.870s] INFO:colcon.colcon_core.shell:Creating package descriptor '/home/ironie/HornetXII_sims/install/dave_demos/share/dave_demos/package.dsv'
[4.871s] INFO:colcon.colcon_core.shell:Creating package script '/home/ironie/HornetXII_sims/install/dave_demos/share/dave_demos/package.sh'
[4.871s] INFO:colcon.colcon_core.shell:Creating package script '/home/ironie/HornetXII_sims/install/dave_demos/share/dave_demos/package.bash'
[4.872s] INFO:colcon.colcon_core.shell:Creating package script '/home/ironie/HornetXII_sims/install/dave_demos/share/dave_demos/package.zsh'
[4.872s] Level 1:colcon.colcon_core.environment:create_file_with_runtime_dependencies(/home/ironie/HornetXII_sims/install/dave_demos/share/colcon-core/packages/dave_demos)
[4.875s] DEBUG:colcon.colcon_core.event_handler.log_command:Invoked command in '/home/ironie/HornetXII_sims/build/dave_object_models' returned '0': CMAKE_PREFIX_PATH=${CMAKE_PREFIX_PATH}:/home/ironie/assignment3/install/assignment3:/opt/ros/jazzy DEBUGINFOD_URLS=https://debuginfod.ubuntu.com /usr/bin/cmake --build /home/ironie/HornetXII_sims/build/dave_object_models -- -j12 -l12
[4.877s] DEBUG:colcon.colcon_core.event_handler.log_command:Invoking command in '/home/ironie/HornetXII_sims/build/dave_object_models': CMAKE_PREFIX_PATH=${CMAKE_PREFIX_PATH}:/home/ironie/assignment3/install/assignment3:/opt/ros/jazzy DEBUGINFOD_URLS=https://debuginfod.ubuntu.com /usr/bin/cmake --install /home/ironie/HornetXII_sims/build/dave_object_models
[4.878s] DEBUG:colcon.colcon_core.event_handler.log_command:Invoked command in '/home/ironie/HornetXII_sims/build/dave_robot_models' returned '0': CMAKE_PREFIX_PATH=${CMAKE_PREFIX_PATH}:/home/ironie/assignment3/install/assignment3:/opt/ros/jazzy DEBUGINFOD_URLS=https://debuginfod.ubuntu.com /usr/bin/cmake --build /home/ironie/HornetXII_sims/build/dave_robot_models -- -j12 -l12
[4.879s] DEBUG:colcon.colcon_core.event_handler.log_command:Invoking command in '/home/ironie/HornetXII_sims/build/dave_robot_models': CMAKE_PREFIX_PATH=${CMAKE_PREFIX_PATH}:/home/ironie/assignment3/install/assignment3:/opt/ros/jazzy DEBUGINFOD_URLS=https://debuginfod.ubuntu.com /usr/bin/cmake --install /home/ironie/HornetXII_sims/build/dave_robot_models
[5.134s] Level 1:colcon.colcon_core.environment:create_environment_scripts_only(dave_worlds)
[5.134s] Level 1:colcon.colcon_core.environment:checking '/home/ironie/HornetXII_sims/install/dave_worlds' for CMake module files
[5.139s] Level 1:colcon.colcon_core.environment:checking '/home/ironie/HornetXII_sims/install/dave_worlds' for CMake config files
[5.145s] DEBUG:colcon.colcon_core.event_handler.log_command:Invoked command in '/home/ironie/HornetXII_sims/build/dave_worlds' returned '0': CMAKE_PREFIX_PATH=${CMAKE_PREFIX_PATH}:/home/ironie/assignment3/install/assignment3:/opt/ros/jazzy DEBUGINFOD_URLS=https://debuginfod.ubuntu.com /usr/bin/cmake --install /home/ironie/HornetXII_sims/build/dave_worlds
[5.146s] Level 1:colcon.colcon_core.shell:create_environment_hook('dave_worlds', 'cmake_prefix_path')
[5.147s] INFO:colcon.colcon_core.shell:Creating environment hook '/home/ironie/HornetXII_sims/install/dave_worlds/share/dave_worlds/hook/cmake_prefix_path.ps1'
[5.148s] INFO:colcon.colcon_core.shell:Creating environment descriptor '/home/ironie/HornetXII_sims/install/dave_worlds/share/dave_worlds/hook/cmake_prefix_path.dsv'
[5.149s] INFO:colcon.colcon_core.shell:Creating environment hook '/home/ironie/HornetXII_sims/install/dave_worlds/share/dave_worlds/hook/cmake_prefix_path.sh'
[5.150s] Level 1:colcon.colcon_core.environment:checking '/home/ironie/HornetXII_sims/install/dave_worlds/bin'
[5.151s] Level 1:colcon.colcon_core.environment:checking '/home/ironie/HornetXII_sims/install/dave_worlds/lib/pkgconfig/dave_worlds.pc'
[5.151s] Level 1:colcon.colcon_core.environment:checking '/home/ironie/HornetXII_sims/install/dave_worlds/lib/python3.12/site-packages'
[5.152s] Level 1:colcon.colcon_core.environment:checking '/home/ironie/HornetXII_sims/install/dave_worlds/bin'
[5.152s] INFO:colcon.colcon_core.shell:Creating package script '/home/ironie/HornetXII_sims/install/dave_worlds/share/dave_worlds/package.ps1'
[5.153s] INFO:colcon.colcon_core.shell:Creating package descriptor '/home/ironie/HornetXII_sims/install/dave_worlds/share/dave_worlds/package.dsv'
[5.154s] INFO:colcon.colcon_core.shell:Creating package script '/home/ironie/HornetXII_sims/install/dave_worlds/share/dave_worlds/package.sh'
[5.155s] INFO:colcon.colcon_core.shell:Creating package script '/home/ironie/HornetXII_sims/install/dave_worlds/share/dave_worlds/package.bash'
[5.155s] INFO:colcon.colcon_core.shell:Creating package script '/home/ironie/HornetXII_sims/install/dave_worlds/share/dave_worlds/package.zsh'
[5.155s] Level 1:colcon.colcon_core.environment:create_file_with_runtime_dependencies(/home/ironie/HornetXII_sims/install/dave_worlds/share/colcon-core/packages/dave_worlds)
[5.157s] Level 1:colcon.colcon_core.environment:create_environment_scripts_only(dave_worlds)
[5.158s] Level 1:colcon.colcon_core.environment:checking '/home/ironie/HornetXII_sims/install/dave_worlds' for CMake module files
[5.160s] Level 1:colcon.colcon_core.environment:checking '/home/ironie/HornetXII_sims/install/dave_worlds' for CMake config files
[5.160s] Level 1:colcon.colcon_core.shell:create_environment_hook('dave_worlds', 'cmake_prefix_path')
[5.161s] INFO:colcon.colcon_core.shell:Creating environment hook '/home/ironie/HornetXII_sims/install/dave_worlds/share/dave_worlds/hook/cmake_prefix_path.ps1'
[5.161s] INFO:colcon.colcon_core.shell:Creating environment descriptor '/home/ironie/HornetXII_sims/install/dave_worlds/share/dave_worlds/hook/cmake_prefix_path.dsv'
[5.162s] INFO:colcon.colcon_core.shell:Creating environment hook '/home/ironie/HornetXII_sims/install/dave_worlds/share/dave_worlds/hook/cmake_prefix_path.sh'
[5.163s] Level 1:colcon.colcon_core.environment:checking '/home/ironie/HornetXII_sims/install/dave_worlds/bin'
[5.163s] Level 1:colcon.colcon_core.environment:checking '/home/ironie/HornetXII_sims/install/dave_worlds/lib/pkgconfig/dave_worlds.pc'
[5.163s] Level 1:colcon.colcon_core.environment:checking '/home/ironie/HornetXII_sims/install/dave_worlds/lib/python3.12/site-packages'
[5.164s] Level 1:colcon.colcon_core.environment:checking '/home/ironie/HornetXII_sims/install/dave_worlds/bin'
[5.164s] INFO:colcon.colcon_core.shell:Creating package script '/home/ironie/HornetXII_sims/install/dave_worlds/share/dave_worlds/package.ps1'
[5.166s] INFO:colcon.colcon_core.shell:Creating package descriptor '/home/ironie/HornetXII_sims/install/dave_worlds/share/dave_worlds/package.dsv'
[5.167s] INFO:colcon.colcon_core.shell:Creating package script '/home/ironie/HornetXII_sims/install/dave_worlds/share/dave_worlds/package.sh'
[5.168s] INFO:colcon.colcon_core.shell:Creating package script '/home/ironie/HornetXII_sims/install/dave_worlds/share/dave_worlds/package.bash'
[5.169s] INFO:colcon.colcon_core.shell:Creating package script '/home/ironie/HornetXII_sims/install/dave_worlds/share/dave_worlds/package.zsh'
[5.170s] Level 1:colcon.colcon_core.environment:create_file_with_runtime_dependencies(/home/ironie/HornetXII_sims/install/dave_worlds/share/colcon-core/packages/dave_worlds)
[5.174s] Level 1:colcon.colcon_core.environment:create_environment_scripts_only(dave_object_models)
[5.175s] Level 1:colcon.colcon_core.environment:checking '/home/ironie/HornetXII_sims/install/dave_object_models' for CMake module files
[5.176s] DEBUG:colcon.colcon_core.event_handler.log_command:Invoked command in '/home/ironie/HornetXII_sims/build/dave_object_models' returned '0': CMAKE_PREFIX_PATH=${CMAKE_PREFIX_PATH}:/home/ironie/assignment3/install/assignment3:/opt/ros/jazzy DEBUGINFOD_URLS=https://debuginfod.ubuntu.com /usr/bin/cmake --install /home/ironie/HornetXII_sims/build/dave_object_models
[5.177s] Level 1:colcon.colcon_core.environment:checking '/home/ironie/HornetXII_sims/install/dave_object_models' for CMake config files
[5.177s] Level 1:colcon.colcon_core.shell:create_environment_hook('dave_object_models', 'cmake_prefix_path')
[5.178s] INFO:colcon.colcon_core.shell:Creating environment hook '/home/ironie/HornetXII_sims/install/dave_object_models/share/dave_object_models/hook/cmake_prefix_path.ps1'
[5.179s] INFO:colcon.colcon_core.shell:Creating environment descriptor '/home/ironie/HornetXII_sims/install/dave_object_models/share/dave_object_models/hook/cmake_prefix_path.dsv'
[5.180s] INFO:colcon.colcon_core.shell:Creating environment hook '/home/ironie/HornetXII_sims/install/dave_object_models/share/dave_object_models/hook/cmake_prefix_path.sh'
[5.181s] Level 1:colcon.colcon_core.environment:checking '/home/ironie/HornetXII_sims/install/dave_object_models/bin'
[5.181s] Level 1:colcon.colcon_core.environment:checking '/home/ironie/HornetXII_sims/install/dave_object_models/lib/pkgconfig/dave_object_models.pc'
[5.181s] Level 1:colcon.colcon_core.environment:checking '/home/ironie/HornetXII_sims/install/dave_object_models/lib/python3.12/site-packages'
[5.182s] Level 1:colcon.colcon_core.environment:checking '/home/ironie/HornetXII_sims/install/dave_object_models/bin'
[5.183s] INFO:colcon.colcon_core.shell:Creating package script '/home/ironie/HornetXII_sims/install/dave_object_models/share/dave_object_models/package.ps1'
[5.184s] INFO:colcon.colcon_core.shell:Creating package descriptor '/home/ironie/HornetXII_sims/install/dave_object_models/share/dave_object_models/package.dsv'
[5.185s] INFO:colcon.colcon_core.shell:Creating package script '/home/ironie/HornetXII_sims/install/dave_object_models/share/dave_object_models/package.sh'
[5.187s] INFO:colcon.colcon_core.shell:Creating package script '/home/ironie/HornetXII_sims/install/dave_object_models/share/dave_object_models/package.bash'
[5.188s] INFO:colcon.colcon_core.shell:Creating package script '/home/ironie/HornetXII_sims/install/dave_object_models/share/dave_object_models/package.zsh'
[5.189s] Level 1:colcon.colcon_core.environment:create_file_with_runtime_dependencies(/home/ironie/HornetXII_sims/install/dave_object_models/share/colcon-core/packages/dave_object_models)
[5.191s] Level 1:colcon.colcon_core.environment:create_environment_scripts_only(dave_object_models)
[5.192s] Level 1:colcon.colcon_core.environment:checking '/home/ironie/HornetXII_sims/install/dave_object_models' for CMake module files
[5.193s] Level 1:colcon.colcon_core.environment:checking '/home/ironie/HornetXII_sims/install/dave_object_models' for CMake config files
[5.193s] Level 1:colcon.colcon_core.shell:create_environment_hook('dave_object_models', 'cmake_prefix_path')
[5.194s] INFO:colcon.colcon_core.shell:Creating environment hook '/home/ironie/HornetXII_sims/install/dave_object_models/share/dave_object_models/hook/cmake_prefix_path.ps1'
[5.194s] INFO:colcon.colcon_core.shell:Creating environment descriptor '/home/ironie/HornetXII_sims/install/dave_object_models/share/dave_object_models/hook/cmake_prefix_path.dsv'
[5.195s] INFO:colcon.colcon_core.shell:Creating environment hook '/home/ironie/HornetXII_sims/install/dave_object_models/share/dave_object_models/hook/cmake_prefix_path.sh'
[5.196s] Level 1:colcon.colcon_core.environment:checking '/home/ironie/HornetXII_sims/install/dave_object_models/bin'
[5.197s] Level 1:colcon.colcon_core.environment:checking '/home/ironie/HornetXII_sims/install/dave_object_models/lib/pkgconfig/dave_object_models.pc'
[5.197s] Level 1:colcon.colcon_core.environment:checking '/home/ironie/HornetXII_sims/install/dave_object_models/lib/python3.12/site-packages'
[5.198s] Level 1:colcon.colcon_core.environment:checking '/home/ironie/HornetXII_sims/install/dave_object_models/bin'
[5.199s] INFO:colcon.colcon_core.shell:Creating package script '/home/ironie/HornetXII_sims/install/dave_object_models/share/dave_object_models/package.ps1'
[5.200s] INFO:colcon.colcon_core.shell:Creating package descriptor '/home/ironie/HornetXII_sims/install/dave_object_models/share/dave_object_models/package.dsv'
[5.201s] INFO:colcon.colcon_core.shell:Creating package script '/home/ironie/HornetXII_sims/install/dave_object_models/share/dave_object_models/package.sh'
[5.202s] INFO:colcon.colcon_core.shell:Creating package script '/home/ironie/HornetXII_sims/install/dave_object_models/share/dave_object_models/package.bash'
[5.203s] INFO:colcon.colcon_core.shell:Creating package script '/home/ironie/HornetXII_sims/install/dave_object_models/share/dave_object_models/package.zsh'
[5.204s] Level 1:colcon.colcon_core.environment:create_file_with_runtime_dependencies(/home/ironie/HornetXII_sims/install/dave_object_models/share/colcon-core/packages/dave_object_models)
[5.394s] Level 1:colcon.colcon_core.environment:create_environment_scripts_only(dave_sensor_models)
[5.395s] Level 1:colcon.colcon_core.environment:checking '/home/ironie/HornetXII_sims/install/dave_sensor_models' for CMake module files
[5.395s] DEBUG:colcon.colcon_core.event_handler.log_command:Invoked command in '/home/ironie/HornetXII_sims/build/dave_sensor_models' returned '0': CMAKE_PREFIX_PATH=${CMAKE_PREFIX_PATH}:/home/ironie/assignment3/install/assignment3:/opt/ros/jazzy DEBUGINFOD_URLS=https://debuginfod.ubuntu.com /usr/bin/cmake --install /home/ironie/HornetXII_sims/build/dave_sensor_models
[5.397s] Level 1:colcon.colcon_core.environment:checking '/home/ironie/HornetXII_sims/install/dave_sensor_models' for CMake config files
[5.398s] Level 1:colcon.colcon_core.shell:create_environment_hook('dave_sensor_models', 'cmake_prefix_path')
[5.398s] INFO:colcon.colcon_core.shell:Creating environment hook '/home/ironie/HornetXII_sims/install/dave_sensor_models/share/dave_sensor_models/hook/cmake_prefix_path.ps1'
[5.400s] INFO:colcon.colcon_core.shell:Creating environment descriptor '/home/ironie/HornetXII_sims/install/dave_sensor_models/share/dave_sensor_models/hook/cmake_prefix_path.dsv'
[5.400s] INFO:colcon.colcon_core.shell:Creating environment hook '/home/ironie/HornetXII_sims/install/dave_sensor_models/share/dave_sensor_models/hook/cmake_prefix_path.sh'
[5.401s] Level 1:colcon.colcon_core.environment:checking '/home/ironie/HornetXII_sims/install/dave_sensor_models/bin'
[5.401s] Level 1:colcon.colcon_core.environment:checking '/home/ironie/HornetXII_sims/install/dave_sensor_models/lib/pkgconfig/dave_sensor_models.pc'
[5.401s] Level 1:colcon.colcon_core.environment:checking '/home/ironie/HornetXII_sims/install/dave_sensor_models/lib/python3.12/site-packages'
[5.402s] Level 1:colcon.colcon_core.environment:checking '/home/ironie/HornetXII_sims/install/dave_sensor_models/bin'
[5.402s] INFO:colcon.colcon_core.shell:Creating package script '/home/ironie/HornetXII_sims/install/dave_sensor_models/share/dave_sensor_models/package.ps1'
[5.403s] INFO:colcon.colcon_core.shell:Creating package descriptor '/home/ironie/HornetXII_sims/install/dave_sensor_models/share/dave_sensor_models/package.dsv'
[5.404s] INFO:colcon.colcon_core.shell:Creating package script '/home/ironie/HornetXII_sims/install/dave_sensor_models/share/dave_sensor_models/package.sh'
[5.404s] INFO:colcon.colcon_core.shell:Creating package script '/home/ironie/HornetXII_sims/install/dave_sensor_models/share/dave_sensor_models/package.bash'
[5.405s] INFO:colcon.colcon_core.shell:Creating package script '/home/ironie/HornetXII_sims/install/dave_sensor_models/share/dave_sensor_models/package.zsh'
[5.405s] Level 1:colcon.colcon_core.environment:create_file_with_runtime_dependencies(/home/ironie/HornetXII_sims/install/dave_sensor_models/share/colcon-core/packages/dave_sensor_models)
[5.406s] Level 1:colcon.colcon_core.environment:create_environment_scripts_only(dave_sensor_models)
[5.407s] Level 1:colcon.colcon_core.environment:checking '/home/ironie/HornetXII_sims/install/dave_sensor_models' for CMake module files
[5.407s] Level 1:colcon.colcon_core.environment:checking '/home/ironie/HornetXII_sims/install/dave_sensor_models' for CMake config files
[5.408s] Level 1:colcon.colcon_core.shell:create_environment_hook('dave_sensor_models', 'cmake_prefix_path')
[5.409s] INFO:colcon.colcon_core.shell:Creating environment hook '/home/ironie/HornetXII_sims/install/dave_sensor_models/share/dave_sensor_models/hook/cmake_prefix_path.ps1'
[5.410s] INFO:colcon.colcon_core.shell:Creating environment descriptor '/home/ironie/HornetXII_sims/install/dave_sensor_models/share/dave_sensor_models/hook/cmake_prefix_path.dsv'
[5.410s] INFO:colcon.colcon_core.shell:Creating environment hook '/home/ironie/HornetXII_sims/install/dave_sensor_models/share/dave_sensor_models/hook/cmake_prefix_path.sh'
[5.411s] Level 1:colcon.colcon_core.environment:checking '/home/ironie/HornetXII_sims/install/dave_sensor_models/bin'
[5.412s] Level 1:colcon.colcon_core.environment:checking '/home/ironie/HornetXII_sims/install/dave_sensor_models/lib/pkgconfig/dave_sensor_models.pc'
[5.412s] Level 1:colcon.colcon_core.environment:checking '/home/ironie/HornetXII_sims/install/dave_sensor_models/lib/python3.12/site-packages'
[5.413s] Level 1:colcon.colcon_core.environment:checking '/home/ironie/HornetXII_sims/install/dave_sensor_models/bin'
[5.413s] INFO:colcon.colcon_core.shell:Creating package script '/home/ironie/HornetXII_sims/install/dave_sensor_models/share/dave_sensor_models/package.ps1'
[5.414s] INFO:colcon.colcon_core.shell:Creating package descriptor '/home/ironie/HornetXII_sims/install/dave_sensor_models/share/dave_sensor_models/package.dsv'
[5.415s] INFO:colcon.colcon_core.shell:Creating package script '/home/ironie/HornetXII_sims/install/dave_sensor_models/share/dave_sensor_models/package.sh'
[5.416s] INFO:colcon.colcon_core.shell:Creating package script '/home/ironie/HornetXII_sims/install/dave_sensor_models/share/dave_sensor_models/package.bash'
[5.417s] INFO:colcon.colcon_core.shell:Creating package script '/home/ironie/HornetXII_sims/install/dave_sensor_models/share/dave_sensor_models/package.zsh'
[5.418s] Level 1:colcon.colcon_core.environment:create_file_with_runtime_dependencies(/home/ironie/HornetXII_sims/install/dave_sensor_models/share/colcon-core/packages/dave_sensor_models)
[5.633s] Level 1:colcon.colcon_core.environment:create_environment_scripts_only(dave_robot_models)
[5.633s] Level 1:colcon.colcon_core.environment:checking '/home/ironie/HornetXII_sims/install/dave_robot_models' for CMake module files
[5.634s] DEBUG:colcon.colcon_core.event_handler.log_command:Invoked command in '/home/ironie/HornetXII_sims/build/dave_robot_models' returned '0': CMAKE_PREFIX_PATH=${CMAKE_PREFIX_PATH}:/home/ironie/assignment3/install/assignment3:/opt/ros/jazzy DEBUGINFOD_URLS=https://debuginfod.ubuntu.com /usr/bin/cmake --install /home/ironie/HornetXII_sims/build/dave_robot_models
[5.634s] Level 1:colcon.colcon_core.environment:checking '/home/ironie/HornetXII_sims/install/dave_robot_models' for CMake config files
[5.635s] Level 1:colcon.colcon_core.shell:create_environment_hook('dave_robot_models', 'cmake_prefix_path')
[5.636s] INFO:colcon.colcon_core.shell:Creating environment hook '/home/ironie/HornetXII_sims/install/dave_robot_models/share/dave_robot_models/hook/cmake_prefix_path.ps1'
[5.637s] INFO:colcon.colcon_core.shell:Creating environment descriptor '/home/ironie/HornetXII_sims/install/dave_robot_models/share/dave_robot_models/hook/cmake_prefix_path.dsv'
[5.638s] INFO:colcon.colcon_core.shell:Creating environment hook '/home/ironie/HornetXII_sims/install/dave_robot_models/share/dave_robot_models/hook/cmake_prefix_path.sh'
[5.638s] Level 1:colcon.colcon_core.environment:checking '/home/ironie/HornetXII_sims/install/dave_robot_models/lib'
[5.639s] Level 1:colcon.colcon_core.environment:checking '/home/ironie/HornetXII_sims/install/dave_robot_models/bin'
[5.639s] Level 1:colcon.colcon_core.environment:checking '/home/ironie/HornetXII_sims/install/dave_robot_models/lib/pkgconfig/dave_robot_models.pc'
[5.640s] Level 1:colcon.colcon_core.environment:checking '/home/ironie/HornetXII_sims/install/dave_robot_models/lib/python3.12/site-packages'
[5.640s] Level 1:colcon.colcon_core.environment:checking '/home/ironie/HornetXII_sims/install/dave_robot_models/bin'
[5.641s] INFO:colcon.colcon_core.shell:Creating package script '/home/ironie/HornetXII_sims/install/dave_robot_models/share/dave_robot_models/package.ps1'
[5.642s] INFO:colcon.colcon_core.shell:Creating package descriptor '/home/ironie/HornetXII_sims/install/dave_robot_models/share/dave_robot_models/package.dsv'
[5.643s] INFO:colcon.colcon_core.shell:Creating package script '/home/ironie/HornetXII_sims/install/dave_robot_models/share/dave_robot_models/package.sh'
[5.644s] INFO:colcon.colcon_core.shell:Creating package script '/home/ironie/HornetXII_sims/install/dave_robot_models/share/dave_robot_models/package.bash'
[5.645s] INFO:colcon.colcon_core.shell:Creating package script '/home/ironie/HornetXII_sims/install/dave_robot_models/share/dave_robot_models/package.zsh'
[5.645s] Level 1:colcon.colcon_core.environment:create_file_with_runtime_dependencies(/home/ironie/HornetXII_sims/install/dave_robot_models/share/colcon-core/packages/dave_robot_models)
[5.647s] Level 1:colcon.colcon_core.environment:create_environment_scripts_only(dave_robot_models)
[5.647s] Level 1:colcon.colcon_core.environment:checking '/home/ironie/HornetXII_sims/install/dave_robot_models' for CMake module files
[5.648s] Level 1:colcon.colcon_core.environment:checking '/home/ironie/HornetXII_sims/install/dave_robot_models' for CMake config files
[5.649s] Level 1:colcon.colcon_core.shell:create_environment_hook('dave_robot_models', 'cmake_prefix_path')
[5.649s] INFO:colcon.colcon_core.shell:Creating environment hook '/home/ironie/HornetXII_sims/install/dave_robot_models/share/dave_robot_models/hook/cmake_prefix_path.ps1'
[5.650s] INFO:colcon.colcon_core.shell:Creating environment descriptor '/home/ironie/HornetXII_sims/install/dave_robot_models/share/dave_robot_models/hook/cmake_prefix_path.dsv'
[5.650s] INFO:colcon.colcon_core.shell:Creating environment hook '/home/ironie/HornetXII_sims/install/dave_robot_models/share/dave_robot_models/hook/cmake_prefix_path.sh'
[5.651s] Level 1:colcon.colcon_core.environment:checking '/home/ironie/HornetXII_sims/install/dave_robot_models/lib'
[5.651s] Level 1:colcon.colcon_core.environment:checking '/home/ironie/HornetXII_sims/install/dave_robot_models/bin'
[5.652s] Level 1:colcon.colcon_core.environment:checking '/home/ironie/HornetXII_sims/install/dave_robot_models/lib/pkgconfig/dave_robot_models.pc'
[5.652s] Level 1:colcon.colcon_core.environment:checking '/home/ironie/HornetXII_sims/install/dave_robot_models/lib/python3.12/site-packages'
[5.652s] Level 1:colcon.colcon_core.environment:checking '/home/ironie/HornetXII_sims/install/dave_robot_models/bin'
[5.653s] INFO:colcon.colcon_core.shell:Creating package script '/home/ironie/HornetXII_sims/install/dave_robot_models/share/dave_robot_models/package.ps1'
[5.653s] INFO:colcon.colcon_core.shell:Creating package descriptor '/home/ironie/HornetXII_sims/install/dave_robot_models/share/dave_robot_models/package.dsv'
[5.654s] INFO:colcon.colcon_core.shell:Creating package script '/home/ironie/HornetXII_sims/install/dave_robot_models/share/dave_robot_models/package.sh'
[5.654s] INFO:colcon.colcon_core.shell:Creating package script '/home/ironie/HornetXII_sims/install/dave_robot_models/share/dave_robot_models/package.bash'
[5.655s] INFO:colcon.colcon_core.shell:Creating package script '/home/ironie/HornetXII_sims/install/dave_robot_models/share/dave_robot_models/package.zsh'
[5.655s] Level 1:colcon.colcon_core.environment:create_file_with_runtime_dependencies(/home/ironie/HornetXII_sims/install/dave_robot_models/share/colcon-core/packages/dave_robot_models)
[5.659s] DEBUG:colcon.colcon_core.event_handler.log_command:Invoked command in '/home/ironie/HornetXII_sims/build/multibeam_sonar_system' returned '0': CMAKE_PREFIX_PATH=${CMAKE_PREFIX_PATH}:/home/ironie/assignment3/install/assignment3:/opt/ros/jazzy DEBUGINFOD_URLS=https://debuginfod.ubuntu.com /usr/bin/cmake /home/ironie/HornetXII_sims/src/dave/gazebo/dave_gz_multibeam_sonar/multibeam_sonar_system -DAMENT_CMAKE_SYMLINK_INSTALL=1 -DCMAKE_INSTALL_PREFIX=/home/ironie/HornetXII_sims/install/multibeam_sonar_system
[5.660s] DEBUG:colcon.colcon_core.event_handler.log_command:Invoking command in '/home/ironie/HornetXII_sims/build/multibeam_sonar_system': CMAKE_PREFIX_PATH=${CMAKE_PREFIX_PATH}:/home/ironie/assignment3/install/assignment3:/opt/ros/jazzy DEBUGINFOD_URLS=https://debuginfod.ubuntu.com /usr/bin/cmake --build /home/ironie/HornetXII_sims/build/multibeam_sonar_system -- -j12 -l12
[5.699s] DEBUG:colcon.colcon_core.event_handler.log_command:Invoked command in '/home/ironie/HornetXII_sims/build/multibeam_sonar_system' returned '0': CMAKE_PREFIX_PATH=${CMAKE_PREFIX_PATH}:/home/ironie/assignment3/install/assignment3:/opt/ros/jazzy DEBUGINFOD_URLS=https://debuginfod.ubuntu.com /usr/bin/cmake --build /home/ironie/HornetXII_sims/build/multibeam_sonar_system -- -j12 -l12
[5.700s] DEBUG:colcon.colcon_core.event_handler.log_command:Invoking command in '/home/ironie/HornetXII_sims/build/multibeam_sonar_system': CMAKE_PREFIX_PATH=${CMAKE_PREFIX_PATH}:/home/ironie/assignment3/install/assignment3:/opt/ros/jazzy DEBUGINFOD_URLS=https://debuginfod.ubuntu.com /usr/bin/cmake --install /home/ironie/HornetXII_sims/build/multibeam_sonar_system
[5.869s] Level 1:colcon.colcon_core.environment:create_environment_scripts_only(multibeam_sonar_system)
[5.870s] Level 1:colcon.colcon_core.environment:checking '/home/ironie/HornetXII_sims/install/multibeam_sonar_system' for CMake module files
[5.870s] DEBUG:colcon.colcon_core.event_handler.log_command:Invoked command in '/home/ironie/HornetXII_sims/build/multibeam_sonar_system' returned '0': CMAKE_PREFIX_PATH=${CMAKE_PREFIX_PATH}:/home/ironie/assignment3/install/assignment3:/opt/ros/jazzy DEBUGINFOD_URLS=https://debuginfod.ubuntu.com /usr/bin/cmake --install /home/ironie/HornetXII_sims/build/multibeam_sonar_system
[5.871s] Level 1:colcon.colcon_core.environment:checking '/home/ironie/HornetXII_sims/install/multibeam_sonar_system' for CMake config files
[5.872s] Level 1:colcon.colcon_core.shell:create_environment_hook('multibeam_sonar_system', 'cmake_prefix_path')
[5.872s] INFO:colcon.colcon_core.shell:Creating environment hook '/home/ironie/HornetXII_sims/install/multibeam_sonar_system/share/multibeam_sonar_system/hook/cmake_prefix_path.ps1'
[5.873s] INFO:colcon.colcon_core.shell:Creating environment descriptor '/home/ironie/HornetXII_sims/install/multibeam_sonar_system/share/multibeam_sonar_system/hook/cmake_prefix_path.dsv'
[5.874s] INFO:colcon.colcon_core.shell:Creating environment hook '/home/ironie/HornetXII_sims/install/multibeam_sonar_system/share/multibeam_sonar_system/hook/cmake_prefix_path.sh'
[5.874s] Level 1:colcon.colcon_core.environment:checking '/home/ironie/HornetXII_sims/install/multibeam_sonar_system/bin'
[5.874s] Level 1:colcon.colcon_core.environment:checking '/home/ironie/HornetXII_sims/install/multibeam_sonar_system/lib/pkgconfig/multibeam_sonar_system.pc'
[5.875s] Level 1:colcon.colcon_core.environment:checking '/home/ironie/HornetXII_sims/install/multibeam_sonar_system/lib/python3.12/site-packages'
[5.875s] Level 1:colcon.colcon_core.environment:checking '/home/ironie/HornetXII_sims/install/multibeam_sonar_system/bin'
[5.876s] INFO:colcon.colcon_core.shell:Creating package script '/home/ironie/HornetXII_sims/install/multibeam_sonar_system/share/multibeam_sonar_system/package.ps1'
[5.878s] INFO:colcon.colcon_core.shell:Creating package descriptor '/home/ironie/HornetXII_sims/install/multibeam_sonar_system/share/multibeam_sonar_system/package.dsv'
[5.879s] INFO:colcon.colcon_core.shell:Creating package script '/home/ironie/HornetXII_sims/install/multibeam_sonar_system/share/multibeam_sonar_system/package.sh'
[5.880s] INFO:colcon.colcon_core.shell:Creating package script '/home/ironie/HornetXII_sims/install/multibeam_sonar_system/share/multibeam_sonar_system/package.bash'
[5.881s] INFO:colcon.colcon_core.shell:Creating package script '/home/ironie/HornetXII_sims/install/multibeam_sonar_system/share/multibeam_sonar_system/package.zsh'
[5.882s] Level 1:colcon.colcon_core.environment:create_file_with_runtime_dependencies(/home/ironie/HornetXII_sims/install/multibeam_sonar_system/share/colcon-core/packages/multibeam_sonar_system)
[5.885s] Level 1:colcon.colcon_core.environment:create_environment_scripts_only(multibeam_sonar_system)
[5.885s] Level 1:colcon.colcon_core.environment:checking '/home/ironie/HornetXII_sims/install/multibeam_sonar_system' for CMake module files
[5.886s] Level 1:colcon.colcon_core.environment:checking '/home/ironie/HornetXII_sims/install/multibeam_sonar_system' for CMake config files
[5.886s] Level 1:colcon.colcon_core.shell:create_environment_hook('multibeam_sonar_system', 'cmake_prefix_path')
[5.886s] INFO:colcon.colcon_core.shell:Creating environment hook '/home/ironie/HornetXII_sims/install/multibeam_sonar_system/share/multibeam_sonar_system/hook/cmake_prefix_path.ps1'
[5.887s] INFO:colcon.colcon_core.shell:Creating environment descriptor '/home/ironie/HornetXII_sims/install/multibeam_sonar_system/share/multibeam_sonar_system/hook/cmake_prefix_path.dsv'
[5.887s] INFO:colcon.colcon_core.shell:Creating environment hook '/home/ironie/HornetXII_sims/install/multibeam_sonar_system/share/multibeam_sonar_system/hook/cmake_prefix_path.sh'
[5.888s] Level 1:colcon.colcon_core.environment:checking '/home/ironie/HornetXII_sims/install/multibeam_sonar_system/bin'
[5.888s] Level 1:colcon.colcon_core.environment:checking '/home/ironie/HornetXII_sims/install/multibeam_sonar_system/lib/pkgconfig/multibeam_sonar_system.pc'
[5.888s] Level 1:colcon.colcon_core.environment:checking '/home/ironie/HornetXII_sims/install/multibeam_sonar_system/lib/python3.12/site-packages'
[5.889s] Level 1:colcon.colcon_core.environment:checking '/home/ironie/HornetXII_sims/install/multibeam_sonar_system/bin'
[5.889s] INFO:colcon.colcon_core.shell:Creating package script '/home/ironie/HornetXII_sims/install/multibeam_sonar_system/share/multibeam_sonar_system/package.ps1'
[5.890s] INFO:colcon.colcon_core.shell:Creating package descriptor '/home/ironie/HornetXII_sims/install/multibeam_sonar_system/share/multibeam_sonar_system/package.dsv'
[5.890s] INFO:colcon.colcon_core.shell:Creating package script '/home/ironie/HornetXII_sims/install/multibeam_sonar_system/share/multibeam_sonar_system/package.sh'
[5.891s] INFO:colcon.colcon_core.shell:Creating package script '/home/ironie/HornetXII_sims/install/multibeam_sonar_system/share/multibeam_sonar_system/package.bash'
[5.892s] INFO:colcon.colcon_core.shell:Creating package script '/home/ironie/HornetXII_sims/install/multibeam_sonar_system/share/multibeam_sonar_system/package.zsh'
[5.893s] Level 1:colcon.colcon_core.environment:create_file_with_runtime_dependencies(/home/ironie/HornetXII_sims/install/multibeam_sonar_system/share/colcon-core/packages/multibeam_sonar_system)
[6.274s] DEBUG:colcon.colcon_core.event_handler.log_command:Invoked command in '/home/ironie/HornetXII_sims/build/dave_multibeam_sonar_demo' returned '0': CMAKE_PREFIX_PATH=${CMAKE_PREFIX_PATH}:/home/ironie/assignment3/install/assignment3:/opt/ros/jazzy DEBUGINFOD_URLS=https://debuginfod.ubuntu.com /usr/bin/cmake /home/ironie/HornetXII_sims/src/dave/gazebo/dave_gz_multibeam_sonar/multibeam_sonar_demo -DAMENT_CMAKE_SYMLINK_INSTALL=1 -DCMAKE_INSTALL_PREFIX=/home/ironie/HornetXII_sims/install/dave_multibeam_sonar_demo
[6.275s] DEBUG:colcon.colcon_core.event_handler.log_command:Invoking command in '/home/ironie/HornetXII_sims/build/dave_multibeam_sonar_demo': CMAKE_PREFIX_PATH=${CMAKE_PREFIX_PATH}:/home/ironie/assignment3/install/assignment3:/opt/ros/jazzy DEBUGINFOD_URLS=https://debuginfod.ubuntu.com /usr/bin/cmake --build /home/ironie/HornetXII_sims/build/dave_multibeam_sonar_demo -- -j12 -l12
[6.316s] DEBUG:colcon.colcon_core.event_handler.log_command:Invoked command in '/home/ironie/HornetXII_sims/build/dave_multibeam_sonar_demo' returned '0': CMAKE_PREFIX_PATH=${CMAKE_PREFIX_PATH}:/home/ironie/assignment3/install/assignment3:/opt/ros/jazzy DEBUGINFOD_URLS=https://debuginfod.ubuntu.com /usr/bin/cmake --build /home/ironie/HornetXII_sims/build/dave_multibeam_sonar_demo -- -j12 -l12
[6.319s] DEBUG:colcon.colcon_core.event_handler.log_command:Invoking command in '/home/ironie/HornetXII_sims/build/dave_multibeam_sonar_demo': CMAKE_PREFIX_PATH=${CMAKE_PREFIX_PATH}:/home/ironie/assignment3/install/assignment3:/opt/ros/jazzy DEBUGINFOD_URLS=https://debuginfod.ubuntu.com /usr/bin/cmake --install /home/ironie/HornetXII_sims/build/dave_multibeam_sonar_demo
[6.497s] Level 1:colcon.colcon_core.environment:create_environment_scripts_only(dave_multibeam_sonar_demo)
[6.497s] Level 1:colcon.colcon_core.environment:checking '/home/ironie/HornetXII_sims/install/dave_multibeam_sonar_demo' for CMake module files
[6.498s] DEBUG:colcon.colcon_core.event_handler.log_command:Invoked command in '/home/ironie/HornetXII_sims/build/dave_multibeam_sonar_demo' returned '0': CMAKE_PREFIX_PATH=${CMAKE_PREFIX_PATH}:/home/ironie/assignment3/install/assignment3:/opt/ros/jazzy DEBUGINFOD_URLS=https://debuginfod.ubuntu.com /usr/bin/cmake --install /home/ironie/HornetXII_sims/build/dave_multibeam_sonar_demo
[6.498s] Level 1:colcon.colcon_core.environment:checking '/home/ironie/HornetXII_sims/install/dave_multibeam_sonar_demo' for CMake config files
[6.499s] Level 1:colcon.colcon_core.shell:create_environment_hook('dave_multibeam_sonar_demo', 'cmake_prefix_path')
[6.499s] INFO:colcon.colcon_core.shell:Creating environment hook '/home/ironie/HornetXII_sims/install/dave_multibeam_sonar_demo/share/dave_multibeam_sonar_demo/hook/cmake_prefix_path.ps1'
[6.500s] INFO:colcon.colcon_core.shell:Creating environment descriptor '/home/ironie/HornetXII_sims/install/dave_multibeam_sonar_demo/share/dave_multibeam_sonar_demo/hook/cmake_prefix_path.dsv'
[6.500s] INFO:colcon.colcon_core.shell:Creating environment hook '/home/ironie/HornetXII_sims/install/dave_multibeam_sonar_demo/share/dave_multibeam_sonar_demo/hook/cmake_prefix_path.sh'
[6.501s] Level 1:colcon.colcon_core.environment:checking '/home/ironie/HornetXII_sims/install/dave_multibeam_sonar_demo/bin'
[6.501s] Level 1:colcon.colcon_core.environment:checking '/home/ironie/HornetXII_sims/install/dave_multibeam_sonar_demo/lib/pkgconfig/dave_multibeam_sonar_demo.pc'
[6.502s] Level 1:colcon.colcon_core.environment:checking '/home/ironie/HornetXII_sims/install/dave_multibeam_sonar_demo/lib/python3.12/site-packages'
[6.502s] Level 1:colcon.colcon_core.environment:checking '/home/ironie/HornetXII_sims/install/dave_multibeam_sonar_demo/bin'
[6.502s] INFO:colcon.colcon_core.shell:Creating package script '/home/ironie/HornetXII_sims/install/dave_multibeam_sonar_demo/share/dave_multibeam_sonar_demo/package.ps1'
[6.503s] INFO:colcon.colcon_core.shell:Creating package descriptor '/home/ironie/HornetXII_sims/install/dave_multibeam_sonar_demo/share/dave_multibeam_sonar_demo/package.dsv'
[6.504s] INFO:colcon.colcon_core.shell:Creating package script '/home/ironie/HornetXII_sims/install/dave_multibeam_sonar_demo/share/dave_multibeam_sonar_demo/package.sh'
[6.504s] INFO:colcon.colcon_core.shell:Creating package script '/home/ironie/HornetXII_sims/install/dave_multibeam_sonar_demo/share/dave_multibeam_sonar_demo/package.bash'
[6.505s] INFO:colcon.colcon_core.shell:Creating package script '/home/ironie/HornetXII_sims/install/dave_multibeam_sonar_demo/share/dave_multibeam_sonar_demo/package.zsh'
[6.505s] Level 1:colcon.colcon_core.environment:create_file_with_runtime_dependencies(/home/ironie/HornetXII_sims/install/dave_multibeam_sonar_demo/share/colcon-core/packages/dave_multibeam_sonar_demo)
[6.506s] Level 1:colcon.colcon_core.environment:create_environment_scripts_only(dave_multibeam_sonar_demo)
[6.507s] Level 1:colcon.colcon_core.environment:checking '/home/ironie/HornetXII_sims/install/dave_multibeam_sonar_demo' for CMake module files
[6.507s] Level 1:colcon.colcon_core.environment:checking '/home/ironie/HornetXII_sims/install/dave_multibeam_sonar_demo' for CMake config files
[6.507s] Level 1:colcon.colcon_core.shell:create_environment_hook('dave_multibeam_sonar_demo', 'cmake_prefix_path')
[6.508s] INFO:colcon.colcon_core.shell:Creating environment hook '/home/ironie/HornetXII_sims/install/dave_multibeam_sonar_demo/share/dave_multibeam_sonar_demo/hook/cmake_prefix_path.ps1'
[6.508s] INFO:colcon.colcon_core.shell:Creating environment descriptor '/home/ironie/HornetXII_sims/install/dave_multibeam_sonar_demo/share/dave_multibeam_sonar_demo/hook/cmake_prefix_path.dsv'
[6.509s] INFO:colcon.colcon_core.shell:Creating environment hook '/home/ironie/HornetXII_sims/install/dave_multibeam_sonar_demo/share/dave_multibeam_sonar_demo/hook/cmake_prefix_path.sh'
[6.509s] Level 1:colcon.colcon_core.environment:checking '/home/ironie/HornetXII_sims/install/dave_multibeam_sonar_demo/bin'
[6.509s] Level 1:colcon.colcon_core.environment:checking '/home/ironie/HornetXII_sims/install/dave_multibeam_sonar_demo/lib/pkgconfig/dave_multibeam_sonar_demo.pc'
[6.510s] Level 1:colcon.colcon_core.environment:checking '/home/ironie/HornetXII_sims/install/dave_multibeam_sonar_demo/lib/python3.12/site-packages'
[6.510s] Level 1:colcon.colcon_core.environment:checking '/home/ironie/HornetXII_sims/install/dave_multibeam_sonar_demo/bin'
[6.510s] INFO:colcon.colcon_core.shell:Creating package script '/home/ironie/HornetXII_sims/install/dave_multibeam_sonar_demo/share/dave_multibeam_sonar_demo/package.ps1'
[6.511s] INFO:colcon.colcon_core.shell:Creating package descriptor '/home/ironie/HornetXII_sims/install/dave_multibeam_sonar_demo/share/dave_multibeam_sonar_demo/package.dsv'
[6.511s] INFO:colcon.colcon_core.shell:Creating package script '/home/ironie/HornetXII_sims/install/dave_multibeam_sonar_demo/share/dave_multibeam_sonar_demo/package.sh'
[6.512s] INFO:colcon.colcon_core.shell:Creating package script '/home/ironie/HornetXII_sims/install/dave_multibeam_sonar_demo/share/dave_multibeam_sonar_demo/package.bash'
[6.513s] INFO:colcon.colcon_core.shell:Creating package script '/home/ironie/HornetXII_sims/install/dave_multibeam_sonar_demo/share/dave_multibeam_sonar_demo/package.zsh'
[6.513s] Level 1:colcon.colcon_core.environment:create_file_with_runtime_dependencies(/home/ironie/HornetXII_sims/install/dave_multibeam_sonar_demo/share/colcon-core/packages/dave_multibeam_sonar_demo)
[9.161s] DEBUG:colcon.colcon_core.event_handler.log_command:Invoked command in '/home/ironie/HornetXII_sims/build/dave_interfaces' returned '0': CMAKE_PREFIX_PATH=${CMAKE_PREFIX_PATH}:/home/ironie/assignment3/install/assignment3:/opt/ros/jazzy DEBUGINFOD_URLS=https://debuginfod.ubuntu.com /usr/bin/cmake /home/ironie/HornetXII_sims/src/dave/dave_interfaces -DAMENT_CMAKE_SYMLINK_INSTALL=1 -DCMAKE_INSTALL_PREFIX=/home/ironie/HornetXII_sims/install/dave_interfaces
[9.163s] DEBUG:colcon.colcon_core.event_handler.log_command:Invoking command in '/home/ironie/HornetXII_sims/build/dave_interfaces': CMAKE_PREFIX_PATH=${CMAKE_PREFIX_PATH}:/home/ironie/assignment3/install/assignment3:/opt/ros/jazzy DEBUGINFOD_URLS=https://debuginfod.ubuntu.com /usr/bin/cmake --build /home/ironie/HornetXII_sims/build/dave_interfaces -- -j12 -l12
[20.844s] DEBUG:colcon.colcon_core.event_handler.log_command:Invoked command in '/home/ironie/HornetXII_sims/build/auv_controls' returned '1': CMAKE_PREFIX_PATH=${CMAKE_PREFIX_PATH}:/home/ironie/assignment3/install/assignment3:/opt/ros/jazzy DEBUGINFOD_URLS=https://debuginfod.ubuntu.com /usr/bin/cmake /home/ironie/HornetXII_sims/src/auv_controls -DAMENT_CMAKE_SYMLINK_INSTALL=1 -DCMAKE_INSTALL_PREFIX=/home/ironie/HornetXII_sims/install/auv_controls
[20.885s] Level 1:colcon.colcon_core.environment:create_environment_scripts_only(auv_controls)
[20.885s] Level 1:colcon.colcon_core.environment:checking '/home/ironie/HornetXII_sims/install/auv_controls' for CMake module files
[20.886s] Level 1:colcon.colcon_core.environment:checking '/home/ironie/HornetXII_sims/install/auv_controls' for CMake config files
[20.886s] Level 1:colcon.colcon_core.environment:checking '/home/ironie/HornetXII_sims/install/auv_controls/bin'
[20.886s] Level 1:colcon.colcon_core.environment:checking '/home/ironie/HornetXII_sims/install/auv_controls/lib/pkgconfig/auv_controls.pc'
[20.886s] Level 1:colcon.colcon_core.environment:checking '/home/ironie/HornetXII_sims/install/auv_controls/lib/python3.12/site-packages'
[20.887s] Level 1:colcon.colcon_core.environment:checking '/home/ironie/HornetXII_sims/install/auv_controls/bin'
[20.887s] INFO:colcon.colcon_core.shell:Creating package script '/home/ironie/HornetXII_sims/install/auv_controls/share/auv_controls/package.ps1'
[20.889s] INFO:colcon.colcon_core.shell:Creating package descriptor '/home/ironie/HornetXII_sims/install/auv_controls/share/auv_controls/package.dsv'
[20.890s] INFO:colcon.colcon_core.shell:Creating package script '/home/ironie/HornetXII_sims/install/auv_controls/share/auv_controls/package.sh'
[20.891s] INFO:colcon.colcon_core.shell:Creating package script '/home/ironie/HornetXII_sims/install/auv_controls/share/auv_controls/package.bash'
[20.891s] INFO:colcon.colcon_core.shell:Creating package script '/home/ironie/HornetXII_sims/install/auv_controls/share/auv_controls/package.zsh'
[20.892s] Level 1:colcon.colcon_core.environment:create_file_with_runtime_dependencies(/home/ironie/HornetXII_sims/install/auv_controls/share/colcon-core/packages/auv_controls)
[26.238s] DEBUG:colcon.colcon_parallel_executor.executor.parallel:closing loop
[26.238s] DEBUG:colcon.colcon_parallel_executor.executor.parallel:loop closed
[26.238s] DEBUG:colcon.colcon_parallel_executor.executor.parallel:run_until_complete finished with '1'
[26.239s] DEBUG:colcon.colcon_core.event_reactor:joining thread
[26.308s] INFO:colcon.colcon_core.plugin_system:Skipping extension 'colcon_notification.desktop_notification.notify_send': Could not find 'notify-send'
[26.308s] INFO:colcon.colcon_core.plugin_system:Skipping extension 'colcon_notification.desktop_notification.terminal_notifier': Not used on non-Darwin systems
[26.308s] INFO:colcon.colcon_core.plugin_system:Skipping extension 'colcon_notification.desktop_notification.win32': Not used on non-Windows systems
[26.308s] INFO:colcon.colcon_notification.desktop_notification:Sending desktop notification using 'notify2'
[26.312s] DEBUG:colcon.colcon_notification.desktop_notification.notify2:Failed to initialize notify2: org.freedesktop.DBus.Error.ServiceUnknown: The name org.freedesktop.Notifications was not provided by any .service files
[26.312s] DEBUG:colcon.colcon_core.event_reactor:joined thread
[26.313s] INFO:colcon.colcon_core.shell:Creating prefix script '/home/ironie/HornetXII_sims/install/local_setup.ps1'
[26.314s] INFO:colcon.colcon_core.shell:Creating prefix util module '/home/ironie/HornetXII_sims/install/_local_setup_util_ps1.py'
[26.316s] INFO:colcon.colcon_core.shell:Creating prefix chain script '/home/ironie/HornetXII_sims/install/setup.ps1'
[26.318s] INFO:colcon.colcon_core.shell:Creating prefix script '/home/ironie/HornetXII_sims/install/local_setup.sh'
[26.318s] INFO:colcon.colcon_core.shell:Creating prefix util module '/home/ironie/HornetXII_sims/install/_local_setup_util_sh.py'
[26.319s] INFO:colcon.colcon_core.shell:Creating prefix chain script '/home/ironie/HornetXII_sims/install/setup.sh'
[26.320s] INFO:colcon.colcon_core.shell:Creating prefix script '/home/ironie/HornetXII_sims/install/local_setup.bash'
[26.321s] INFO:colcon.colcon_core.shell:Creating prefix chain script '/home/ironie/HornetXII_sims/install/setup.bash'
[26.323s] INFO:colcon.colcon_core.shell:Creating prefix script '/home/ironie/HornetXII_sims/install/local_setup.zsh'
[26.324s] INFO:colcon.colcon_core.shell:Creating prefix chain script '/home/ironie/HornetXII_sims/install/setup.zsh'
